S,D,SD,seed,miss,method,rho,top_misrank
0.0,0.5,0.0,0,biased,avg,1.0,0
0.0,0.5,0.0,0,biased,irt,1.0,0
0.0,0.5,0.0,0,mcar,avg,1.0,0
0.0,0.5,0.0,1,biased,avg,1.0,0
0.0,0.5,0.0,1,biased,irt,1.0,0
0.0,0.5,0.0,1,mcar,avg,1.0,0
0.0,0.5,0.0,2,biased,avg,1.0,0
0.0,0.5,0.0,2,biased,irt,1.0,0
0.0,0.5,0.0,2,mcar,avg,1.0,0
0.0,0.5,0.0,3,biased,avg,1.0,0
0.0,0.5,0.0,3,biased,irt,1.0,0
0.0,0.5,0.0,3,mcar,avg,1.0,0
0.0,0.5,0.0,4,biased,avg,1.0,0
0.0,0.5,0.0,4,biased,irt,1.0,0
0.0,0.5,0.0,4,mcar,avg,1.0,0
0.0,0.5,0.0,5,biased,avg,1.0,0
0.0,0.5,0.0,5,biased,irt,1.0,0
0.0,0.5,0.0,5,mcar,avg,1.0,0
0.0,0.5,0.0,6,biased,avg,1.0,0
0.0,0.5,0.0,6,biased,irt,1.0,0
0.0,0.5,0.0,6,mcar,avg,1.0,0
0.0,0.5,0.0,7,biased,avg,1.0,0
0.0,0.5,0.0,7,biased,irt,1.0,0
0.0,0.5,0.0,7,mcar,avg,1.0,0
0.0,0.5,0.0,8,biased,avg,1.0,0
0.0,0.5,0.0,8,biased,irt,1.0,0
0.0,0.5,0.0,8,mcar,avg,1.0,0
0.0,0.5,0.0,9,biased,avg,1.0,0
0.0,0.5,0.0,9,biased,irt,1.0,0
0.0,0.5,0.0,9,mcar,avg,1.0,0
0.0,0.5,0.0,10,biased,avg,1.0,0
0.0,0.5,0.0,10,biased,irt,1.0,0
0.0,0.5,0.0,10,mcar,avg,1.0,0
0.0,0.5,0.0,11,biased,avg,1.0,0
0.0,0.5,0.0,11,biased,irt,1.0,0
0.0,0.5,0.0,11,mcar,avg,1.0,0
0.0,0.5,0.0,12,biased,avg,1.0,0
0.0,0.5,0.0,12,biased,irt,1.0,0
0.0,0.5,0.0,12,mcar,avg,1.0,0
0.0,0.5,0.0,13,biased,avg,1.0,0
0.0,0.5,0.0,13,biased,irt,1.0,0
0.0,0.5,0.0,13,mcar,avg,1.0,0
0.0,0.5,0.0,14,biased,avg,1.0,0
0.0,0.5,0.0,14,biased,irt,1.0,0
0.0,0.5,0.0,14,mcar,avg,1.0,0
0.0,1.0,0.0,0,biased,avg,1.0,0
0.0,1.0,0.0,0,biased,irt,1.0,0
0.0,1.0,0.0,0,mcar,avg,1.0,0
0.0,1.0,0.0,1,biased,avg,1.0,0
0.0,1.0,0.0,1,biased,irt,1.0,0
0.0,1.0,0.0,1,mcar,avg,1.0,0
0.0,1.0,0.0,2,biased,avg,1.0,0
0.0,1.0,0.0,2,biased,irt,1.0,0
0.0,1.0,0.0,2,mcar,avg,1.0,0
0.0,1.0,0.0,3,biased,avg,1.0,0
0.0,1.0,0.0,3,biased,irt,1.0,0
0.0,1.0,0.0,3,mcar,avg,1.0,0
0.0,1.0,0.0,4,biased,avg,1.0,0
0.0,1.0,0.0,4,biased,irt,1.0,0
0.0,1.0,0.0,4,mcar,avg,1.0,0
0.0,1.0,0.0,5,biased,avg,1.0,0
0.0,1.0,0.0,5,biased,irt,1.0,0
0.0,1.0,0.0,5,mcar,avg,1.0,0
0.0,1.0,0.0,6,biased,avg,1.0,0
0.0,1.0,0.0,6,biased,irt,1.0,0
0.0,1.0,0.0,6,mcar,avg,1.0,0
0.0,1.0,0.0,7,biased,avg,1.0,0
0.0,1.0,0.0,7,biased,irt,1.0,0
0.0,1.0,0.0,7,mcar,avg,1.0,0
0.0,1.0,0.0,8,biased,avg,1.0,0
0.0,1.0,0.0,8,biased,irt,1.0,0
0.0,1.0,0.0,8,mcar,avg,1.0,0
0.0,1.0,0.0,9,biased,avg,1.0,0
0.0,1.0,0.0,9,biased,irt,1.0,0
0.0,1.0,0.0,9,mcar,avg,1.0,0
0.0,1.0,0.0,10,biased,avg,1.0,0
0.0,1.0,0.0,10,biased,irt,1.0,0
0.0,1.0,0.0,10,mcar,avg,1.0,0
0.0,1.0,0.0,11,biased,avg,1.0,0
0.0,1.0,0.0,11,biased,irt,1.0,0
0.0,1.0,0.0,11,mcar,avg,1.0,0
0.0,1.0,0.0,12,biased,avg,1.0,0
0.0,1.0,0.0,12,biased,irt,1.0,0
0.0,1.0,0.0,12,mcar,avg,1.0,0
0.0,1.0,0.0,13,biased,avg,1.0,0
0.0,1.0,0.0,13,biased,irt,1.0,0
0.0,1.0,0.0,13,mcar,avg,1.0,0
0.0,1.0,0.0,14,biased,avg,1.0,0
0.0,1.0,0.0,14,biased,irt,1.0,0
0.0,1.0,0.0,14,mcar,avg,1.0,0
0.0,1.5,0.0,0,biased,avg,1.0,0
0.0,1.5,0.0,0,biased,irt,1.0,0
0.0,1.5,0.0,0,mcar,avg,1.0,0
0.0,1.5,0.0,1,biased,avg,1.0,0
0.0,1.5,0.0,1,biased,irt,1.0,0
0.0,1.5,0.0,1,mcar,avg,1.0,0
0.0,1.5,0.0,2,biased,avg,1.0,0
0.0,1.5,0.0,2,biased,irt,1.0,0
0.0,1.5,0.0,2,mcar,avg,1.0,0
0.0,1.5,0.0,3,biased,avg,1.0,0
0.0,1.5,0.0,3,biased,irt,1.0,0
0.0,1.5,0.0,3,mcar,avg,1.0,0
0.0,1.5,0.0,4,biased,avg,1.0,0
0.0,1.5,0.0,4,biased,irt,1.0,0
0.0,1.5,0.0,4,mcar,avg,1.0,0
0.0,1.5,0.0,5,biased,avg,1.0,0
0.0,1.5,0.0,5,biased,irt,1.0,0
0.0,1.5,0.0,5,mcar,avg,1.0,0
0.0,1.5,0.0,6,biased,avg,1.0,0
0.0,1.5,0.0,6,biased,irt,1.0,0
0.0,1.5,0.0,6,mcar,avg,1.0,0
0.0,1.5,0.0,7,biased,avg,1.0,0
0.0,1.5,0.0,7,biased,irt,1.0,0
0.0,1.5,0.0,7,mcar,avg,1.0,0
0.0,1.5,0.0,8,biased,avg,1.0,0
0.0,1.5,0.0,8,biased,irt,1.0,0
0.0,1.5,0.0,8,mcar,avg,1.0,0
0.0,1.5,0.0,9,biased,avg,1.0,0
0.0,1.5,0.0,9,biased,irt,1.0,0
0.0,1.5,0.0,9,mcar,avg,1.0,0
0.0,1.5,0.0,10,biased,avg,1.0,0
0.0,1.5,0.0,10,biased,irt,1.0,0
0.0,1.5,0.0,10,mcar,avg,1.0,0
0.0,1.5,0.0,11,biased,avg,1.0,0
0.0,1.5,0.0,11,biased,irt,1.0,0
0.0,1.5,0.0,11,mcar,avg,1.0,0
0.0,1.5,0.0,12,biased,avg,1.0,0
0.0,1.5,0.0,12,biased,irt,1.0,0
0.0,1.5,0.0,12,mcar,avg,1.0,0
0.0,1.5,0.0,13,biased,avg,1.0,0
0.0,1.5,0.0,13,biased,irt,1.0,0
0.0,1.5,0.0,13,mcar,avg,1.0,0
0.0,1.5,0.0,14,biased,avg,1.0,0
0.0,1.5,0.0,14,biased,irt,1.0,0
0.0,1.5,0.0,14,mcar,avg,1.0,0
0.0,2.0,0.0,0,biased,avg,1.0,0
0.0,2.0,0.0,0,biased,irt,1.0,0
0.0,2.0,0.0,0,mcar,avg,1.0,0
0.0,2.0,0.0,1,biased,avg,1.0,0
0.0,2.0,0.0,1,biased,irt,1.0,0
0.0,2.0,0.0,1,mcar,avg,1.0,0
0.0,2.0,0.0,2,biased,avg,1.0,0
0.0,2.0,0.0,2,biased,irt,1.0,0
0.0,2.0,0.0,2,mcar,avg,1.0,0
0.0,2.0,0.0,3,biased,avg,1.0,0
0.0,2.0,0.0,3,biased,irt,1.0,0
0.0,2.0,0.0,3,mcar,avg,1.0,0
0.0,2.0,0.0,4,biased,avg,1.0,0
0.0,2.0,0.0,4,biased,irt,1.0,0
0.0,2.0,0.0,4,mcar,avg,1.0,0
0.0,2.0,0.0,5,biased,avg,1.0,0
0.0,2.0,0.0,5,biased,irt,1.0,0
0.0,2.0,0.0,5,mcar,avg,1.0,0
0.0,2.0,0.0,6,biased,avg,1.0,0
0.0,2.0,0.0,6,biased,irt,1.0,0
0.0,2.0,0.0,6,mcar,avg,1.0,0
0.0,2.0,0.0,7,biased,avg,1.0,0
0.0,2.0,0.0,7,biased,irt,1.0,0
0.0,2.0,0.0,7,mcar,avg,1.0,0
0.0,2.0,0.0,8,biased,avg,1.0,0
0.0,2.0,0.0,8,biased,irt,1.0,0
0.0,2.0,0.0,8,mcar,avg,1.0,0
0.0,2.0,0.0,9,biased,avg,1.0,0
0.0,2.0,0.0,9,biased,irt,1.0,0
0.0,2.0,0.0,9,mcar,avg,1.0,0
0.0,2.0,0.0,10,biased,avg,1.0,0
0.0,2.0,0.0,10,biased,irt,1.0,0
0.0,2.0,0.0,10,mcar,avg,1.0,0
0.0,2.0,0.0,11,biased,avg,1.0,0
0.0,2.0,0.0,11,biased,irt,1.0,0
0.0,2.0,0.0,11,mcar,avg,1.0,0
0.0,2.0,0.0,12,biased,avg,1.0,0
0.0,2.0,0.0,12,biased,irt,1.0,0
0.0,2.0,0.0,12,mcar,avg,1.0,0
0.0,2.0,0.0,13,biased,avg,1.0,0
0.0,2.0,0.0,13,biased,irt,1.0,0
0.0,2.0,0.0,13,mcar,avg,1.0,0
0.0,2.0,0.0,14,biased,avg,1.0,0
0.0,2.0,0.0,14,biased,irt,1.0,0
0.0,2.0,0.0,14,mcar,avg,1.0,0
0.0,2.5,0.0,0,biased,avg,1.0,0
0.0,2.5,0.0,0,biased,irt,1.0,0
0.0,2.5,0.0,0,mcar,avg,1.0,0
0.0,2.5,0.0,1,biased,avg,1.0,0
0.0,2.5,0.0,1,biased,irt,1.0,0
0.0,2.5,0.0,1,mcar,avg,1.0,0
0.0,2.5,0.0,2,biased,avg,1.0,0
0.0,2.5,0.0,2,biased,irt,1.0,0
0.0,2.5,0.0,2,mcar,avg,1.0,0
0.0,2.5,0.0,3,biased,avg,1.0,0
0.0,2.5,0.0,3,biased,irt,1.0,0
0.0,2.5,0.0,3,mcar,avg,1.0,0
0.0,2.5,0.0,4,biased,avg,1.0,0
0.0,2.5,0.0,4,biased,irt,1.0,0
0.0,2.5,0.0,4,mcar,avg,1.0,0
0.0,2.5,0.0,5,biased,avg,1.0,0
0.0,2.5,0.0,5,biased,irt,1.0,0
0.0,2.5,0.0,5,mcar,avg,1.0,0
0.0,2.5,0.0,6,biased,avg,1.0,0
0.0,2.5,0.0,6,biased,irt,1.0,0
0.0,2.5,0.0,6,mcar,avg,1.0,0
0.0,2.5,0.0,7,biased,avg,1.0,0
0.0,2.5,0.0,7,biased,irt,1.0,0
0.0,2.5,0.0,7,mcar,avg,1.0,0
0.0,2.5,0.0,8,biased,avg,1.0,0
0.0,2.5,0.0,8,biased,irt,1.0,0
0.0,2.5,0.0,8,mcar,avg,1.0,0
0.0,2.5,0.0,9,biased,avg,1.0,0
0.0,2.5,0.0,9,biased,irt,1.0,0
0.0,2.5,0.0,9,mcar,avg,1.0,0
0.0,2.5,0.0,10,biased,avg,1.0,0
0.0,2.5,0.0,10,biased,irt,1.0,0
0.0,2.5,0.0,10,mcar,avg,1.0,0
0.0,2.5,0.0,11,biased,avg,1.0,0
0.0,2.5,0.0,11,biased,irt,1.0,0
0.0,2.5,0.0,11,mcar,avg,1.0,0
0.0,2.5,0.0,12,biased,avg,1.0,0
0.0,2.5,0.0,12,biased,irt,1.0,0
0.0,2.5,0.0,12,mcar,avg,1.0,0
0.0,2.5,0.0,13,biased,avg,1.0,0
0.0,2.5,0.0,13,biased,irt,1.0,0
0.0,2.5,0.0,13,mcar,avg,1.0,0
0.0,2.5,0.0,14,biased,avg,1.0,0
0.0,2.5,0.0,14,biased,irt,1.0,0
0.0,2.5,0.0,14,mcar,avg,1.0,0
0.0,3.0,0.0,0,biased,avg,1.0,0
0.0,3.0,0.0,0,biased,irt,1.0,0
0.0,3.0,0.0,0,mcar,avg,1.0,0
0.0,3.0,0.0,1,biased,avg,1.0,0
0.0,3.0,0.0,1,biased,irt,1.0,0
0.0,3.0,0.0,1,mcar,avg,1.0,0
0.0,3.0,0.0,2,biased,avg,1.0,0
0.0,3.0,0.0,2,biased,irt,1.0,0
0.0,3.0,0.0,2,mcar,avg,1.0,0
0.0,3.0,0.0,3,biased,avg,1.0,0
0.0,3.0,0.0,3,biased,irt,1.0,0
0.0,3.0,0.0,3,mcar,avg,1.0,0
0.0,3.0,0.0,4,biased,avg,1.0,0
0.0,3.0,0.0,4,biased,irt,1.0,0
0.0,3.0,0.0,4,mcar,avg,1.0,0
0.0,3.0,0.0,5,biased,avg,1.0,0
0.0,3.0,0.0,5,biased,irt,1.0,0
0.0,3.0,0.0,5,mcar,avg,1.0,0
0.0,3.0,0.0,6,biased,avg,1.0,0
0.0,3.0,0.0,6,biased,irt,1.0,0
0.0,3.0,0.0,6,mcar,avg,1.0,0
0.0,3.0,0.0,7,biased,avg,1.0,0
0.0,3.0,0.0,7,biased,irt,1.0,0
0.0,3.0,0.0,7,mcar,avg,1.0,0
0.0,3.0,0.0,8,biased,avg,1.0,0
0.0,3.0,0.0,8,biased,irt,1.0,0
0.0,3.0,0.0,8,mcar,avg,1.0,0
0.0,3.0,0.0,9,biased,avg,1.0,0
0.0,3.0,0.0,9,biased,irt,1.0,0
0.0,3.0,0.0,9,mcar,avg,1.0,0
0.0,3.0,0.0,10,biased,avg,1.0,0
0.0,3.0,0.0,10,biased,irt,1.0,0
0.0,3.0,0.0,10,mcar,avg,1.0,0
0.0,3.0,0.0,11,biased,avg,1.0,0
0.0,3.0,0.0,11,biased,irt,1.0,0
0.0,3.0,0.0,11,mcar,avg,1.0,0
0.0,3.0,0.0,12,biased,avg,1.0,0
0.0,3.0,0.0,12,biased,irt,1.0,0
0.0,3.0,0.0,12,mcar,avg,1.0,0
0.0,3.0,0.0,13,biased,avg,1.0,0
0.0,3.0,0.0,13,biased,irt,1.0,0
0.0,3.0,0.0,13,mcar,avg,1.0,0
0.0,3.0,0.0,14,biased,avg,1.0,0
0.0,3.0,0.0,14,biased,irt,1.0,0
0.0,3.0,0.0,14,mcar,avg,1.0,0
0.0,3.5,0.0,0,biased,avg,1.0,0
0.0,3.5,0.0,0,biased,irt,1.0,0
0.0,3.5,0.0,0,mcar,avg,1.0,0
0.0,3.5,0.0,1,biased,avg,1.0,0
0.0,3.5,0.0,1,biased,irt,1.0,0
0.0,3.5,0.0,1,mcar,avg,1.0,0
0.0,3.5,0.0,2,biased,avg,1.0,0
0.0,3.5,0.0,2,biased,irt,1.0,0
0.0,3.5,0.0,2,mcar,avg,1.0,0
0.0,3.5,0.0,3,biased,avg,1.0,0
0.0,3.5,0.0,3,biased,irt,1.0,0
0.0,3.5,0.0,3,mcar,avg,1.0,0
0.0,3.5,0.0,4,biased,avg,1.0,0
0.0,3.5,0.0,4,biased,irt,1.0,0
0.0,3.5,0.0,4,mcar,avg,1.0,0
0.0,3.5,0.0,5,biased,avg,1.0,0
0.0,3.5,0.0,5,biased,irt,1.0,0
0.0,3.5,0.0,5,mcar,avg,1.0,0
0.0,3.5,0.0,6,biased,avg,1.0,0
0.0,3.5,0.0,6,biased,irt,1.0,0
0.0,3.5,0.0,6,mcar,avg,1.0,0
0.0,3.5,0.0,7,biased,avg,1.0,0
0.0,3.5,0.0,7,biased,irt,1.0,0
0.0,3.5,0.0,7,mcar,avg,1.0,0
0.0,3.5,0.0,8,biased,avg,1.0,0
0.0,3.5,0.0,8,biased,irt,1.0,0
0.0,3.5,0.0,8,mcar,avg,1.0,0
0.0,3.5,0.0,9,biased,avg,1.0,0
0.0,3.5,0.0,9,biased,irt,1.0,0
0.0,3.5,0.0,9,mcar,avg,1.0,0
0.0,3.5,0.0,10,biased,avg,1.0,0
0.0,3.5,0.0,10,biased,irt,1.0,0
0.0,3.5,0.0,10,mcar,avg,1.0,0
0.0,3.5,0.0,11,biased,avg,1.0,0
0.0,3.5,0.0,11,biased,irt,1.0,0
0.0,3.5,0.0,11,mcar,avg,1.0,0
0.0,3.5,0.0,12,biased,avg,1.0,0
0.0,3.5,0.0,12,biased,irt,1.0,0
0.0,3.5,0.0,12,mcar,avg,1.0,0
0.0,3.5,0.0,13,biased,avg,1.0,0
0.0,3.5,0.0,13,biased,irt,1.0,0
0.0,3.5,0.0,13,mcar,avg,1.0,0
0.0,3.5,0.0,14,biased,avg,1.0,0
0.0,3.5,0.0,14,biased,irt,1.0,0
0.0,3.5,0.0,14,mcar,avg,1.0,0
0.0,4.0,0.0,0,biased,avg,1.0,0
0.0,4.0,0.0,0,biased,irt,1.0,0
0.0,4.0,0.0,0,mcar,avg,1.0,0
0.0,4.0,0.0,1,biased,avg,1.0,0
0.0,4.0,0.0,1,biased,irt,1.0,0
0.0,4.0,0.0,1,mcar,avg,1.0,0
0.0,4.0,0.0,2,biased,avg,1.0,0
0.0,4.0,0.0,2,biased,irt,1.0,0
0.0,4.0,0.0,2,mcar,avg,1.0,0
0.0,4.0,0.0,3,biased,avg,1.0,0
0.0,4.0,0.0,3,biased,irt,1.0,0
0.0,4.0,0.0,3,mcar,avg,1.0,0
0.0,4.0,0.0,4,biased,avg,1.0,0
0.0,4.0,0.0,4,biased,irt,1.0,0
0.0,4.0,0.0,4,mcar,avg,1.0,0
0.0,4.0,0.0,5,biased,avg,1.0,0
0.0,4.0,0.0,5,biased,irt,1.0,0
0.0,4.0,0.0,5,mcar,avg,1.0,0
0.0,4.0,0.0,6,biased,avg,1.0,0
0.0,4.0,0.0,6,biased,irt,1.0,0
0.0,4.0,0.0,6,mcar,avg,1.0,0
0.0,4.0,0.0,7,biased,avg,1.0,0
0.0,4.0,0.0,7,biased,irt,1.0,0
0.0,4.0,0.0,7,mcar,avg,1.0,0
0.0,4.0,0.0,8,biased,avg,1.0,0
0.0,4.0,0.0,8,biased,irt,1.0,0
0.0,4.0,0.0,8,mcar,avg,1.0,0
0.0,4.0,0.0,9,biased,avg,1.0,0
0.0,4.0,0.0,9,biased,irt,1.0,0
0.0,4.0,0.0,9,mcar,avg,1.0,0
0.0,4.0,0.0,10,biased,avg,1.0,0
0.0,4.0,0.0,10,biased,irt,1.0,0
0.0,4.0,0.0,10,mcar,avg,1.0,0
0.0,4.0,0.0,11,biased,avg,1.0,0
0.0,4.0,0.0,11,biased,irt,1.0,0
0.0,4.0,0.0,11,mcar,avg,1.0,0
0.0,4.0,0.0,12,biased,avg,1.0,0
0.0,4.0,0.0,12,biased,irt,1.0,0
0.0,4.0,0.0,12,mcar,avg,1.0,0
0.0,4.0,0.0,13,biased,avg,1.0,0
0.0,4.0,0.0,13,biased,irt,1.0,0
0.0,4.0,0.0,13,mcar,avg,1.0,0
0.0,4.0,0.0,14,biased,avg,1.0,0
0.0,4.0,0.0,14,biased,irt,1.0,0
0.0,4.0,0.0,14,mcar,avg,1.0,0
0.0,4.5,0.0,0,biased,avg,1.0,0
0.0,4.5,0.0,0,biased,irt,1.0,0
0.0,4.5,0.0,0,mcar,avg,1.0,0
0.0,4.5,0.0,1,biased,avg,1.0,0
0.0,4.5,0.0,1,biased,irt,1.0,0
0.0,4.5,0.0,1,mcar,avg,1.0,0
0.0,4.5,0.0,2,biased,avg,1.0,0
0.0,4.5,0.0,2,biased,irt,1.0,0
0.0,4.5,0.0,2,mcar,avg,1.0,0
0.0,4.5,0.0,3,biased,avg,1.0,0
0.0,4.5,0.0,3,biased,irt,1.0,0
0.0,4.5,0.0,3,mcar,avg,1.0,0
0.0,4.5,0.0,4,biased,avg,1.0,0
0.0,4.5,0.0,4,biased,irt,1.0,0
0.0,4.5,0.0,4,mcar,avg,1.0,0
0.0,4.5,0.0,5,biased,avg,1.0,0
0.0,4.5,0.0,5,biased,irt,1.0,0
0.0,4.5,0.0,5,mcar,avg,1.0,0
0.0,4.5,0.0,6,biased,avg,1.0,0
0.0,4.5,0.0,6,biased,irt,1.0,0
0.0,4.5,0.0,6,mcar,avg,1.0,0
0.0,4.5,0.0,7,biased,avg,1.0,0
0.0,4.5,0.0,7,biased,irt,1.0,0
0.0,4.5,0.0,7,mcar,avg,1.0,0
0.0,4.5,0.0,8,biased,avg,1.0,0
0.0,4.5,0.0,8,biased,irt,1.0,0
0.0,4.5,0.0,8,mcar,avg,1.0,0
0.0,4.5,0.0,9,biased,avg,1.0,0
0.0,4.5,0.0,9,biased,irt,1.0,0
0.0,4.5,0.0,9,mcar,avg,1.0,0
0.0,4.5,0.0,10,biased,avg,1.0,0
0.0,4.5,0.0,10,biased,irt,1.0,0
0.0,4.5,0.0,10,mcar,avg,1.0,0
0.0,4.5,0.0,11,biased,avg,1.0,0
0.0,4.5,0.0,11,biased,irt,1.0,0
0.0,4.5,0.0,11,mcar,avg,1.0,0
0.0,4.5,0.0,12,biased,avg,1.0,0
0.0,4.5,0.0,12,biased,irt,1.0,0
0.0,4.5,0.0,12,mcar,avg,1.0,0
0.0,4.5,0.0,13,biased,avg,1.0,0
0.0,4.5,0.0,13,biased,irt,1.0,0
0.0,4.5,0.0,13,mcar,avg,1.0,0
0.0,4.5,0.0,14,biased,avg,1.0,0
0.0,4.5,0.0,14,biased,irt,1.0,0
0.0,4.5,0.0,14,mcar,avg,1.0,0
0.0,5.0,0.0,0,biased,avg,1.0,0
0.0,5.0,0.0,0,biased,irt,1.0,0
0.0,5.0,0.0,0,mcar,avg,1.0,0
0.0,5.0,0.0,1,biased,avg,1.0,0
0.0,5.0,0.0,1,biased,irt,1.0,0
0.0,5.0,0.0,1,mcar,avg,1.0,0
0.0,5.0,0.0,2,biased,avg,1.0,0
0.0,5.0,0.0,2,biased,irt,1.0,0
0.0,5.0,0.0,2,mcar,avg,1.0,0
0.0,5.0,0.0,3,biased,avg,1.0,0
0.0,5.0,0.0,3,biased,irt,1.0,0
0.0,5.0,0.0,3,mcar,avg,1.0,0
0.0,5.0,0.0,4,biased,avg,1.0,0
0.0,5.0,0.0,4,biased,irt,1.0,0
0.0,5.0,0.0,4,mcar,avg,1.0,0
0.0,5.0,0.0,5,biased,avg,1.0,0
0.0,5.0,0.0,5,biased,irt,1.0,0
0.0,5.0,0.0,5,mcar,avg,1.0,0
0.0,5.0,0.0,6,biased,avg,1.0,0
0.0,5.0,0.0,6,biased,irt,1.0,0
0.0,5.0,0.0,6,mcar,avg,1.0,0
0.0,5.0,0.0,7,biased,avg,1.0,0
0.0,5.0,0.0,7,biased,irt,1.0,0
0.0,5.0,0.0,7,mcar,avg,1.0,0
0.0,5.0,0.0,8,biased,avg,1.0,0
0.0,5.0,0.0,8,biased,irt,1.0,0
0.0,5.0,0.0,8,mcar,avg,1.0,0
0.0,5.0,0.0,9,biased,avg,1.0,0
0.0,5.0,0.0,9,biased,irt,1.0,0
0.0,5.0,0.0,9,mcar,avg,1.0,0
0.0,5.0,0.0,10,biased,avg,1.0,0
0.0,5.0,0.0,10,biased,irt,1.0,0
0.0,5.0,0.0,10,mcar,avg,1.0,0
0.0,5.0,0.0,11,biased,avg,1.0,0
0.0,5.0,0.0,11,biased,irt,1.0,0
0.0,5.0,0.0,11,mcar,avg,1.0,0
0.0,5.0,0.0,12,biased,avg,1.0,0
0.0,5.0,0.0,12,biased,irt,1.0,0
0.0,5.0,0.0,12,mcar,avg,1.0,0
0.0,5.0,0.0,13,biased,avg,1.0,0
0.0,5.0,0.0,13,biased,irt,1.0,0
0.0,5.0,0.0,13,mcar,avg,1.0,0
0.0,5.0,0.0,14,biased,avg,1.0,0
0.0,5.0,0.0,14,biased,irt,1.0,0
0.0,5.0,0.0,14,mcar,avg,1.0,0
0.05,0.5,0.025,0,biased,avg,1.0,0
0.05,0.5,0.025,0,biased,irt,1.0,0
0.05,0.5,0.025,0,mcar,avg,1.0,0
0.05,0.5,0.025,1,biased,avg,1.0,0
0.05,0.5,0.025,1,biased,irt,1.0,0
0.05,0.5,0.025,1,mcar,avg,1.0,0
0.05,0.5,0.025,2,biased,avg,1.0,0
0.05,0.5,0.025,2,biased,irt,1.0,0
0.05,0.5,0.025,2,mcar,avg,1.0,0
0.05,0.5,0.025,3,biased,avg,1.0,0
0.05,0.5,0.025,3,biased,irt,1.0,0
0.05,0.5,0.025,3,mcar,avg,1.0,0
0.05,0.5,0.025,4,biased,avg,0.9879,0
0.05,0.5,0.025,4,biased,irt,1.0,0
0.05,0.5,0.025,4,mcar,avg,1.0,0
0.05,0.5,0.025,5,biased,avg,1.0,0
0.05,0.5,0.025,5,biased,irt,1.0,0
0.05,0.5,0.025,5,mcar,avg,1.0,0
0.05,0.5,0.025,6,biased,avg,1.0,0
0.05,0.5,0.025,6,biased,irt,1.0,0
0.05,0.5,0.025,6,mcar,avg,1.0,0
0.05,0.5,0.025,7,biased,avg,1.0,0
0.05,0.5,0.025,7,biased,irt,1.0,0
0.05,0.5,0.025,7,mcar,avg,1.0,0
0.05,0.5,0.025,8,biased,avg,1.0,0
0.05,0.5,0.025,8,biased,irt,1.0,0
0.05,0.5,0.025,8,mcar,avg,1.0,0
0.05,0.5,0.025,9,biased,avg,1.0,0
0.05,0.5,0.025,9,biased,irt,1.0,0
0.05,0.5,0.025,9,mcar,avg,1.0,0
0.05,0.5,0.025,10,biased,avg,1.0,0
0.05,0.5,0.025,10,biased,irt,1.0,0
0.05,0.5,0.025,10,mcar,avg,1.0,0
0.05,0.5,0.025,11,biased,avg,1.0,0
0.05,0.5,0.025,11,biased,irt,1.0,0
0.05,0.5,0.025,11,mcar,avg,1.0,0
0.05,0.5,0.025,12,biased,avg,1.0,0
0.05,0.5,0.025,12,biased,irt,1.0,0
0.05,0.5,0.025,12,mcar,avg,1.0,0
0.05,0.5,0.025,13,biased,avg,1.0,0
0.05,0.5,0.025,13,biased,irt,1.0,0
0.05,0.5,0.025,13,mcar,avg,1.0,0
0.05,0.5,0.025,14,biased,avg,1.0,0
0.05,0.5,0.025,14,biased,irt,1.0,0
0.05,0.5,0.025,14,mcar,avg,1.0,0
0.05,1.0,0.05,0,biased,avg,1.0,0
0.05,1.0,0.05,0,biased,irt,1.0,0
0.05,1.0,0.05,0,mcar,avg,1.0,0
0.05,1.0,0.05,1,biased,avg,1.0,0
0.05,1.0,0.05,1,biased,irt,1.0,0
0.05,1.0,0.05,1,mcar,avg,1.0,0
0.05,1.0,0.05,2,biased,avg,1.0,0
0.05,1.0,0.05,2,biased,irt,1.0,0
0.05,1.0,0.05,2,mcar,avg,1.0,0
0.05,1.0,0.05,3,biased,avg,1.0,0
0.05,1.0,0.05,3,biased,irt,1.0,0
0.05,1.0,0.05,3,mcar,avg,1.0,0
0.05,1.0,0.05,4,biased,avg,1.0,0
0.05,1.0,0.05,4,biased,irt,1.0,0
0.05,1.0,0.05,4,mcar,avg,1.0,0
0.05,1.0,0.05,5,biased,avg,1.0,0
0.05,1.0,0.05,5,biased,irt,1.0,0
0.05,1.0,0.05,5,mcar,avg,1.0,0
0.05,1.0,0.05,6,biased,avg,1.0,0
0.05,1.0,0.05,6,biased,irt,1.0,0
0.05,1.0,0.05,6,mcar,avg,1.0,0
0.05,1.0,0.05,7,biased,avg,1.0,0
0.05,1.0,0.05,7,biased,irt,1.0,0
0.05,1.0,0.05,7,mcar,avg,1.0,0
0.05,1.0,0.05,8,biased,avg,1.0,0
0.05,1.0,0.05,8,biased,irt,1.0,0
0.05,1.0,0.05,8,mcar,avg,1.0,0
0.05,1.0,0.05,9,biased,avg,1.0,0
0.05,1.0,0.05,9,biased,irt,1.0,0
0.05,1.0,0.05,9,mcar,avg,1.0,0
0.05,1.0,0.05,10,biased,avg,1.0,0
0.05,1.0,0.05,10,biased,irt,1.0,0
0.05,1.0,0.05,10,mcar,avg,1.0,0
0.05,1.0,0.05,11,biased,avg,1.0,0
0.05,1.0,0.05,11,biased,irt,1.0,0
0.05,1.0,0.05,11,mcar,avg,1.0,0
0.05,1.0,0.05,12,biased,avg,1.0,0
0.05,1.0,0.05,12,biased,irt,1.0,0
0.05,1.0,0.05,12,mcar,avg,1.0,0
0.05,1.0,0.05,13,biased,avg,1.0,0
0.05,1.0,0.05,13,biased,irt,1.0,0
0.05,1.0,0.05,13,mcar,avg,1.0,0
0.05,1.0,0.05,14,biased,avg,1.0,0
0.05,1.0,0.05,14,biased,irt,1.0,0
0.05,1.0,0.05,14,mcar,avg,1.0,0
0.05,1.5,0.075,0,biased,avg,1.0,0
0.05,1.5,0.075,0,biased,irt,1.0,0
0.05,1.5,0.075,0,mcar,avg,1.0,0
0.05,1.5,0.075,1,biased,avg,1.0,0
0.05,1.5,0.075,1,biased,irt,1.0,0
0.05,1.5,0.075,1,mcar,avg,1.0,0
0.05,1.5,0.075,2,biased,avg,1.0,0
0.05,1.5,0.075,2,biased,irt,1.0,0
0.05,1.5,0.075,2,mcar,avg,1.0,0
0.05,1.5,0.075,3,biased,avg,1.0,0
0.05,1.5,0.075,3,biased,irt,1.0,0
0.05,1.5,0.075,3,mcar,avg,1.0,0
0.05,1.5,0.075,4,biased,avg,1.0,0
0.05,1.5,0.075,4,biased,irt,1.0,0
0.05,1.5,0.075,4,mcar,avg,1.0,0
0.05,1.5,0.075,5,biased,avg,1.0,0
0.05,1.5,0.075,5,biased,irt,1.0,0
0.05,1.5,0.075,5,mcar,avg,1.0,0
0.05,1.5,0.075,6,biased,avg,1.0,0
0.05,1.5,0.075,6,biased,irt,1.0,0
0.05,1.5,0.075,6,mcar,avg,1.0,0
0.05,1.5,0.075,7,biased,avg,1.0,0
0.05,1.5,0.075,7,biased,irt,1.0,0
0.05,1.5,0.075,7,mcar,avg,1.0,0
0.05,1.5,0.075,8,biased,avg,1.0,0
0.05,1.5,0.075,8,biased,irt,1.0,0
0.05,1.5,0.075,8,mcar,avg,1.0,0
0.05,1.5,0.075,9,biased,avg,1.0,0
0.05,1.5,0.075,9,biased,irt,1.0,0
0.05,1.5,0.075,9,mcar,avg,1.0,0
0.05,1.5,0.075,10,biased,avg,1.0,0
0.05,1.5,0.075,10,biased,irt,1.0,0
0.05,1.5,0.075,10,mcar,avg,1.0,0
0.05,1.5,0.075,11,biased,avg,1.0,0
0.05,1.5,0.075,11,biased,irt,1.0,0
0.05,1.5,0.075,11,mcar,avg,1.0,0
0.05,1.5,0.075,12,biased,avg,1.0,0
0.05,1.5,0.075,12,biased,irt,1.0,0
0.05,1.5,0.075,12,mcar,avg,1.0,0
0.05,1.5,0.075,13,biased,avg,1.0,0
0.05,1.5,0.075,13,biased,irt,1.0,0
0.05,1.5,0.075,13,mcar,avg,1.0,0
0.05,1.5,0.075,14,biased,avg,1.0,0
0.05,1.5,0.075,14,biased,irt,1.0,0
0.05,1.5,0.075,14,mcar,avg,1.0,0
0.05,2.0,0.1,0,biased,avg,1.0,0
0.05,2.0,0.1,0,biased,irt,1.0,0
0.05,2.0,0.1,0,mcar,avg,1.0,0
0.05,2.0,0.1,1,biased,avg,1.0,0
0.05,2.0,0.1,1,biased,irt,1.0,0
0.05,2.0,0.1,1,mcar,avg,1.0,0
0.05,2.0,0.1,2,biased,avg,1.0,0
0.05,2.0,0.1,2,biased,irt,1.0,0
0.05,2.0,0.1,2,mcar,avg,1.0,0
0.05,2.0,0.1,3,biased,avg,1.0,0
0.05,2.0,0.1,3,biased,irt,1.0,0
0.05,2.0,0.1,3,mcar,avg,1.0,0
0.05,2.0,0.1,4,biased,avg,1.0,0
0.05,2.0,0.1,4,biased,irt,1.0,0
0.05,2.0,0.1,4,mcar,avg,1.0,0
0.05,2.0,0.1,5,biased,avg,1.0,0
0.05,2.0,0.1,5,biased,irt,1.0,0
0.05,2.0,0.1,5,mcar,avg,1.0,0
0.05,2.0,0.1,6,biased,avg,1.0,0
0.05,2.0,0.1,6,biased,irt,1.0,0
0.05,2.0,0.1,6,mcar,avg,1.0,0
0.05,2.0,0.1,7,biased,avg,1.0,0
0.05,2.0,0.1,7,biased,irt,1.0,0
0.05,2.0,0.1,7,mcar,avg,1.0,0
0.05,2.0,0.1,8,biased,avg,1.0,0
0.05,2.0,0.1,8,biased,irt,1.0,0
0.05,2.0,0.1,8,mcar,avg,1.0,0
0.05,2.0,0.1,9,biased,avg,1.0,0
0.05,2.0,0.1,9,biased,irt,1.0,0
0.05,2.0,0.1,9,mcar,avg,1.0,0
0.05,2.0,0.1,10,biased,avg,1.0,0
0.05,2.0,0.1,10,biased,irt,1.0,0
0.05,2.0,0.1,10,mcar,avg,1.0,0
0.05,2.0,0.1,11,biased,avg,1.0,0
0.05,2.0,0.1,11,biased,irt,1.0,0
0.05,2.0,0.1,11,mcar,avg,1.0,0
0.05,2.0,0.1,12,biased,avg,1.0,0
0.05,2.0,0.1,12,biased,irt,1.0,0
0.05,2.0,0.1,12,mcar,avg,1.0,0
0.05,2.0,0.1,13,biased,avg,1.0,0
0.05,2.0,0.1,13,biased,irt,1.0,0
0.05,2.0,0.1,13,mcar,avg,1.0,0
0.05,2.0,0.1,14,biased,avg,1.0,0
0.05,2.0,0.1,14,biased,irt,1.0,0
0.05,2.0,0.1,14,mcar,avg,1.0,0
0.05,2.5,0.125,0,biased,avg,1.0,0
0.05,2.5,0.125,0,biased,irt,1.0,0
0.05,2.5,0.125,0,mcar,avg,1.0,0
0.05,2.5,0.125,1,biased,avg,1.0,0
0.05,2.5,0.125,1,biased,irt,1.0,0
0.05,2.5,0.125,1,mcar,avg,1.0,0
0.05,2.5,0.125,2,biased,avg,1.0,0
0.05,2.5,0.125,2,biased,irt,1.0,0
0.05,2.5,0.125,2,mcar,avg,1.0,0
0.05,2.5,0.125,3,biased,avg,1.0,0
0.05,2.5,0.125,3,biased,irt,1.0,0
0.05,2.5,0.125,3,mcar,avg,1.0,0
0.05,2.5,0.125,4,biased,avg,1.0,0
0.05,2.5,0.125,4,biased,irt,1.0,0
0.05,2.5,0.125,4,mcar,avg,1.0,0
0.05,2.5,0.125,5,biased,avg,1.0,0
0.05,2.5,0.125,5,biased,irt,1.0,0
0.05,2.5,0.125,5,mcar,avg,1.0,0
0.05,2.5,0.125,6,biased,avg,1.0,0
0.05,2.5,0.125,6,biased,irt,1.0,0
0.05,2.5,0.125,6,mcar,avg,1.0,0
0.05,2.5,0.125,7,biased,avg,1.0,0
0.05,2.5,0.125,7,biased,irt,1.0,0
0.05,2.5,0.125,7,mcar,avg,1.0,0
0.05,2.5,0.125,8,biased,avg,1.0,0
0.05,2.5,0.125,8,biased,irt,1.0,0
0.05,2.5,0.125,8,mcar,avg,1.0,0
0.05,2.5,0.125,9,biased,avg,1.0,0
0.05,2.5,0.125,9,biased,irt,1.0,0
0.05,2.5,0.125,9,mcar,avg,1.0,0
0.05,2.5,0.125,10,biased,avg,1.0,0
0.05,2.5,0.125,10,biased,irt,1.0,0
0.05,2.5,0.125,10,mcar,avg,1.0,0
0.05,2.5,0.125,11,biased,avg,1.0,0
0.05,2.5,0.125,11,biased,irt,1.0,0
0.05,2.5,0.125,11,mcar,avg,1.0,0
0.05,2.5,0.125,12,biased,avg,1.0,0
0.05,2.5,0.125,12,biased,irt,1.0,0
0.05,2.5,0.125,12,mcar,avg,1.0,0
0.05,2.5,0.125,13,biased,avg,1.0,0
0.05,2.5,0.125,13,biased,irt,1.0,0
0.05,2.5,0.125,13,mcar,avg,1.0,0
0.05,2.5,0.125,14,biased,avg,1.0,0
0.05,2.5,0.125,14,biased,irt,1.0,0
0.05,2.5,0.125,14,mcar,avg,1.0,0
0.05,3.0,0.15,0,biased,avg,1.0,0
0.05,3.0,0.15,0,biased,irt,1.0,0
0.05,3.0,0.15,0,mcar,avg,1.0,0
0.05,3.0,0.15,1,biased,avg,1.0,0
0.05,3.0,0.15,1,biased,irt,1.0,0
0.05,3.0,0.15,1,mcar,avg,1.0,0
0.05,3.0,0.15,2,biased,avg,1.0,0
0.05,3.0,0.15,2,biased,irt,1.0,0
0.05,3.0,0.15,2,mcar,avg,1.0,0
0.05,3.0,0.15,3,biased,avg,0.9879,0
0.05,3.0,0.15,3,biased,irt,1.0,0
0.05,3.0,0.15,3,mcar,avg,1.0,0
0.05,3.0,0.15,4,biased,avg,1.0,0
0.05,3.0,0.15,4,biased,irt,1.0,0
0.05,3.0,0.15,4,mcar,avg,1.0,0
0.05,3.0,0.15,5,biased,avg,1.0,0
0.05,3.0,0.15,5,biased,irt,1.0,0
0.05,3.0,0.15,5,mcar,avg,1.0,0
0.05,3.0,0.15,6,biased,avg,1.0,0
0.05,3.0,0.15,6,biased,irt,1.0,0
0.05,3.0,0.15,6,mcar,avg,0.9879,0
0.05,3.0,0.15,7,biased,avg,1.0,0
0.05,3.0,0.15,7,biased,irt,1.0,0
0.05,3.0,0.15,7,mcar,avg,1.0,0
0.05,3.0,0.15,8,biased,avg,1.0,0
0.05,3.0,0.15,8,biased,irt,1.0,0
0.05,3.0,0.15,8,mcar,avg,1.0,0
0.05,3.0,0.15,9,biased,avg,1.0,0
0.05,3.0,0.15,9,biased,irt,1.0,0
0.05,3.0,0.15,9,mcar,avg,1.0,0
0.05,3.0,0.15,10,biased,avg,1.0,0
0.05,3.0,0.15,10,biased,irt,1.0,0
0.05,3.0,0.15,10,mcar,avg,1.0,0
0.05,3.0,0.15,11,biased,avg,1.0,0
0.05,3.0,0.15,11,biased,irt,1.0,0
0.05,3.0,0.15,11,mcar,avg,1.0,0
0.05,3.0,0.15,12,biased,avg,1.0,0
0.05,3.0,0.15,12,biased,irt,1.0,0
0.05,3.0,0.15,12,mcar,avg,0.9879,0
0.05,3.0,0.15,13,biased,avg,1.0,0
0.05,3.0,0.15,13,biased,irt,1.0,0
0.05,3.0,0.15,13,mcar,avg,1.0,0
0.05,3.0,0.15,14,biased,avg,1.0,0
0.05,3.0,0.15,14,biased,irt,1.0,0
0.05,3.0,0.15,14,mcar,avg,1.0,0
0.05,3.5,0.175,0,biased,avg,1.0,0
0.05,3.5,0.175,0,biased,irt,1.0,0
0.05,3.5,0.175,0,mcar,avg,1.0,0
0.05,3.5,0.175,1,biased,avg,1.0,0
0.05,3.5,0.175,1,biased,irt,1.0,0
0.05,3.5,0.175,1,mcar,avg,0.9879,0
0.05,3.5,0.175,2,biased,avg,1.0,0
0.05,3.5,0.175,2,biased,irt,1.0,0
0.05,3.5,0.175,2,mcar,avg,0.9879,0
0.05,3.5,0.175,3,biased,avg,1.0,0
0.05,3.5,0.175,3,biased,irt,1.0,0
0.05,3.5,0.175,3,mcar,avg,0.9879,0
0.05,3.5,0.175,4,biased,avg,1.0,0
0.05,3.5,0.175,4,biased,irt,1.0,0
0.05,3.5,0.175,4,mcar,avg,1.0,0
0.05,3.5,0.175,5,biased,avg,1.0,0
0.05,3.5,0.175,5,biased,irt,1.0,0
0.05,3.5,0.175,5,mcar,avg,1.0,0
0.05,3.5,0.175,6,biased,avg,1.0,0
0.05,3.5,0.175,6,biased,irt,1.0,0
0.05,3.5,0.175,6,mcar,avg,1.0,0
0.05,3.5,0.175,7,biased,avg,1.0,0
0.05,3.5,0.175,7,biased,irt,1.0,0
0.05,3.5,0.175,7,mcar,avg,1.0,0
0.05,3.5,0.175,8,biased,avg,1.0,0
0.05,3.5,0.175,8,biased,irt,1.0,0
0.05,3.5,0.175,8,mcar,avg,1.0,0
0.05,3.5,0.175,9,biased,avg,1.0,0
0.05,3.5,0.175,9,biased,irt,1.0,0
0.05,3.5,0.175,9,mcar,avg,1.0,0
0.05,3.5,0.175,10,biased,avg,1.0,0
0.05,3.5,0.175,10,biased,irt,1.0,0
0.05,3.5,0.175,10,mcar,avg,1.0,0
0.05,3.5,0.175,11,biased,avg,1.0,0
0.05,3.5,0.175,11,biased,irt,1.0,0
0.05,3.5,0.175,11,mcar,avg,0.9879,0
0.05,3.5,0.175,12,biased,avg,1.0,0
0.05,3.5,0.175,12,biased,irt,1.0,0
0.05,3.5,0.175,12,mcar,avg,1.0,0
0.05,3.5,0.175,13,biased,avg,1.0,0
0.05,3.5,0.175,13,biased,irt,1.0,0
0.05,3.5,0.175,13,mcar,avg,1.0,0
0.05,3.5,0.175,14,biased,avg,1.0,0
0.05,3.5,0.175,14,biased,irt,1.0,0
0.05,3.5,0.175,14,mcar,avg,1.0,0
0.05,4.0,0.2,0,biased,avg,1.0,0
0.05,4.0,0.2,0,biased,irt,1.0,0
0.05,4.0,0.2,0,mcar,avg,1.0,0
0.05,4.0,0.2,1,biased,avg,1.0,0
0.05,4.0,0.2,1,biased,irt,1.0,0
0.05,4.0,0.2,1,mcar,avg,1.0,0
0.05,4.0,0.2,2,biased,avg,1.0,0
0.05,4.0,0.2,2,biased,irt,1.0,0
0.05,4.0,0.2,2,mcar,avg,1.0,0
0.05,4.0,0.2,3,biased,avg,1.0,0
0.05,4.0,0.2,3,biased,irt,1.0,0
0.05,4.0,0.2,3,mcar,avg,1.0,0
0.05,4.0,0.2,4,biased,avg,1.0,0
0.05,4.0,0.2,4,biased,irt,1.0,0
0.05,4.0,0.2,4,mcar,avg,1.0,0
0.05,4.0,0.2,5,biased,avg,1.0,0
0.05,4.0,0.2,5,biased,irt,1.0,0
0.05,4.0,0.2,5,mcar,avg,1.0,0
0.05,4.0,0.2,6,biased,avg,1.0,0
0.05,4.0,0.2,6,biased,irt,1.0,0
0.05,4.0,0.2,6,mcar,avg,1.0,0
0.05,4.0,0.2,7,biased,avg,1.0,0
0.05,4.0,0.2,7,biased,irt,1.0,0
0.05,4.0,0.2,7,mcar,avg,0.9879,0
0.05,4.0,0.2,8,biased,avg,1.0,0
0.05,4.0,0.2,8,biased,irt,1.0,0
0.05,4.0,0.2,8,mcar,avg,1.0,0
0.05,4.0,0.2,9,biased,avg,1.0,0
0.05,4.0,0.2,9,biased,irt,1.0,0
0.05,4.0,0.2,9,mcar,avg,1.0,0
0.05,4.0,0.2,10,biased,avg,1.0,0
0.05,4.0,0.2,10,biased,irt,1.0,0
0.05,4.0,0.2,10,mcar,avg,0.9879,0
0.05,4.0,0.2,11,biased,avg,1.0,0
0.05,4.0,0.2,11,biased,irt,1.0,0
0.05,4.0,0.2,11,mcar,avg,1.0,0
0.05,4.0,0.2,12,biased,avg,1.0,0
0.05,4.0,0.2,12,biased,irt,1.0,0
0.05,4.0,0.2,12,mcar,avg,1.0,0
0.05,4.0,0.2,13,biased,avg,1.0,0
0.05,4.0,0.2,13,biased,irt,1.0,0
0.05,4.0,0.2,13,mcar,avg,1.0,0
0.05,4.0,0.2,14,biased,avg,1.0,0
0.05,4.0,0.2,14,biased,irt,1.0,0
0.05,4.0,0.2,14,mcar,avg,1.0,0
0.05,4.5,0.225,0,biased,avg,1.0,0
0.05,4.5,0.225,0,biased,irt,1.0,0
0.05,4.5,0.225,0,mcar,avg,1.0,0
0.05,4.5,0.225,1,biased,avg,1.0,0
0.05,4.5,0.225,1,biased,irt,1.0,0
0.05,4.5,0.225,1,mcar,avg,1.0,0
0.05,4.5,0.225,2,biased,avg,1.0,0
0.05,4.5,0.225,2,biased,irt,1.0,0
0.05,4.5,0.225,2,mcar,avg,1.0,0
0.05,4.5,0.225,3,biased,avg,1.0,0
0.05,4.5,0.225,3,biased,irt,1.0,0
0.05,4.5,0.225,3,mcar,avg,1.0,0
0.05,4.5,0.225,4,biased,avg,0.9879,0
0.05,4.5,0.225,4,biased,irt,1.0,0
0.05,4.5,0.225,4,mcar,avg,1.0,0
0.05,4.5,0.225,5,biased,avg,1.0,0
0.05,4.5,0.225,5,biased,irt,1.0,0
0.05,4.5,0.225,5,mcar,avg,1.0,0
0.05,4.5,0.225,6,biased,avg,1.0,0
0.05,4.5,0.225,6,biased,irt,1.0,0
0.05,4.5,0.225,6,mcar,avg,1.0,0
0.05,4.5,0.225,7,biased,avg,1.0,0
0.05,4.5,0.225,7,biased,irt,1.0,0
0.05,4.5,0.225,7,mcar,avg,0.9879,0
0.05,4.5,0.225,8,biased,avg,1.0,0
0.05,4.5,0.225,8,biased,irt,1.0,0
0.05,4.5,0.225,8,mcar,avg,0.9879,0
0.05,4.5,0.225,9,biased,avg,1.0,0
0.05,4.5,0.225,9,biased,irt,1.0,0
0.05,4.5,0.225,9,mcar,avg,1.0,0
0.05,4.5,0.225,10,biased,avg,1.0,0
0.05,4.5,0.225,10,biased,irt,1.0,0
0.05,4.5,0.225,10,mcar,avg,0.9879,0
0.05,4.5,0.225,11,biased,avg,1.0,0
0.05,4.5,0.225,11,biased,irt,1.0,0
0.05,4.5,0.225,11,mcar,avg,1.0,0
0.05,4.5,0.225,12,biased,avg,1.0,0
0.05,4.5,0.225,12,biased,irt,1.0,0
0.05,4.5,0.225,12,mcar,avg,1.0,0
0.05,4.5,0.225,13,biased,avg,1.0,0
0.05,4.5,0.225,13,biased,irt,1.0,0
0.05,4.5,0.225,13,mcar,avg,1.0,0
0.05,4.5,0.225,14,biased,avg,1.0,0
0.05,4.5,0.225,14,biased,irt,1.0,0
0.05,4.5,0.225,14,mcar,avg,1.0,0
0.05,5.0,0.25,0,biased,avg,1.0,0
0.05,5.0,0.25,0,biased,irt,1.0,0
0.05,5.0,0.25,0,mcar,avg,0.9758,0
0.05,5.0,0.25,1,biased,avg,1.0,0
0.05,5.0,0.25,1,biased,irt,1.0,0
0.05,5.0,0.25,1,mcar,avg,0.9879,0
0.05,5.0,0.25,2,biased,avg,1.0,0
0.05,5.0,0.25,2,biased,irt,1.0,0
0.05,5.0,0.25,2,mcar,avg,1.0,0
0.05,5.0,0.25,3,biased,avg,1.0,0
0.05,5.0,0.25,3,biased,irt,1.0,0
0.05,5.0,0.25,3,mcar,avg,1.0,0
0.05,5.0,0.25,4,biased,avg,1.0,0
0.05,5.0,0.25,4,biased,irt,1.0,0
0.05,5.0,0.25,4,mcar,avg,1.0,0
0.05,5.0,0.25,5,biased,avg,1.0,0
0.05,5.0,0.25,5,biased,irt,1.0,0
0.05,5.0,0.25,5,mcar,avg,0.9879,0
0.05,5.0,0.25,6,biased,avg,0.9879,0
0.05,5.0,0.25,6,biased,irt,1.0,0
0.05,5.0,0.25,6,mcar,avg,0.9758,0
0.05,5.0,0.25,7,biased,avg,1.0,0
0.05,5.0,0.25,7,biased,irt,1.0,0
0.05,5.0,0.25,7,mcar,avg,1.0,0
0.05,5.0,0.25,8,biased,avg,1.0,0
0.05,5.0,0.25,8,biased,irt,1.0,0
0.05,5.0,0.25,8,mcar,avg,0.9879,0
0.05,5.0,0.25,9,biased,avg,1.0,0
0.05,5.0,0.25,9,biased,irt,1.0,0
0.05,5.0,0.25,9,mcar,avg,0.9879,0
0.05,5.0,0.25,10,biased,avg,1.0,0
0.05,5.0,0.25,10,biased,irt,1.0,0
0.05,5.0,0.25,10,mcar,avg,1.0,0
0.05,5.0,0.25,11,biased,avg,1.0,0
0.05,5.0,0.25,11,biased,irt,1.0,0
0.05,5.0,0.25,11,mcar,avg,1.0,0
0.05,5.0,0.25,12,biased,avg,1.0,0
0.05,5.0,0.25,12,biased,irt,1.0,0
0.05,5.0,0.25,12,mcar,avg,0.9879,0
0.05,5.0,0.25,13,biased,avg,1.0,0
0.05,5.0,0.25,13,biased,irt,1.0,0
0.05,5.0,0.25,13,mcar,avg,0.9879,0
0.05,5.0,0.25,14,biased,avg,1.0,0
0.05,5.0,0.25,14,biased,irt,1.0,0
0.05,5.0,0.25,14,mcar,avg,1.0,0
0.1,0.5,0.05,0,biased,avg,1.0,0
0.1,0.5,0.05,0,biased,irt,1.0,0
0.1,0.5,0.05,0,mcar,avg,1.0,0
0.1,0.5,0.05,1,biased,avg,1.0,0
0.1,0.5,0.05,1,biased,irt,1.0,0
0.1,0.5,0.05,1,mcar,avg,1.0,0
0.1,0.5,0.05,2,biased,avg,1.0,0
0.1,0.5,0.05,2,biased,irt,1.0,0
0.1,0.5,0.05,2,mcar,avg,1.0,0
0.1,0.5,0.05,3,biased,avg,0.9879,0
0.1,0.5,0.05,3,biased,irt,1.0,0
0.1,0.5,0.05,3,mcar,avg,1.0,0
0.1,0.5,0.05,4,biased,avg,1.0,0
0.1,0.5,0.05,4,biased,irt,1.0,0
0.1,0.5,0.05,4,mcar,avg,1.0,0
0.1,0.5,0.05,5,biased,avg,1.0,0
0.1,0.5,0.05,5,biased,irt,1.0,0
0.1,0.5,0.05,5,mcar,avg,1.0,0
0.1,0.5,0.05,6,biased,avg,1.0,0
0.1,0.5,0.05,6,biased,irt,1.0,0
0.1,0.5,0.05,6,mcar,avg,1.0,0
0.1,0.5,0.05,7,biased,avg,1.0,0
0.1,0.5,0.05,7,biased,irt,1.0,0
0.1,0.5,0.05,7,mcar,avg,1.0,0
0.1,0.5,0.05,8,biased,avg,1.0,0
0.1,0.5,0.05,8,biased,irt,1.0,0
0.1,0.5,0.05,8,mcar,avg,1.0,0
0.1,0.5,0.05,9,biased,avg,1.0,0
0.1,0.5,0.05,9,biased,irt,1.0,0
0.1,0.5,0.05,9,mcar,avg,1.0,0
0.1,0.5,0.05,10,biased,avg,1.0,0
0.1,0.5,0.05,10,biased,irt,1.0,0
0.1,0.5,0.05,10,mcar,avg,1.0,0
0.1,0.5,0.05,11,biased,avg,0.9879,0
0.1,0.5,0.05,11,biased,irt,1.0,0
0.1,0.5,0.05,11,mcar,avg,1.0,0
0.1,0.5,0.05,12,biased,avg,1.0,0
0.1,0.5,0.05,12,biased,irt,1.0,0
0.1,0.5,0.05,12,mcar,avg,1.0,0
0.1,0.5,0.05,13,biased,avg,1.0,0
0.1,0.5,0.05,13,biased,irt,1.0,0
0.1,0.5,0.05,13,mcar,avg,1.0,0
0.1,0.5,0.05,14,biased,avg,1.0,0
0.1,0.5,0.05,14,biased,irt,1.0,0
0.1,0.5,0.05,14,mcar,avg,1.0,0
0.1,1.0,0.1,0,biased,avg,1.0,0
0.1,1.0,0.1,0,biased,irt,1.0,0
0.1,1.0,0.1,0,mcar,avg,0.9879,0
0.1,1.0,0.1,1,biased,avg,1.0,0
0.1,1.0,0.1,1,biased,irt,1.0,0
0.1,1.0,0.1,1,mcar,avg,1.0,0
0.1,1.0,0.1,2,biased,avg,1.0,0
0.1,1.0,0.1,2,biased,irt,1.0,0
0.1,1.0,0.1,2,mcar,avg,1.0,0
0.1,1.0,0.1,3,biased,avg,1.0,0
0.1,1.0,0.1,3,biased,irt,1.0,0
0.1,1.0,0.1,3,mcar,avg,1.0,0
0.1,1.0,0.1,4,biased,avg,1.0,0
0.1,1.0,0.1,4,biased,irt,1.0,0
0.1,1.0,0.1,4,mcar,avg,1.0,0
0.1,1.0,0.1,5,biased,avg,1.0,0
0.1,1.0,0.1,5,biased,irt,1.0,0
0.1,1.0,0.1,5,mcar,avg,1.0,0
0.1,1.0,0.1,6,biased,avg,1.0,0
0.1,1.0,0.1,6,biased,irt,1.0,0
0.1,1.0,0.1,6,mcar,avg,1.0,0
0.1,1.0,0.1,7,biased,avg,1.0,0
0.1,1.0,0.1,7,biased,irt,1.0,0
0.1,1.0,0.1,7,mcar,avg,1.0,0
0.1,1.0,0.1,8,biased,avg,1.0,0
0.1,1.0,0.1,8,biased,irt,1.0,0
0.1,1.0,0.1,8,mcar,avg,1.0,0
0.1,1.0,0.1,9,biased,avg,1.0,0
0.1,1.0,0.1,9,biased,irt,1.0,0
0.1,1.0,0.1,9,mcar,avg,1.0,0
0.1,1.0,0.1,10,biased,avg,1.0,0
0.1,1.0,0.1,10,biased,irt,1.0,0
0.1,1.0,0.1,10,mcar,avg,1.0,0
0.1,1.0,0.1,11,biased,avg,1.0,0
0.1,1.0,0.1,11,biased,irt,1.0,0
0.1,1.0,0.1,11,mcar,avg,1.0,0
0.1,1.0,0.1,12,biased,avg,1.0,0
0.1,1.0,0.1,12,biased,irt,1.0,0
0.1,1.0,0.1,12,mcar,avg,1.0,0
0.1,1.0,0.1,13,biased,avg,1.0,0
0.1,1.0,0.1,13,biased,irt,1.0,0
0.1,1.0,0.1,13,mcar,avg,1.0,0
0.1,1.0,0.1,14,biased,avg,1.0,0
0.1,1.0,0.1,14,biased,irt,1.0,0
0.1,1.0,0.1,14,mcar,avg,1.0,0
0.1,1.5,0.15,0,biased,avg,1.0,0
0.1,1.5,0.15,0,biased,irt,1.0,0
0.1,1.5,0.15,0,mcar,avg,1.0,0
0.1,1.5,0.15,1,biased,avg,1.0,0
0.1,1.5,0.15,1,biased,irt,1.0,0
0.1,1.5,0.15,1,mcar,avg,1.0,0
0.1,1.5,0.15,2,biased,avg,1.0,0
0.1,1.5,0.15,2,biased,irt,1.0,0
0.1,1.5,0.15,2,mcar,avg,1.0,0
0.1,1.5,0.15,3,biased,avg,1.0,0
0.1,1.5,0.15,3,biased,irt,1.0,0
0.1,1.5,0.15,3,mcar,avg,1.0,0
0.1,1.5,0.15,4,biased,avg,1.0,0
0.1,1.5,0.15,4,biased,irt,1.0,0
0.1,1.5,0.15,4,mcar,avg,1.0,0
0.1,1.5,0.15,5,biased,avg,1.0,0
0.1,1.5,0.15,5,biased,irt,1.0,0
0.1,1.5,0.15,5,mcar,avg,1.0,0
0.1,1.5,0.15,6,biased,avg,1.0,0
0.1,1.5,0.15,6,biased,irt,1.0,0
0.1,1.5,0.15,6,mcar,avg,1.0,0
0.1,1.5,0.15,7,biased,avg,1.0,0
0.1,1.5,0.15,7,biased,irt,1.0,0
0.1,1.5,0.15,7,mcar,avg,1.0,0
0.1,1.5,0.15,8,biased,avg,1.0,0
0.1,1.5,0.15,8,biased,irt,1.0,0
0.1,1.5,0.15,8,mcar,avg,1.0,0
0.1,1.5,0.15,9,biased,avg,1.0,0
0.1,1.5,0.15,9,biased,irt,1.0,0
0.1,1.5,0.15,9,mcar,avg,1.0,0
0.1,1.5,0.15,10,biased,avg,1.0,0
0.1,1.5,0.15,10,biased,irt,1.0,0
0.1,1.5,0.15,10,mcar,avg,1.0,0
0.1,1.5,0.15,11,biased,avg,1.0,0
0.1,1.5,0.15,11,biased,irt,1.0,0
0.1,1.5,0.15,11,mcar,avg,1.0,0
0.1,1.5,0.15,12,biased,avg,1.0,0
0.1,1.5,0.15,12,biased,irt,1.0,0
0.1,1.5,0.15,12,mcar,avg,1.0,0
0.1,1.5,0.15,13,biased,avg,0.9879,0
0.1,1.5,0.15,13,biased,irt,1.0,0
0.1,1.5,0.15,13,mcar,avg,1.0,0
0.1,1.5,0.15,14,biased,avg,1.0,0
0.1,1.5,0.15,14,biased,irt,1.0,0
0.1,1.5,0.15,14,mcar,avg,1.0,0
0.1,2.0,0.2,0,biased,avg,1.0,0
0.1,2.0,0.2,0,biased,irt,1.0,0
0.1,2.0,0.2,0,mcar,avg,1.0,0
0.1,2.0,0.2,1,biased,avg,1.0,0
0.1,2.0,0.2,1,biased,irt,1.0,0
0.1,2.0,0.2,1,mcar,avg,1.0,0
0.1,2.0,0.2,2,biased,avg,1.0,0
0.1,2.0,0.2,2,biased,irt,1.0,0
0.1,2.0,0.2,2,mcar,avg,1.0,0
0.1,2.0,0.2,3,biased,avg,1.0,0
0.1,2.0,0.2,3,biased,irt,1.0,0
0.1,2.0,0.2,3,mcar,avg,1.0,0
0.1,2.0,0.2,4,biased,avg,0.9879,0
0.1,2.0,0.2,4,biased,irt,1.0,0
0.1,2.0,0.2,4,mcar,avg,1.0,0
0.1,2.0,0.2,5,biased,avg,1.0,0
0.1,2.0,0.2,5,biased,irt,1.0,0
0.1,2.0,0.2,5,mcar,avg,1.0,0
0.1,2.0,0.2,6,biased,avg,1.0,0
0.1,2.0,0.2,6,biased,irt,1.0,0
0.1,2.0,0.2,6,mcar,avg,1.0,0
0.1,2.0,0.2,7,biased,avg,1.0,0
0.1,2.0,0.2,7,biased,irt,1.0,0
0.1,2.0,0.2,7,mcar,avg,1.0,0
0.1,2.0,0.2,8,biased,avg,1.0,0
0.1,2.0,0.2,8,biased,irt,1.0,0
0.1,2.0,0.2,8,mcar,avg,1.0,0
0.1,2.0,0.2,9,biased,avg,0.9879,0
0.1,2.0,0.2,9,biased,irt,1.0,0
0.1,2.0,0.2,9,mcar,avg,1.0,0
0.1,2.0,0.2,10,biased,avg,1.0,0
0.1,2.0,0.2,10,biased,irt,1.0,0
0.1,2.0,0.2,10,mcar,avg,1.0,0
0.1,2.0,0.2,11,biased,avg,1.0,0
0.1,2.0,0.2,11,biased,irt,1.0,0
0.1,2.0,0.2,11,mcar,avg,1.0,0
0.1,2.0,0.2,12,biased,avg,1.0,0
0.1,2.0,0.2,12,biased,irt,1.0,0
0.1,2.0,0.2,12,mcar,avg,1.0,0
0.1,2.0,0.2,13,biased,avg,1.0,0
0.1,2.0,0.2,13,biased,irt,1.0,0
0.1,2.0,0.2,13,mcar,avg,1.0,0
0.1,2.0,0.2,14,biased,avg,1.0,0
0.1,2.0,0.2,14,biased,irt,1.0,0
0.1,2.0,0.2,14,mcar,avg,1.0,0
0.1,2.5,0.25,0,biased,avg,1.0,0
0.1,2.5,0.25,0,biased,irt,1.0,0
0.1,2.5,0.25,0,mcar,avg,1.0,0
0.1,2.5,0.25,1,biased,avg,1.0,0
0.1,2.5,0.25,1,biased,irt,1.0,0
0.1,2.5,0.25,1,mcar,avg,1.0,0
0.1,2.5,0.25,2,biased,avg,1.0,0
0.1,2.5,0.25,2,biased,irt,1.0,0
0.1,2.5,0.25,2,mcar,avg,1.0,0
0.1,2.5,0.25,3,biased,avg,1.0,0
0.1,2.5,0.25,3,biased,irt,1.0,0
0.1,2.5,0.25,3,mcar,avg,1.0,0
0.1,2.5,0.25,4,biased,avg,1.0,0
0.1,2.5,0.25,4,biased,irt,1.0,0
0.1,2.5,0.25,4,mcar,avg,1.0,0
0.1,2.5,0.25,5,biased,avg,1.0,0
0.1,2.5,0.25,5,biased,irt,1.0,0
0.1,2.5,0.25,5,mcar,avg,1.0,0
0.1,2.5,0.25,6,biased,avg,1.0,0
0.1,2.5,0.25,6,biased,irt,1.0,0
0.1,2.5,0.25,6,mcar,avg,1.0,0
0.1,2.5,0.25,7,biased,avg,0.9879,0
0.1,2.5,0.25,7,biased,irt,1.0,0
0.1,2.5,0.25,7,mcar,avg,1.0,0
0.1,2.5,0.25,8,biased,avg,0.9879,0
0.1,2.5,0.25,8,biased,irt,1.0,0
0.1,2.5,0.25,8,mcar,avg,1.0,0
0.1,2.5,0.25,9,biased,avg,1.0,0
0.1,2.5,0.25,9,biased,irt,1.0,0
0.1,2.5,0.25,9,mcar,avg,1.0,0
0.1,2.5,0.25,10,biased,avg,1.0,0
0.1,2.5,0.25,10,biased,irt,1.0,0
0.1,2.5,0.25,10,mcar,avg,1.0,0
0.1,2.5,0.25,11,biased,avg,1.0,0
0.1,2.5,0.25,11,biased,irt,1.0,0
0.1,2.5,0.25,11,mcar,avg,1.0,0
0.1,2.5,0.25,12,biased,avg,1.0,0
0.1,2.5,0.25,12,biased,irt,1.0,0
0.1,2.5,0.25,12,mcar,avg,1.0,0
0.1,2.5,0.25,13,biased,avg,1.0,0
0.1,2.5,0.25,13,biased,irt,1.0,0
0.1,2.5,0.25,13,mcar,avg,1.0,0
0.1,2.5,0.25,14,biased,avg,0.9879,0
0.1,2.5,0.25,14,biased,irt,1.0,0
0.1,2.5,0.25,14,mcar,avg,1.0,0
0.1,3.0,0.3,0,biased,avg,1.0,0
0.1,3.0,0.3,0,biased,irt,1.0,0
0.1,3.0,0.3,0,mcar,avg,1.0,0
0.1,3.0,0.3,1,biased,avg,0.9879,0
0.1,3.0,0.3,1,biased,irt,1.0,0
0.1,3.0,0.3,1,mcar,avg,1.0,0
0.1,3.0,0.3,2,biased,avg,1.0,0
0.1,3.0,0.3,2,biased,irt,1.0,0
0.1,3.0,0.3,2,mcar,avg,1.0,0
0.1,3.0,0.3,3,biased,avg,1.0,0
0.1,3.0,0.3,3,biased,irt,1.0,0
0.1,3.0,0.3,3,mcar,avg,1.0,0
0.1,3.0,0.3,4,biased,avg,1.0,0
0.1,3.0,0.3,4,biased,irt,1.0,0
0.1,3.0,0.3,4,mcar,avg,1.0,0
0.1,3.0,0.3,5,biased,avg,1.0,0
0.1,3.0,0.3,5,biased,irt,1.0,0
0.1,3.0,0.3,5,mcar,avg,1.0,0
0.1,3.0,0.3,6,biased,avg,1.0,0
0.1,3.0,0.3,6,biased,irt,1.0,0
0.1,3.0,0.3,6,mcar,avg,0.9879,0
0.1,3.0,0.3,7,biased,avg,1.0,0
0.1,3.0,0.3,7,biased,irt,1.0,0
0.1,3.0,0.3,7,mcar,avg,1.0,0
0.1,3.0,0.3,8,biased,avg,1.0,0
0.1,3.0,0.3,8,biased,irt,1.0,0
0.1,3.0,0.3,8,mcar,avg,0.9879,0
0.1,3.0,0.3,9,biased,avg,1.0,0
0.1,3.0,0.3,9,biased,irt,1.0,0
0.1,3.0,0.3,9,mcar,avg,1.0,0
0.1,3.0,0.3,10,biased,avg,1.0,0
0.1,3.0,0.3,10,biased,irt,1.0,0
0.1,3.0,0.3,10,mcar,avg,1.0,0
0.1,3.0,0.3,11,biased,avg,1.0,0
0.1,3.0,0.3,11,biased,irt,1.0,0
0.1,3.0,0.3,11,mcar,avg,1.0,0
0.1,3.0,0.3,12,biased,avg,1.0,0
0.1,3.0,0.3,12,biased,irt,1.0,0
0.1,3.0,0.3,12,mcar,avg,1.0,0
0.1,3.0,0.3,13,biased,avg,1.0,0
0.1,3.0,0.3,13,biased,irt,1.0,0
0.1,3.0,0.3,13,mcar,avg,1.0,0
0.1,3.0,0.3,14,biased,avg,1.0,0
0.1,3.0,0.3,14,biased,irt,1.0,0
0.1,3.0,0.3,14,mcar,avg,1.0,0
0.1,3.5,0.35,0,biased,avg,1.0,0
0.1,3.5,0.35,0,biased,irt,1.0,0
0.1,3.5,0.35,0,mcar,avg,1.0,0
0.1,3.5,0.35,1,biased,avg,1.0,0
0.1,3.5,0.35,1,biased,irt,1.0,0
0.1,3.5,0.35,1,mcar,avg,1.0,0
0.1,3.5,0.35,2,biased,avg,0.9879,0
0.1,3.5,0.35,2,biased,irt,1.0,0
0.1,3.5,0.35,2,mcar,avg,1.0,0
0.1,3.5,0.35,3,biased,avg,1.0,0
0.1,3.5,0.35,3,biased,irt,1.0,0
0.1,3.5,0.35,3,mcar,avg,1.0,0
0.1,3.5,0.35,4,biased,avg,0.9879,0
0.1,3.5,0.35,4,biased,irt,1.0,0
0.1,3.5,0.35,4,mcar,avg,1.0,0
0.1,3.5,0.35,5,biased,avg,1.0,0
0.1,3.5,0.35,5,biased,irt,1.0,0
0.1,3.5,0.35,5,mcar,avg,1.0,0
0.1,3.5,0.35,6,biased,avg,1.0,0
0.1,3.5,0.35,6,biased,irt,1.0,0
0.1,3.5,0.35,6,mcar,avg,1.0,0
0.1,3.5,0.35,7,biased,avg,1.0,0
0.1,3.5,0.35,7,biased,irt,1.0,0
0.1,3.5,0.35,7,mcar,avg,1.0,0
0.1,3.5,0.35,8,biased,avg,1.0,0
0.1,3.5,0.35,8,biased,irt,1.0,0
0.1,3.5,0.35,8,mcar,avg,1.0,0
0.1,3.5,0.35,9,biased,avg,1.0,0
0.1,3.5,0.35,9,biased,irt,1.0,0
0.1,3.5,0.35,9,mcar,avg,1.0,0
0.1,3.5,0.35,10,biased,avg,1.0,0
0.1,3.5,0.35,10,biased,irt,1.0,0
0.1,3.5,0.35,10,mcar,avg,1.0,0
0.1,3.5,0.35,11,biased,avg,1.0,0
0.1,3.5,0.35,11,biased,irt,1.0,0
0.1,3.5,0.35,11,mcar,avg,0.9879,0
0.1,3.5,0.35,12,biased,avg,1.0,0
0.1,3.5,0.35,12,biased,irt,1.0,0
0.1,3.5,0.35,12,mcar,avg,0.9879,0
0.1,3.5,0.35,13,biased,avg,0.9879,0
0.1,3.5,0.35,13,biased,irt,1.0,0
0.1,3.5,0.35,13,mcar,avg,0.9879,0
0.1,3.5,0.35,14,biased,avg,1.0,0
0.1,3.5,0.35,14,biased,irt,1.0,0
0.1,3.5,0.35,14,mcar,avg,1.0,0
0.1,4.0,0.4,0,biased,avg,1.0,0
0.1,4.0,0.4,0,biased,irt,1.0,0
0.1,4.0,0.4,0,mcar,avg,0.9879,0
0.1,4.0,0.4,1,biased,avg,0.9879,0
0.1,4.0,0.4,1,biased,irt,1.0,0
0.1,4.0,0.4,1,mcar,avg,1.0,0
0.1,4.0,0.4,2,biased,avg,1.0,0
0.1,4.0,0.4,2,biased,irt,1.0,0
0.1,4.0,0.4,2,mcar,avg,1.0,0
0.1,4.0,0.4,3,biased,avg,1.0,0
0.1,4.0,0.4,3,biased,irt,1.0,0
0.1,4.0,0.4,3,mcar,avg,1.0,0
0.1,4.0,0.4,4,biased,avg,1.0,0
0.1,4.0,0.4,4,biased,irt,1.0,0
0.1,4.0,0.4,4,mcar,avg,1.0,0
0.1,4.0,0.4,5,biased,avg,1.0,0
0.1,4.0,0.4,5,biased,irt,1.0,0
0.1,4.0,0.4,5,mcar,avg,0.9879,0
0.1,4.0,0.4,6,biased,avg,1.0,0
0.1,4.0,0.4,6,biased,irt,1.0,0
0.1,4.0,0.4,6,mcar,avg,1.0,0
0.1,4.0,0.4,7,biased,avg,1.0,0
0.1,4.0,0.4,7,biased,irt,1.0,0
0.1,4.0,0.4,7,mcar,avg,1.0,0
0.1,4.0,0.4,8,biased,avg,1.0,0
0.1,4.0,0.4,8,biased,irt,1.0,0
0.1,4.0,0.4,8,mcar,avg,1.0,0
0.1,4.0,0.4,9,biased,avg,0.9879,0
0.1,4.0,0.4,9,biased,irt,1.0,0
0.1,4.0,0.4,9,mcar,avg,0.9879,0
0.1,4.0,0.4,10,biased,avg,1.0,0
0.1,4.0,0.4,10,biased,irt,1.0,0
0.1,4.0,0.4,10,mcar,avg,0.9879,0
0.1,4.0,0.4,11,biased,avg,1.0,0
0.1,4.0,0.4,11,biased,irt,1.0,0
0.1,4.0,0.4,11,mcar,avg,0.9879,0
0.1,4.0,0.4,12,biased,avg,1.0,0
0.1,4.0,0.4,12,biased,irt,1.0,0
0.1,4.0,0.4,12,mcar,avg,0.9879,0
0.1,4.0,0.4,13,biased,avg,1.0,0
0.1,4.0,0.4,13,biased,irt,1.0,0
0.1,4.0,0.4,13,mcar,avg,1.0,0
0.1,4.0,0.4,14,biased,avg,1.0,0
0.1,4.0,0.4,14,biased,irt,1.0,0
0.1,4.0,0.4,14,mcar,avg,0.9879,0
0.1,4.5,0.45,0,biased,avg,1.0,0
0.1,4.5,0.45,0,biased,irt,1.0,0
0.1,4.5,0.45,0,mcar,avg,0.9879,0
0.1,4.5,0.45,1,biased,avg,1.0,0
0.1,4.5,0.45,1,biased,irt,1.0,0
0.1,4.5,0.45,1,mcar,avg,1.0,0
0.1,4.5,0.45,2,biased,avg,1.0,0
0.1,4.5,0.45,2,biased,irt,1.0,0
0.1,4.5,0.45,2,mcar,avg,0.9879,0
0.1,4.5,0.45,3,biased,avg,1.0,0
0.1,4.5,0.45,3,biased,irt,1.0,0
0.1,4.5,0.45,3,mcar,avg,0.9758,0
0.1,4.5,0.45,4,biased,avg,1.0,0
0.1,4.5,0.45,4,biased,irt,1.0,0
0.1,4.5,0.45,4,mcar,avg,1.0,0
0.1,4.5,0.45,5,biased,avg,1.0,0
0.1,4.5,0.45,5,biased,irt,1.0,0
0.1,4.5,0.45,5,mcar,avg,1.0,0
0.1,4.5,0.45,6,biased,avg,0.9879,0
0.1,4.5,0.45,6,biased,irt,1.0,0
0.1,4.5,0.45,6,mcar,avg,1.0,0
0.1,4.5,0.45,7,biased,avg,1.0,0
0.1,4.5,0.45,7,biased,irt,1.0,0
0.1,4.5,0.45,7,mcar,avg,1.0,0
0.1,4.5,0.45,8,biased,avg,0.9879,0
0.1,4.5,0.45,8,biased,irt,1.0,0
0.1,4.5,0.45,8,mcar,avg,1.0,0
0.1,4.5,0.45,9,biased,avg,1.0,0
0.1,4.5,0.45,9,biased,irt,1.0,0
0.1,4.5,0.45,9,mcar,avg,0.9879,0
0.1,4.5,0.45,10,biased,avg,1.0,0
0.1,4.5,0.45,10,biased,irt,1.0,0
0.1,4.5,0.45,10,mcar,avg,1.0,0
0.1,4.5,0.45,11,biased,avg,1.0,0
0.1,4.5,0.45,11,biased,irt,1.0,0
0.1,4.5,0.45,11,mcar,avg,1.0,0
0.1,4.5,0.45,12,biased,avg,1.0,0
0.1,4.5,0.45,12,biased,irt,1.0,0
0.1,4.5,0.45,12,mcar,avg,0.9879,0
0.1,4.5,0.45,13,biased,avg,1.0,0
0.1,4.5,0.45,13,biased,irt,1.0,0
0.1,4.5,0.45,13,mcar,avg,0.9758,0
0.1,4.5,0.45,14,biased,avg,1.0,0
0.1,4.5,0.45,14,biased,irt,1.0,0
0.1,4.5,0.45,14,mcar,avg,0.9879,0
0.1,5.0,0.5,0,biased,avg,1.0,0
0.1,5.0,0.5,0,biased,irt,1.0,0
0.1,5.0,0.5,0,mcar,avg,0.9758,0
0.1,5.0,0.5,1,biased,avg,1.0,0
0.1,5.0,0.5,1,biased,irt,1.0,0
0.1,5.0,0.5,1,mcar,avg,0.9515,0
0.1,5.0,0.5,2,biased,avg,1.0,0
0.1,5.0,0.5,2,biased,irt,1.0,0
0.1,5.0,0.5,2,mcar,avg,0.9879,0
0.1,5.0,0.5,3,biased,avg,0.9879,0
0.1,5.0,0.5,3,biased,irt,1.0,0
0.1,5.0,0.5,3,mcar,avg,0.9758,0
0.1,5.0,0.5,4,biased,avg,0.9879,0
0.1,5.0,0.5,4,biased,irt,1.0,0
0.1,5.0,0.5,4,mcar,avg,1.0,0
0.1,5.0,0.5,5,biased,avg,1.0,0
0.1,5.0,0.5,5,biased,irt,1.0,0
0.1,5.0,0.5,5,mcar,avg,0.9879,0
0.1,5.0,0.5,6,biased,avg,0.9758,1
0.1,5.0,0.5,6,biased,irt,1.0,0
0.1,5.0,0.5,6,mcar,avg,1.0,0
0.1,5.0,0.5,7,biased,avg,0.9879,0
0.1,5.0,0.5,7,biased,irt,1.0,0
0.1,5.0,0.5,7,mcar,avg,1.0,0
0.1,5.0,0.5,8,biased,avg,1.0,0
0.1,5.0,0.5,8,biased,irt,1.0,0
0.1,5.0,0.5,8,mcar,avg,0.9758,0
0.1,5.0,0.5,9,biased,avg,1.0,0
0.1,5.0,0.5,9,biased,irt,1.0,0
0.1,5.0,0.5,9,mcar,avg,1.0,0
0.1,5.0,0.5,10,biased,avg,1.0,0
0.1,5.0,0.5,10,biased,irt,1.0,0
0.1,5.0,0.5,10,mcar,avg,1.0,0
0.1,5.0,0.5,11,biased,avg,1.0,0
0.1,5.0,0.5,11,biased,irt,1.0,0
0.1,5.0,0.5,11,mcar,avg,1.0,0
0.1,5.0,0.5,12,biased,avg,0.9879,0
0.1,5.0,0.5,12,biased,irt,1.0,0
0.1,5.0,0.5,12,mcar,avg,0.9879,0
0.1,5.0,0.5,13,biased,avg,1.0,0
0.1,5.0,0.5,13,biased,irt,1.0,0
0.1,5.0,0.5,13,mcar,avg,0.9879,0
0.1,5.0,0.5,14,biased,avg,1.0,0
0.1,5.0,0.5,14,biased,irt,1.0,0
0.1,5.0,0.5,14,mcar,avg,0.9879,0
0.15,0.5,0.075,0,biased,avg,1.0,0
0.15,0.5,0.075,0,biased,irt,1.0,0
0.15,0.5,0.075,0,mcar,avg,0.9879,0
0.15,0.5,0.075,1,biased,avg,0.9879,0
0.15,0.5,0.075,1,biased,irt,1.0,0
0.15,0.5,0.075,1,mcar,avg,1.0,0
0.15,0.5,0.075,2,biased,avg,1.0,0
0.15,0.5,0.075,2,biased,irt,1.0,0
0.15,0.5,0.075,2,mcar,avg,1.0,0
0.15,0.5,0.075,3,biased,avg,1.0,0
0.15,0.5,0.075,3,biased,irt,1.0,0
0.15,0.5,0.075,3,mcar,avg,1.0,0
0.15,0.5,0.075,4,biased,avg,1.0,0
0.15,0.5,0.075,4,biased,irt,1.0,0
0.15,0.5,0.075,4,mcar,avg,1.0,0
0.15,0.5,0.075,5,biased,avg,1.0,0
0.15,0.5,0.075,5,biased,irt,1.0,0
0.15,0.5,0.075,5,mcar,avg,1.0,0
0.15,0.5,0.075,6,biased,avg,1.0,0
0.15,0.5,0.075,6,biased,irt,1.0,0
0.15,0.5,0.075,6,mcar,avg,1.0,0
0.15,0.5,0.075,7,biased,avg,1.0,0
0.15,0.5,0.075,7,biased,irt,1.0,0
0.15,0.5,0.075,7,mcar,avg,1.0,0
0.15,0.5,0.075,8,biased,avg,1.0,0
0.15,0.5,0.075,8,biased,irt,1.0,0
0.15,0.5,0.075,8,mcar,avg,1.0,0
0.15,0.5,0.075,9,biased,avg,1.0,0
0.15,0.5,0.075,9,biased,irt,1.0,0
0.15,0.5,0.075,9,mcar,avg,1.0,0
0.15,0.5,0.075,10,biased,avg,1.0,0
0.15,0.5,0.075,10,biased,irt,1.0,0
0.15,0.5,0.075,10,mcar,avg,1.0,0
0.15,0.5,0.075,11,biased,avg,1.0,0
0.15,0.5,0.075,11,biased,irt,1.0,0
0.15,0.5,0.075,11,mcar,avg,1.0,0
0.15,0.5,0.075,12,biased,avg,1.0,0
0.15,0.5,0.075,12,biased,irt,1.0,0
0.15,0.5,0.075,12,mcar,avg,1.0,0
0.15,0.5,0.075,13,biased,avg,1.0,0
0.15,0.5,0.075,13,biased,irt,1.0,0
0.15,0.5,0.075,13,mcar,avg,1.0,0
0.15,0.5,0.075,14,biased,avg,1.0,0
0.15,0.5,0.075,14,biased,irt,1.0,0
0.15,0.5,0.075,14,mcar,avg,1.0,0
0.15,1.0,0.15,0,biased,avg,1.0,0
0.15,1.0,0.15,0,biased,irt,1.0,0
0.15,1.0,0.15,0,mcar,avg,1.0,0
0.15,1.0,0.15,1,biased,avg,1.0,0
0.15,1.0,0.15,1,biased,irt,1.0,0
0.15,1.0,0.15,1,mcar,avg,1.0,0
0.15,1.0,0.15,2,biased,avg,1.0,0
0.15,1.0,0.15,2,biased,irt,1.0,0
0.15,1.0,0.15,2,mcar,avg,1.0,0
0.15,1.0,0.15,3,biased,avg,1.0,0
0.15,1.0,0.15,3,biased,irt,1.0,0
0.15,1.0,0.15,3,mcar,avg,1.0,0
0.15,1.0,0.15,4,biased,avg,1.0,0
0.15,1.0,0.15,4,biased,irt,1.0,0
0.15,1.0,0.15,4,mcar,avg,1.0,0
0.15,1.0,0.15,5,biased,avg,1.0,0
0.15,1.0,0.15,5,biased,irt,1.0,0
0.15,1.0,0.15,5,mcar,avg,1.0,0
0.15,1.0,0.15,6,biased,avg,1.0,0
0.15,1.0,0.15,6,biased,irt,1.0,0
0.15,1.0,0.15,6,mcar,avg,1.0,0
0.15,1.0,0.15,7,biased,avg,1.0,0
0.15,1.0,0.15,7,biased,irt,1.0,0
0.15,1.0,0.15,7,mcar,avg,1.0,0
0.15,1.0,0.15,8,biased,avg,1.0,0
0.15,1.0,0.15,8,biased,irt,1.0,0
0.15,1.0,0.15,8,mcar,avg,1.0,0
0.15,1.0,0.15,9,biased,avg,1.0,0
0.15,1.0,0.15,9,biased,irt,1.0,0
0.15,1.0,0.15,9,mcar,avg,1.0,0
0.15,1.0,0.15,10,biased,avg,1.0,0
0.15,1.0,0.15,10,biased,irt,1.0,0
0.15,1.0,0.15,10,mcar,avg,0.9879,0
0.15,1.0,0.15,11,biased,avg,1.0,0
0.15,1.0,0.15,11,biased,irt,1.0,0
0.15,1.0,0.15,11,mcar,avg,1.0,0
0.15,1.0,0.15,12,biased,avg,1.0,0
0.15,1.0,0.15,12,biased,irt,1.0,0
0.15,1.0,0.15,12,mcar,avg,1.0,0
0.15,1.0,0.15,13,biased,avg,1.0,0
0.15,1.0,0.15,13,biased,irt,1.0,0
0.15,1.0,0.15,13,mcar,avg,1.0,0
0.15,1.0,0.15,14,biased,avg,1.0,0
0.15,1.0,0.15,14,biased,irt,1.0,0
0.15,1.0,0.15,14,mcar,avg,0.9879,0
0.15,1.5,0.225,0,biased,avg,1.0,0
0.15,1.5,0.225,0,biased,irt,1.0,0
0.15,1.5,0.225,0,mcar,avg,1.0,0
0.15,1.5,0.225,1,biased,avg,1.0,0
0.15,1.5,0.225,1,biased,irt,1.0,0
0.15,1.5,0.225,1,mcar,avg,1.0,0
0.15,1.5,0.225,2,biased,avg,1.0,0
0.15,1.5,0.225,2,biased,irt,1.0,0
0.15,1.5,0.225,2,mcar,avg,0.9879,0
0.15,1.5,0.225,3,biased,avg,1.0,0
0.15,1.5,0.225,3,biased,irt,1.0,0
0.15,1.5,0.225,3,mcar,avg,1.0,0
0.15,1.5,0.225,4,biased,avg,1.0,0
0.15,1.5,0.225,4,biased,irt,1.0,0
0.15,1.5,0.225,4,mcar,avg,0.9879,0
0.15,1.5,0.225,5,biased,avg,1.0,0
0.15,1.5,0.225,5,biased,irt,1.0,0
0.15,1.5,0.225,5,mcar,avg,1.0,0
0.15,1.5,0.225,6,biased,avg,1.0,0
0.15,1.5,0.225,6,biased,irt,1.0,0
0.15,1.5,0.225,6,mcar,avg,1.0,0
0.15,1.5,0.225,7,biased,avg,1.0,0
0.15,1.5,0.225,7,biased,irt,1.0,0
0.15,1.5,0.225,7,mcar,avg,0.9879,0
0.15,1.5,0.225,8,biased,avg,1.0,0
0.15,1.5,0.225,8,biased,irt,1.0,0
0.15,1.5,0.225,8,mcar,avg,1.0,0
0.15,1.5,0.225,9,biased,avg,1.0,0
0.15,1.5,0.225,9,biased,irt,1.0,0
0.15,1.5,0.225,9,mcar,avg,0.9879,0
0.15,1.5,0.225,10,biased,avg,1.0,0
0.15,1.5,0.225,10,biased,irt,1.0,0
0.15,1.5,0.225,10,mcar,avg,1.0,0
0.15,1.5,0.225,11,biased,avg,1.0,0
0.15,1.5,0.225,11,biased,irt,1.0,0
0.15,1.5,0.225,11,mcar,avg,1.0,0
0.15,1.5,0.225,12,biased,avg,1.0,0
0.15,1.5,0.225,12,biased,irt,1.0,0
0.15,1.5,0.225,12,mcar,avg,0.9879,0
0.15,1.5,0.225,13,biased,avg,1.0,0
0.15,1.5,0.225,13,biased,irt,1.0,0
0.15,1.5,0.225,13,mcar,avg,0.9636,0
0.15,1.5,0.225,14,biased,avg,1.0,0
0.15,1.5,0.225,14,biased,irt,1.0,0
0.15,1.5,0.225,14,mcar,avg,1.0,0
0.15,2.0,0.3,0,biased,avg,1.0,0
0.15,2.0,0.3,0,biased,irt,1.0,0
0.15,2.0,0.3,0,mcar,avg,0.9879,0
0.15,2.0,0.3,1,biased,avg,1.0,0
0.15,2.0,0.3,1,biased,irt,1.0,0
0.15,2.0,0.3,1,mcar,avg,1.0,0
0.15,2.0,0.3,2,biased,avg,1.0,0
0.15,2.0,0.3,2,biased,irt,1.0,0
0.15,2.0,0.3,2,mcar,avg,1.0,0
0.15,2.0,0.3,3,biased,avg,1.0,0
0.15,2.0,0.3,3,biased,irt,1.0,0
0.15,2.0,0.3,3,mcar,avg,1.0,0
0.15,2.0,0.3,4,biased,avg,1.0,0
0.15,2.0,0.3,4,biased,irt,1.0,0
0.15,2.0,0.3,4,mcar,avg,1.0,0
0.15,2.0,0.3,5,biased,avg,1.0,0
0.15,2.0,0.3,5,biased,irt,1.0,0
0.15,2.0,0.3,5,mcar,avg,0.9879,0
0.15,2.0,0.3,6,biased,avg,1.0,0
0.15,2.0,0.3,6,biased,irt,1.0,0
0.15,2.0,0.3,6,mcar,avg,1.0,0
0.15,2.0,0.3,7,biased,avg,1.0,0
0.15,2.0,0.3,7,biased,irt,1.0,0
0.15,2.0,0.3,7,mcar,avg,1.0,0
0.15,2.0,0.3,8,biased,avg,1.0,0
0.15,2.0,0.3,8,biased,irt,1.0,0
0.15,2.0,0.3,8,mcar,avg,1.0,0
0.15,2.0,0.3,9,biased,avg,1.0,0
0.15,2.0,0.3,9,biased,irt,1.0,0
0.15,2.0,0.3,9,mcar,avg,1.0,0
0.15,2.0,0.3,10,biased,avg,0.9879,0
0.15,2.0,0.3,10,biased,irt,1.0,0
0.15,2.0,0.3,10,mcar,avg,1.0,0
0.15,2.0,0.3,11,biased,avg,0.9879,0
0.15,2.0,0.3,11,biased,irt,1.0,0
0.15,2.0,0.3,11,mcar,avg,0.9879,0
0.15,2.0,0.3,12,biased,avg,1.0,0
0.15,2.0,0.3,12,biased,irt,1.0,0
0.15,2.0,0.3,12,mcar,avg,1.0,0
0.15,2.0,0.3,13,biased,avg,1.0,0
0.15,2.0,0.3,13,biased,irt,1.0,0
0.15,2.0,0.3,13,mcar,avg,1.0,0
0.15,2.0,0.3,14,biased,avg,1.0,0
0.15,2.0,0.3,14,biased,irt,1.0,0
0.15,2.0,0.3,14,mcar,avg,1.0,0
0.15,2.5,0.375,0,biased,avg,1.0,0
0.15,2.5,0.375,0,biased,irt,1.0,0
0.15,2.5,0.375,0,mcar,avg,1.0,0
0.15,2.5,0.375,1,biased,avg,1.0,0
0.15,2.5,0.375,1,biased,irt,1.0,0
0.15,2.5,0.375,1,mcar,avg,0.9879,0
0.15,2.5,0.375,2,biased,avg,1.0,0
0.15,2.5,0.375,2,biased,irt,1.0,0
0.15,2.5,0.375,2,mcar,avg,0.9879,0
0.15,2.5,0.375,3,biased,avg,1.0,0
0.15,2.5,0.375,3,biased,irt,1.0,0
0.15,2.5,0.375,3,mcar,avg,1.0,0
0.15,2.5,0.375,4,biased,avg,1.0,0
0.15,2.5,0.375,4,biased,irt,1.0,0
0.15,2.5,0.375,4,mcar,avg,1.0,0
0.15,2.5,0.375,5,biased,avg,1.0,0
0.15,2.5,0.375,5,biased,irt,1.0,0
0.15,2.5,0.375,5,mcar,avg,1.0,0
0.15,2.5,0.375,6,biased,avg,1.0,0
0.15,2.5,0.375,6,biased,irt,1.0,0
0.15,2.5,0.375,6,mcar,avg,1.0,0
0.15,2.5,0.375,7,biased,avg,1.0,0
0.15,2.5,0.375,7,biased,irt,1.0,0
0.15,2.5,0.375,7,mcar,avg,1.0,0
0.15,2.5,0.375,8,biased,avg,1.0,0
0.15,2.5,0.375,8,biased,irt,1.0,0
0.15,2.5,0.375,8,mcar,avg,1.0,0
0.15,2.5,0.375,9,biased,avg,1.0,0
0.15,2.5,0.375,9,biased,irt,1.0,0
0.15,2.5,0.375,9,mcar,avg,1.0,0
0.15,2.5,0.375,10,biased,avg,1.0,0
0.15,2.5,0.375,10,biased,irt,1.0,0
0.15,2.5,0.375,10,mcar,avg,0.9879,0
0.15,2.5,0.375,11,biased,avg,1.0,0
0.15,2.5,0.375,11,biased,irt,1.0,0
0.15,2.5,0.375,11,mcar,avg,0.9879,0
0.15,2.5,0.375,12,biased,avg,0.9879,0
0.15,2.5,0.375,12,biased,irt,1.0,0
0.15,2.5,0.375,12,mcar,avg,1.0,0
0.15,2.5,0.375,13,biased,avg,1.0,0
0.15,2.5,0.375,13,biased,irt,1.0,0
0.15,2.5,0.375,13,mcar,avg,1.0,0
0.15,2.5,0.375,14,biased,avg,1.0,0
0.15,2.5,0.375,14,biased,irt,1.0,0
0.15,2.5,0.375,14,mcar,avg,0.9515,0
0.15,3.0,0.45,0,biased,avg,1.0,0
0.15,3.0,0.45,0,biased,irt,1.0,0
0.15,3.0,0.45,0,mcar,avg,1.0,0
0.15,3.0,0.45,1,biased,avg,1.0,0
0.15,3.0,0.45,1,biased,irt,1.0,0
0.15,3.0,0.45,1,mcar,avg,0.9758,0
0.15,3.0,0.45,2,biased,avg,1.0,0
0.15,3.0,0.45,2,biased,irt,1.0,0
0.15,3.0,0.45,2,mcar,avg,0.9879,0
0.15,3.0,0.45,3,biased,avg,0.9879,0
0.15,3.0,0.45,3,biased,irt,1.0,0
0.15,3.0,0.45,3,mcar,avg,1.0,0
0.15,3.0,0.45,4,biased,avg,0.9879,0
0.15,3.0,0.45,4,biased,irt,1.0,0
0.15,3.0,0.45,4,mcar,avg,1.0,0
0.15,3.0,0.45,5,biased,avg,0.9879,0
0.15,3.0,0.45,5,biased,irt,1.0,0
0.15,3.0,0.45,5,mcar,avg,0.9879,0
0.15,3.0,0.45,6,biased,avg,1.0,0
0.15,3.0,0.45,6,biased,irt,1.0,0
0.15,3.0,0.45,6,mcar,avg,1.0,0
0.15,3.0,0.45,7,biased,avg,1.0,0
0.15,3.0,0.45,7,biased,irt,1.0,0
0.15,3.0,0.45,7,mcar,avg,1.0,0
0.15,3.0,0.45,8,biased,avg,1.0,0
0.15,3.0,0.45,8,biased,irt,1.0,0
0.15,3.0,0.45,8,mcar,avg,0.9879,0
0.15,3.0,0.45,9,biased,avg,1.0,0
0.15,3.0,0.45,9,biased,irt,1.0,0
0.15,3.0,0.45,9,mcar,avg,1.0,0
0.15,3.0,0.45,10,biased,avg,1.0,0
0.15,3.0,0.45,10,biased,irt,1.0,0
0.15,3.0,0.45,10,mcar,avg,0.9879,0
0.15,3.0,0.45,11,biased,avg,1.0,0
0.15,3.0,0.45,11,biased,irt,1.0,0
0.15,3.0,0.45,11,mcar,avg,1.0,0
0.15,3.0,0.45,12,biased,avg,1.0,0
0.15,3.0,0.45,12,biased,irt,1.0,0
0.15,3.0,0.45,12,mcar,avg,0.9879,0
0.15,3.0,0.45,13,biased,avg,1.0,0
0.15,3.0,0.45,13,biased,irt,1.0,0
0.15,3.0,0.45,13,mcar,avg,1.0,0
0.15,3.0,0.45,14,biased,avg,1.0,0
0.15,3.0,0.45,14,biased,irt,1.0,0
0.15,3.0,0.45,14,mcar,avg,0.9879,0
0.15,3.5,0.525,0,biased,avg,1.0,0
0.15,3.5,0.525,0,biased,irt,1.0,0
0.15,3.5,0.525,0,mcar,avg,0.9879,0
0.15,3.5,0.525,1,biased,avg,1.0,0
0.15,3.5,0.525,1,biased,irt,1.0,0
0.15,3.5,0.525,1,mcar,avg,1.0,0
0.15,3.5,0.525,2,biased,avg,1.0,0
0.15,3.5,0.525,2,biased,irt,1.0,0
0.15,3.5,0.525,2,mcar,avg,0.9879,0
0.15,3.5,0.525,3,biased,avg,0.9879,0
0.15,3.5,0.525,3,biased,irt,1.0,0
0.15,3.5,0.525,3,mcar,avg,1.0,0
0.15,3.5,0.525,4,biased,avg,1.0,0
0.15,3.5,0.525,4,biased,irt,1.0,0
0.15,3.5,0.525,4,mcar,avg,0.9879,0
0.15,3.5,0.525,5,biased,avg,0.9879,0
0.15,3.5,0.525,5,biased,irt,1.0,0
0.15,3.5,0.525,5,mcar,avg,1.0,0
0.15,3.5,0.525,6,biased,avg,1.0,0
0.15,3.5,0.525,6,biased,irt,1.0,0
0.15,3.5,0.525,6,mcar,avg,0.9879,0
0.15,3.5,0.525,7,biased,avg,1.0,0
0.15,3.5,0.525,7,biased,irt,1.0,0
0.15,3.5,0.525,7,mcar,avg,0.9879,0
0.15,3.5,0.525,8,biased,avg,1.0,0
0.15,3.5,0.525,8,biased,irt,1.0,0
0.15,3.5,0.525,8,mcar,avg,1.0,0
0.15,3.5,0.525,9,biased,avg,1.0,0
0.15,3.5,0.525,9,biased,irt,1.0,0
0.15,3.5,0.525,9,mcar,avg,1.0,0
0.15,3.5,0.525,10,biased,avg,1.0,0
0.15,3.5,0.525,10,biased,irt,1.0,0
0.15,3.5,0.525,10,mcar,avg,1.0,0
0.15,3.5,0.525,11,biased,avg,0.9879,0
0.15,3.5,0.525,11,biased,irt,1.0,0
0.15,3.5,0.525,11,mcar,avg,1.0,0
0.15,3.5,0.525,12,biased,avg,0.9879,0
0.15,3.5,0.525,12,biased,irt,1.0,0
0.15,3.5,0.525,12,mcar,avg,1.0,0
0.15,3.5,0.525,13,biased,avg,1.0,0
0.15,3.5,0.525,13,biased,irt,1.0,0
0.15,3.5,0.525,13,mcar,avg,1.0,0
0.15,3.5,0.525,14,biased,avg,0.9879,0
0.15,3.5,0.525,14,biased,irt,1.0,0
0.15,3.5,0.525,14,mcar,avg,1.0,0
0.15,4.0,0.6,0,biased,avg,1.0,0
0.15,4.0,0.6,0,biased,irt,1.0,0
0.15,4.0,0.6,0,mcar,avg,0.9879,0
0.15,4.0,0.6,1,biased,avg,1.0,0
0.15,4.0,0.6,1,biased,irt,1.0,0
0.15,4.0,0.6,1,mcar,avg,0.9879,0
0.15,4.0,0.6,2,biased,avg,1.0,0
0.15,4.0,0.6,2,biased,irt,1.0,0
0.15,4.0,0.6,2,mcar,avg,1.0,0
0.15,4.0,0.6,3,biased,avg,0.9879,0
0.15,4.0,0.6,3,biased,irt,1.0,0
0.15,4.0,0.6,3,mcar,avg,0.9879,1
0.15,4.0,0.6,4,biased,avg,1.0,0
0.15,4.0,0.6,4,biased,irt,1.0,0
0.15,4.0,0.6,4,mcar,avg,1.0,0
0.15,4.0,0.6,5,biased,avg,1.0,0
0.15,4.0,0.6,5,biased,irt,1.0,0
0.15,4.0,0.6,5,mcar,avg,0.9879,0
0.15,4.0,0.6,6,biased,avg,0.9879,0
0.15,4.0,0.6,6,biased,irt,1.0,0
0.15,4.0,0.6,6,mcar,avg,0.9879,0
0.15,4.0,0.6,7,biased,avg,1.0,0
0.15,4.0,0.6,7,biased,irt,1.0,0
0.15,4.0,0.6,7,mcar,avg,1.0,0
0.15,4.0,0.6,8,biased,avg,0.9879,0
0.15,4.0,0.6,8,biased,irt,1.0,0
0.15,4.0,0.6,8,mcar,avg,0.9879,0
0.15,4.0,0.6,9,biased,avg,0.9879,0
0.15,4.0,0.6,9,biased,irt,1.0,0
0.15,4.0,0.6,9,mcar,avg,0.9879,0
0.15,4.0,0.6,10,biased,avg,0.9879,0
0.15,4.0,0.6,10,biased,irt,1.0,0
0.15,4.0,0.6,10,mcar,avg,1.0,0
0.15,4.0,0.6,11,biased,avg,1.0,0
0.15,4.0,0.6,11,biased,irt,1.0,0
0.15,4.0,0.6,11,mcar,avg,1.0,0
0.15,4.0,0.6,12,biased,avg,1.0,0
0.15,4.0,0.6,12,biased,irt,1.0,0
0.15,4.0,0.6,12,mcar,avg,1.0,0
0.15,4.0,0.6,13,biased,avg,1.0,0
0.15,4.0,0.6,13,biased,irt,1.0,0
0.15,4.0,0.6,13,mcar,avg,1.0,0
0.15,4.0,0.6,14,biased,avg,1.0,0
0.15,4.0,0.6,14,biased,irt,1.0,0
0.15,4.0,0.6,14,mcar,avg,1.0,0
0.15,4.5,0.675,0,biased,avg,1.0,0
0.15,4.5,0.675,0,biased,irt,1.0,0
0.15,4.5,0.675,0,mcar,avg,0.9848,0
0.15,4.5,0.675,1,biased,avg,0.9636,0
0.15,4.5,0.675,1,biased,irt,1.0,0
0.15,4.5,0.675,1,mcar,avg,0.9879,0
0.15,4.5,0.675,2,biased,avg,0.9758,0
0.15,4.5,0.675,2,biased,irt,1.0,0
0.15,4.5,0.675,2,mcar,avg,0.9879,0
0.15,4.5,0.675,3,biased,avg,0.9758,0
0.15,4.5,0.675,3,biased,irt,1.0,0
0.15,4.5,0.675,3,mcar,avg,1.0,0
0.15,4.5,0.675,4,biased,avg,1.0,0
0.15,4.5,0.675,4,biased,irt,1.0,0
0.15,4.5,0.675,4,mcar,avg,0.9666,0
0.15,4.5,0.675,5,biased,avg,1.0,0
0.15,4.5,0.675,5,biased,irt,1.0,0
0.15,4.5,0.675,5,mcar,avg,1.0,0
0.15,4.5,0.675,6,biased,avg,1.0,0
0.15,4.5,0.675,6,biased,irt,1.0,0
0.15,4.5,0.675,6,mcar,avg,0.9758,0
0.15,4.5,0.675,7,biased,avg,0.9879,0
0.15,4.5,0.675,7,biased,irt,1.0,0
0.15,4.5,0.675,7,mcar,avg,1.0,0
0.15,4.5,0.675,8,biased,avg,1.0,0
0.15,4.5,0.675,8,biased,irt,1.0,0
0.15,4.5,0.675,8,mcar,avg,1.0,0
0.15,4.5,0.675,9,biased,avg,1.0,0
0.15,4.5,0.675,9,biased,irt,1.0,0
0.15,4.5,0.675,9,mcar,avg,0.9636,0
0.15,4.5,0.675,10,biased,avg,1.0,0
0.15,4.5,0.675,10,biased,irt,1.0,0
0.15,4.5,0.675,10,mcar,avg,1.0,0
0.15,4.5,0.675,11,biased,avg,1.0,0
0.15,4.5,0.675,11,biased,irt,1.0,0
0.15,4.5,0.675,11,mcar,avg,0.9152,0
0.15,4.5,0.675,12,biased,avg,0.9879,0
0.15,4.5,0.675,12,biased,irt,1.0,0
0.15,4.5,0.675,12,mcar,avg,1.0,0
0.15,4.5,0.675,13,biased,avg,1.0,0
0.15,4.5,0.675,13,biased,irt,1.0,0
0.15,4.5,0.675,13,mcar,avg,1.0,0
0.15,4.5,0.675,14,biased,avg,1.0,0
0.15,4.5,0.675,14,biased,irt,1.0,0
0.15,4.5,0.675,14,mcar,avg,1.0,0
0.15,5.0,0.75,0,biased,avg,1.0,0
0.15,5.0,0.75,0,biased,irt,1.0,0
0.15,5.0,0.75,0,mcar,avg,0.9758,0
0.15,5.0,0.75,1,biased,avg,1.0,0
0.15,5.0,0.75,1,biased,irt,1.0,0
0.15,5.0,0.75,1,mcar,avg,1.0,0
0.15,5.0,0.75,2,biased,avg,0.9394,0
0.15,5.0,0.75,2,biased,irt,1.0,0
0.15,5.0,0.75,2,mcar,avg,0.9758,0
0.15,5.0,0.75,3,biased,avg,0.9879,0
0.15,5.0,0.75,3,biased,irt,1.0,0
0.15,5.0,0.75,3,mcar,avg,1.0,0
0.15,5.0,0.75,4,biased,avg,0.9879,0
0.15,5.0,0.75,4,biased,irt,1.0,0
0.15,5.0,0.75,4,mcar,avg,0.9848,0
0.15,5.0,0.75,5,biased,avg,0.9758,0
0.15,5.0,0.75,5,biased,irt,1.0,0
0.15,5.0,0.75,5,mcar,avg,1.0,0
0.15,5.0,0.75,6,biased,avg,0.9879,0
0.15,5.0,0.75,6,biased,irt,1.0,0
0.15,5.0,0.75,6,mcar,avg,0.9515,0
0.15,5.0,0.75,7,biased,avg,1.0,0
0.15,5.0,0.75,7,biased,irt,1.0,0
0.15,5.0,0.75,7,mcar,avg,0.9758,0
0.15,5.0,0.75,8,biased,avg,0.9879,0
0.15,5.0,0.75,8,biased,irt,1.0,0
0.15,5.0,0.75,8,mcar,avg,0.9879,0
0.15,5.0,0.75,9,biased,avg,0.9879,0
0.15,5.0,0.75,9,biased,irt,1.0,0
0.15,5.0,0.75,9,mcar,avg,0.9879,0
0.15,5.0,0.75,10,biased,avg,0.9758,0
0.15,5.0,0.75,10,biased,irt,1.0,0
0.15,5.0,0.75,10,mcar,avg,0.9879,0
0.15,5.0,0.75,11,biased,avg,0.9758,0
0.15,5.0,0.75,11,biased,irt,1.0,0
0.15,5.0,0.75,11,mcar,avg,0.9879,1
0.15,5.0,0.75,12,biased,avg,0.9758,0
0.15,5.0,0.75,12,biased,irt,1.0,0
0.15,5.0,0.75,12,mcar,avg,0.9636,0
0.15,5.0,0.75,13,biased,avg,0.9879,0
0.15,5.0,0.75,13,biased,irt,1.0,0
0.15,5.0,0.75,13,mcar,avg,1.0,0
0.15,5.0,0.75,14,biased,avg,0.9515,0
0.15,5.0,0.75,14,biased,irt,1.0,0
0.15,5.0,0.75,14,mcar,avg,1.0,0
0.2,0.5,0.1,0,biased,avg,1.0,0
0.2,0.5,0.1,0,biased,irt,1.0,0
0.2,0.5,0.1,0,mcar,avg,1.0,0
0.2,0.5,0.1,1,biased,avg,1.0,0
0.2,0.5,0.1,1,biased,irt,1.0,0
0.2,0.5,0.1,1,mcar,avg,1.0,0
0.2,0.5,0.1,2,biased,avg,1.0,0
0.2,0.5,0.1,2,biased,irt,1.0,0
0.2,0.5,0.1,2,mcar,avg,1.0,0
0.2,0.5,0.1,3,biased,avg,1.0,0
0.2,0.5,0.1,3,biased,irt,1.0,0
0.2,0.5,0.1,3,mcar,avg,1.0,0
0.2,0.5,0.1,4,biased,avg,1.0,0
0.2,0.5,0.1,4,biased,irt,1.0,0
0.2,0.5,0.1,4,mcar,avg,1.0,0
0.2,0.5,0.1,5,biased,avg,1.0,0
0.2,0.5,0.1,5,biased,irt,1.0,0
0.2,0.5,0.1,5,mcar,avg,1.0,0
0.2,0.5,0.1,6,biased,avg,1.0,0
0.2,0.5,0.1,6,biased,irt,1.0,0
0.2,0.5,0.1,6,mcar,avg,1.0,0
0.2,0.5,0.1,7,biased,avg,1.0,0
0.2,0.5,0.1,7,biased,irt,1.0,0
0.2,0.5,0.1,7,mcar,avg,0.9879,1
0.2,0.5,0.1,8,biased,avg,1.0,0
0.2,0.5,0.1,8,biased,irt,1.0,0
0.2,0.5,0.1,8,mcar,avg,1.0,0
0.2,0.5,0.1,9,biased,avg,1.0,0
0.2,0.5,0.1,9,biased,irt,1.0,0
0.2,0.5,0.1,9,mcar,avg,1.0,0
0.2,0.5,0.1,10,biased,avg,1.0,0
0.2,0.5,0.1,10,biased,irt,1.0,0
0.2,0.5,0.1,10,mcar,avg,1.0,0
0.2,0.5,0.1,11,biased,avg,1.0,0
0.2,0.5,0.1,11,biased,irt,1.0,0
0.2,0.5,0.1,11,mcar,avg,1.0,0
0.2,0.5,0.1,12,biased,avg,1.0,0
0.2,0.5,0.1,12,biased,irt,1.0,0
0.2,0.5,0.1,12,mcar,avg,1.0,0
0.2,0.5,0.1,13,biased,avg,1.0,0
0.2,0.5,0.1,13,biased,irt,1.0,0
0.2,0.5,0.1,13,mcar,avg,1.0,0
0.2,0.5,0.1,14,biased,avg,1.0,0
0.2,0.5,0.1,14,biased,irt,1.0,0
0.2,0.5,0.1,14,mcar,avg,0.9879,0
0.2,1.0,0.2,0,biased,avg,1.0,0
0.2,1.0,0.2,0,biased,irt,1.0,0
0.2,1.0,0.2,0,mcar,avg,1.0,0
0.2,1.0,0.2,1,biased,avg,1.0,0
0.2,1.0,0.2,1,biased,irt,1.0,0
0.2,1.0,0.2,1,mcar,avg,1.0,0
0.2,1.0,0.2,2,biased,avg,1.0,0
0.2,1.0,0.2,2,biased,irt,1.0,0
0.2,1.0,0.2,2,mcar,avg,1.0,0
0.2,1.0,0.2,3,biased,avg,1.0,0
0.2,1.0,0.2,3,biased,irt,1.0,0
0.2,1.0,0.2,3,mcar,avg,1.0,0
0.2,1.0,0.2,4,biased,avg,0.9879,0
0.2,1.0,0.2,4,biased,irt,1.0,0
0.2,1.0,0.2,4,mcar,avg,1.0,0
0.2,1.0,0.2,5,biased,avg,1.0,0
0.2,1.0,0.2,5,biased,irt,1.0,0
0.2,1.0,0.2,5,mcar,avg,1.0,0
0.2,1.0,0.2,6,biased,avg,1.0,0
0.2,1.0,0.2,6,biased,irt,1.0,0
0.2,1.0,0.2,6,mcar,avg,1.0,0
0.2,1.0,0.2,7,biased,avg,1.0,0
0.2,1.0,0.2,7,biased,irt,1.0,0
0.2,1.0,0.2,7,mcar,avg,1.0,0
0.2,1.0,0.2,8,biased,avg,1.0,0
0.2,1.0,0.2,8,biased,irt,1.0,0
0.2,1.0,0.2,8,mcar,avg,1.0,0
0.2,1.0,0.2,9,biased,avg,1.0,0
0.2,1.0,0.2,9,biased,irt,1.0,0
0.2,1.0,0.2,9,mcar,avg,0.9879,0
0.2,1.0,0.2,10,biased,avg,1.0,0
0.2,1.0,0.2,10,biased,irt,1.0,0
0.2,1.0,0.2,10,mcar,avg,1.0,0
0.2,1.0,0.2,11,biased,avg,1.0,0
0.2,1.0,0.2,11,biased,irt,1.0,0
0.2,1.0,0.2,11,mcar,avg,1.0,0
0.2,1.0,0.2,12,biased,avg,1.0,0
0.2,1.0,0.2,12,biased,irt,1.0,0
0.2,1.0,0.2,12,mcar,avg,1.0,0
0.2,1.0,0.2,13,biased,avg,1.0,0
0.2,1.0,0.2,13,biased,irt,1.0,0
0.2,1.0,0.2,13,mcar,avg,0.9879,0
0.2,1.0,0.2,14,biased,avg,1.0,0
0.2,1.0,0.2,14,biased,irt,1.0,0
0.2,1.0,0.2,14,mcar,avg,1.0,0
0.2,1.5,0.3,0,biased,avg,0.9636,0
0.2,1.5,0.3,0,biased,irt,1.0,0
0.2,1.5,0.3,0,mcar,avg,1.0,0
0.2,1.5,0.3,1,biased,avg,1.0,0
0.2,1.5,0.3,1,biased,irt,1.0,0
0.2,1.5,0.3,1,mcar,avg,1.0,0
0.2,1.5,0.3,2,biased,avg,1.0,0
0.2,1.5,0.3,2,biased,irt,1.0,0
0.2,1.5,0.3,2,mcar,avg,1.0,0
0.2,1.5,0.3,3,biased,avg,0.9879,0
0.2,1.5,0.3,3,biased,irt,1.0,0
0.2,1.5,0.3,3,mcar,avg,1.0,0
0.2,1.5,0.3,4,biased,avg,0.9879,0
0.2,1.5,0.3,4,biased,irt,1.0,0
0.2,1.5,0.3,4,mcar,avg,1.0,0
0.2,1.5,0.3,5,biased,avg,1.0,0
0.2,1.5,0.3,5,biased,irt,1.0,0
0.2,1.5,0.3,5,mcar,avg,1.0,0
0.2,1.5,0.3,6,biased,avg,1.0,0
0.2,1.5,0.3,6,biased,irt,1.0,0
0.2,1.5,0.3,6,mcar,avg,1.0,0
0.2,1.5,0.3,7,biased,avg,1.0,0
0.2,1.5,0.3,7,biased,irt,1.0,0
0.2,1.5,0.3,7,mcar,avg,1.0,0
0.2,1.5,0.3,8,biased,avg,1.0,0
0.2,1.5,0.3,8,biased,irt,1.0,0
0.2,1.5,0.3,8,mcar,avg,1.0,0
0.2,1.5,0.3,9,biased,avg,1.0,0
0.2,1.5,0.3,9,biased,irt,1.0,0
0.2,1.5,0.3,9,mcar,avg,1.0,0
0.2,1.5,0.3,10,biased,avg,1.0,0
0.2,1.5,0.3,10,biased,irt,1.0,0
0.2,1.5,0.3,10,mcar,avg,1.0,0
0.2,1.5,0.3,11,biased,avg,1.0,0
0.2,1.5,0.3,11,biased,irt,1.0,0
0.2,1.5,0.3,11,mcar,avg,1.0,0
0.2,1.5,0.3,12,biased,avg,1.0,0
0.2,1.5,0.3,12,biased,irt,1.0,0
0.2,1.5,0.3,12,mcar,avg,1.0,0
0.2,1.5,0.3,13,biased,avg,0.9879,0
0.2,1.5,0.3,13,biased,irt,1.0,0
0.2,1.5,0.3,13,mcar,avg,1.0,0
0.2,1.5,0.3,14,biased,avg,1.0,0
0.2,1.5,0.3,14,biased,irt,1.0,0
0.2,1.5,0.3,14,mcar,avg,1.0,0
0.2,2.0,0.4,0,biased,avg,0.9879,0
0.2,2.0,0.4,0,biased,irt,1.0,0
0.2,2.0,0.4,0,mcar,avg,1.0,0
0.2,2.0,0.4,1,biased,avg,0.9879,0
0.2,2.0,0.4,1,biased,irt,1.0,0
0.2,2.0,0.4,1,mcar,avg,1.0,0
0.2,2.0,0.4,2,biased,avg,1.0,0
0.2,2.0,0.4,2,biased,irt,1.0,0
0.2,2.0,0.4,2,mcar,avg,1.0,0
0.2,2.0,0.4,3,biased,avg,1.0,0
0.2,2.0,0.4,3,biased,irt,1.0,0
0.2,2.0,0.4,3,mcar,avg,0.9879,0
0.2,2.0,0.4,4,biased,avg,1.0,0
0.2,2.0,0.4,4,biased,irt,1.0,0
0.2,2.0,0.4,4,mcar,avg,1.0,0
0.2,2.0,0.4,5,biased,avg,1.0,0
0.2,2.0,0.4,5,biased,irt,1.0,0
0.2,2.0,0.4,5,mcar,avg,1.0,0
0.2,2.0,0.4,6,biased,avg,1.0,0
0.2,2.0,0.4,6,biased,irt,1.0,0
0.2,2.0,0.4,6,mcar,avg,0.9879,0
0.2,2.0,0.4,7,biased,avg,1.0,0
0.2,2.0,0.4,7,biased,irt,1.0,0
0.2,2.0,0.4,7,mcar,avg,1.0,0
0.2,2.0,0.4,8,biased,avg,1.0,0
0.2,2.0,0.4,8,biased,irt,1.0,0
0.2,2.0,0.4,8,mcar,avg,1.0,0
0.2,2.0,0.4,9,biased,avg,0.9879,0
0.2,2.0,0.4,9,biased,irt,1.0,0
0.2,2.0,0.4,9,mcar,avg,0.9879,0
0.2,2.0,0.4,10,biased,avg,1.0,0
0.2,2.0,0.4,10,biased,irt,1.0,0
0.2,2.0,0.4,10,mcar,avg,1.0,0
0.2,2.0,0.4,11,biased,avg,1.0,0
0.2,2.0,0.4,11,biased,irt,1.0,0
0.2,2.0,0.4,11,mcar,avg,1.0,0
0.2,2.0,0.4,12,biased,avg,1.0,0
0.2,2.0,0.4,12,biased,irt,1.0,0
0.2,2.0,0.4,12,mcar,avg,1.0,0
0.2,2.0,0.4,13,biased,avg,1.0,0
0.2,2.0,0.4,13,biased,irt,1.0,0
0.2,2.0,0.4,13,mcar,avg,1.0,0
0.2,2.0,0.4,14,biased,avg,1.0,0
0.2,2.0,0.4,14,biased,irt,1.0,0
0.2,2.0,0.4,14,mcar,avg,1.0,0
0.2,2.5,0.5,0,biased,avg,1.0,0
0.2,2.5,0.5,0,biased,irt,1.0,0
0.2,2.5,0.5,0,mcar,avg,0.9879,0
0.2,2.5,0.5,1,biased,avg,1.0,0
0.2,2.5,0.5,1,biased,irt,1.0,0
0.2,2.5,0.5,1,mcar,avg,1.0,0
0.2,2.5,0.5,2,biased,avg,0.9879,0
0.2,2.5,0.5,2,biased,irt,1.0,0
0.2,2.5,0.5,2,mcar,avg,0.9879,0
0.2,2.5,0.5,3,biased,avg,1.0,0
0.2,2.5,0.5,3,biased,irt,1.0,0
0.2,2.5,0.5,3,mcar,avg,0.9758,0
0.2,2.5,0.5,4,biased,avg,0.9636,0
0.2,2.5,0.5,4,biased,irt,1.0,0
0.2,2.5,0.5,4,mcar,avg,1.0,0
0.2,2.5,0.5,5,biased,avg,0.9879,0
0.2,2.5,0.5,5,biased,irt,1.0,0
0.2,2.5,0.5,5,mcar,avg,1.0,0
0.2,2.5,0.5,6,biased,avg,1.0,0
0.2,2.5,0.5,6,biased,irt,1.0,0
0.2,2.5,0.5,6,mcar,avg,0.9758,1
0.2,2.5,0.5,7,biased,avg,1.0,0
0.2,2.5,0.5,7,biased,irt,1.0,0
0.2,2.5,0.5,7,mcar,avg,1.0,0
0.2,2.5,0.5,8,biased,avg,0.9879,0
0.2,2.5,0.5,8,biased,irt,1.0,0
0.2,2.5,0.5,8,mcar,avg,1.0,0
0.2,2.5,0.5,9,biased,avg,1.0,0
0.2,2.5,0.5,9,biased,irt,1.0,0
0.2,2.5,0.5,9,mcar,avg,0.9879,0
0.2,2.5,0.5,10,biased,avg,1.0,0
0.2,2.5,0.5,10,biased,irt,1.0,0
0.2,2.5,0.5,10,mcar,avg,0.9879,0
0.2,2.5,0.5,11,biased,avg,0.9879,0
0.2,2.5,0.5,11,biased,irt,1.0,0
0.2,2.5,0.5,11,mcar,avg,1.0,0
0.2,2.5,0.5,12,biased,avg,0.9879,0
0.2,2.5,0.5,12,biased,irt,1.0,0
0.2,2.5,0.5,12,mcar,avg,1.0,0
0.2,2.5,0.5,13,biased,avg,1.0,0
0.2,2.5,0.5,13,biased,irt,1.0,0
0.2,2.5,0.5,13,mcar,avg,1.0,0
0.2,2.5,0.5,14,biased,avg,1.0,0
0.2,2.5,0.5,14,biased,irt,1.0,0
0.2,2.5,0.5,14,mcar,avg,1.0,0
0.2,3.0,0.6,0,biased,avg,1.0,0
0.2,3.0,0.6,0,biased,irt,1.0,0
0.2,3.0,0.6,0,mcar,avg,0.9879,0
0.2,3.0,0.6,1,biased,avg,0.9879,0
0.2,3.0,0.6,1,biased,irt,1.0,0
0.2,3.0,0.6,1,mcar,avg,1.0,0
0.2,3.0,0.6,2,biased,avg,0.9636,0
0.2,3.0,0.6,2,biased,irt,1.0,0
0.2,3.0,0.6,2,mcar,avg,1.0,0
0.2,3.0,0.6,3,biased,avg,0.9879,0
0.2,3.0,0.6,3,biased,irt,1.0,0
0.2,3.0,0.6,3,mcar,avg,0.9636,0
0.2,3.0,0.6,4,biased,avg,0.9879,0
0.2,3.0,0.6,4,biased,irt,1.0,0
0.2,3.0,0.6,4,mcar,avg,1.0,0
0.2,3.0,0.6,5,biased,avg,0.9879,0
0.2,3.0,0.6,5,biased,irt,1.0,0
0.2,3.0,0.6,5,mcar,avg,0.9879,0
0.2,3.0,0.6,6,biased,avg,1.0,0
0.2,3.0,0.6,6,biased,irt,1.0,0
0.2,3.0,0.6,6,mcar,avg,1.0,0
0.2,3.0,0.6,7,biased,avg,0.9879,0
0.2,3.0,0.6,7,biased,irt,1.0,0
0.2,3.0,0.6,7,mcar,avg,1.0,0
0.2,3.0,0.6,8,biased,avg,1.0,0
0.2,3.0,0.6,8,biased,irt,1.0,0
0.2,3.0,0.6,8,mcar,avg,0.9758,0
0.2,3.0,0.6,9,biased,avg,0.9879,0
0.2,3.0,0.6,9,biased,irt,1.0,0
0.2,3.0,0.6,9,mcar,avg,1.0,0
0.2,3.0,0.6,10,biased,avg,1.0,0
0.2,3.0,0.6,10,biased,irt,1.0,0
0.2,3.0,0.6,10,mcar,avg,1.0,0
0.2,3.0,0.6,11,biased,avg,0.9879,0
0.2,3.0,0.6,11,biased,irt,1.0,0
0.2,3.0,0.6,11,mcar,avg,0.9879,0
0.2,3.0,0.6,12,biased,avg,1.0,0
0.2,3.0,0.6,12,biased,irt,1.0,0
0.2,3.0,0.6,12,mcar,avg,0.9879,0
0.2,3.0,0.6,13,biased,avg,1.0,0
0.2,3.0,0.6,13,biased,irt,1.0,0
0.2,3.0,0.6,13,mcar,avg,0.9758,0
0.2,3.0,0.6,14,biased,avg,1.0,0
0.2,3.0,0.6,14,biased,irt,1.0,0
0.2,3.0,0.6,14,mcar,avg,0.9879,0
0.2,3.5,0.7,0,biased,avg,0.9879,0
0.2,3.5,0.7,0,biased,irt,1.0,0
0.2,3.5,0.7,0,mcar,avg,0.9515,0
0.2,3.5,0.7,1,biased,avg,0.9879,0
0.2,3.5,0.7,1,biased,irt,1.0,0
0.2,3.5,0.7,1,mcar,avg,0.9879,0
0.2,3.5,0.7,2,biased,avg,1.0,0
0.2,3.5,0.7,2,biased,irt,1.0,0
0.2,3.5,0.7,2,mcar,avg,0.9879,0
0.2,3.5,0.7,3,biased,avg,1.0,0
0.2,3.5,0.7,3,biased,irt,1.0,0
0.2,3.5,0.7,3,mcar,avg,0.9879,0
0.2,3.5,0.7,4,biased,avg,1.0,0
0.2,3.5,0.7,4,biased,irt,1.0,0
0.2,3.5,0.7,4,mcar,avg,1.0,0
0.2,3.5,0.7,5,biased,avg,1.0,0
0.2,3.5,0.7,5,biased,irt,1.0,0
0.2,3.5,0.7,5,mcar,avg,0.9758,0
0.2,3.5,0.7,6,biased,avg,0.9879,0
0.2,3.5,0.7,6,biased,irt,1.0,0
0.2,3.5,0.7,6,mcar,avg,1.0,0
0.2,3.5,0.7,7,biased,avg,1.0,0
0.2,3.5,0.7,7,biased,irt,1.0,0
0.2,3.5,0.7,7,mcar,avg,0.9879,0
0.2,3.5,0.7,8,biased,avg,1.0,0
0.2,3.5,0.7,8,biased,irt,1.0,0
0.2,3.5,0.7,8,mcar,avg,1.0,0
0.2,3.5,0.7,9,biased,avg,0.9879,0
0.2,3.5,0.7,9,biased,irt,1.0,0
0.2,3.5,0.7,9,mcar,avg,1.0,0
0.2,3.5,0.7,10,biased,avg,0.9758,1
0.2,3.5,0.7,10,biased,irt,1.0,0
0.2,3.5,0.7,10,mcar,avg,0.9636,0
0.2,3.5,0.7,11,biased,avg,0.9879,0
0.2,3.5,0.7,11,biased,irt,1.0,0
0.2,3.5,0.7,11,mcar,avg,0.9879,0
0.2,3.5,0.7,12,biased,avg,1.0,0
0.2,3.5,0.7,12,biased,irt,1.0,0
0.2,3.5,0.7,12,mcar,avg,1.0,0
0.2,3.5,0.7,13,biased,avg,0.9879,0
0.2,3.5,0.7,13,biased,irt,1.0,0
0.2,3.5,0.7,13,mcar,avg,0.9758,0
0.2,3.5,0.7,14,biased,avg,0.9879,0
0.2,3.5,0.7,14,biased,irt,1.0,0
0.2,3.5,0.7,14,mcar,avg,1.0,0
0.2,4.0,0.8,0,biased,avg,1.0,0
0.2,4.0,0.8,0,biased,irt,1.0,0
0.2,4.0,0.8,0,mcar,avg,0.9879,1
0.2,4.0,0.8,1,biased,avg,0.9879,0
0.2,4.0,0.8,1,biased,irt,1.0,0
0.2,4.0,0.8,1,mcar,avg,0.9879,0
0.2,4.0,0.8,2,biased,avg,0.9515,0
0.2,4.0,0.8,2,biased,irt,1.0,0
0.2,4.0,0.8,2,mcar,avg,0.9879,0
0.2,4.0,0.8,3,biased,avg,1.0,0
0.2,4.0,0.8,3,biased,irt,1.0,0
0.2,4.0,0.8,3,mcar,avg,0.9879,0
0.2,4.0,0.8,4,biased,avg,1.0,0
0.2,4.0,0.8,4,biased,irt,1.0,0
0.2,4.0,0.8,4,mcar,avg,0.9636,0
0.2,4.0,0.8,5,biased,avg,0.9636,0
0.2,4.0,0.8,5,biased,irt,1.0,0
0.2,4.0,0.8,5,mcar,avg,1.0,0
0.2,4.0,0.8,6,biased,avg,0.9636,0
0.2,4.0,0.8,6,biased,irt,1.0,0
0.2,4.0,0.8,6,mcar,avg,0.9758,0
0.2,4.0,0.8,7,biased,avg,0.9879,0
0.2,4.0,0.8,7,biased,irt,1.0,0
0.2,4.0,0.8,7,mcar,avg,0.9758,0
0.2,4.0,0.8,8,biased,avg,0.9879,0
0.2,4.0,0.8,8,biased,irt,1.0,0
0.2,4.0,0.8,8,mcar,avg,0.9636,0
0.2,4.0,0.8,9,biased,avg,0.9758,0
0.2,4.0,0.8,9,biased,irt,1.0,0
0.2,4.0,0.8,9,mcar,avg,0.9758,1
0.2,4.0,0.8,10,biased,avg,0.9879,0
0.2,4.0,0.8,10,biased,irt,1.0,0
0.2,4.0,0.8,10,mcar,avg,0.9879,0
0.2,4.0,0.8,11,biased,avg,0.9879,0
0.2,4.0,0.8,11,biased,irt,1.0,0
0.2,4.0,0.8,11,mcar,avg,0.9758,0
0.2,4.0,0.8,12,biased,avg,0.9758,0
0.2,4.0,0.8,12,biased,irt,1.0,0
0.2,4.0,0.8,12,mcar,avg,0.9515,0
0.2,4.0,0.8,13,biased,avg,0.9879,0
0.2,4.0,0.8,13,biased,irt,1.0,0
0.2,4.0,0.8,13,mcar,avg,1.0,0
0.2,4.0,0.8,14,biased,avg,0.9879,0
0.2,4.0,0.8,14,biased,irt,1.0,0
0.2,4.0,0.8,14,mcar,avg,0.9879,0
0.2,4.5,0.9,0,biased,avg,0.9879,0
0.2,4.5,0.9,0,biased,irt,1.0,0
0.2,4.5,0.9,0,mcar,avg,0.9636,0
0.2,4.5,0.9,1,biased,avg,0.9758,0
0.2,4.5,0.9,1,biased,irt,1.0,0
0.2,4.5,0.9,1,mcar,avg,0.9879,0
0.2,4.5,0.9,2,biased,avg,0.9879,0
0.2,4.5,0.9,2,biased,irt,1.0,0
0.2,4.5,0.9,2,mcar,avg,0.9879,0
0.2,4.5,0.9,3,biased,avg,0.9636,0
0.2,4.5,0.9,3,biased,irt,1.0,0
0.2,4.5,0.9,3,mcar,avg,0.9879,0
0.2,4.5,0.9,4,biased,avg,1.0,0
0.2,4.5,0.9,4,biased,irt,1.0,0
0.2,4.5,0.9,4,mcar,avg,0.9758,0
0.2,4.5,0.9,5,biased,avg,0.9879,0
0.2,4.5,0.9,5,biased,irt,1.0,0
0.2,4.5,0.9,5,mcar,avg,1.0,0
0.2,4.5,0.9,6,biased,avg,0.9636,0
0.2,4.5,0.9,6,biased,irt,1.0,0
0.2,4.5,0.9,6,mcar,avg,0.9515,0
0.2,4.5,0.9,7,biased,avg,0.9515,0
0.2,4.5,0.9,7,biased,irt,1.0,0
0.2,4.5,0.9,7,mcar,avg,0.9758,0
0.2,4.5,0.9,8,biased,avg,1.0,0
0.2,4.5,0.9,8,biased,irt,1.0,0
0.2,4.5,0.9,8,mcar,avg,0.9879,0
0.2,4.5,0.9,9,biased,avg,0.9879,0
0.2,4.5,0.9,9,biased,irt,1.0,0
0.2,4.5,0.9,9,mcar,avg,0.9394,0
0.2,4.5,0.9,10,biased,avg,0.9394,0
0.2,4.5,0.9,10,biased,irt,1.0,0
0.2,4.5,0.9,10,mcar,avg,0.9758,0
0.2,4.5,0.9,11,biased,avg,0.9879,0
0.2,4.5,0.9,11,biased,irt,1.0,0
0.2,4.5,0.9,11,mcar,avg,0.9515,0
0.2,4.5,0.9,12,biased,avg,0.9879,1
0.2,4.5,0.9,12,biased,irt,1.0,0
0.2,4.5,0.9,12,mcar,avg,0.9879,0
0.2,4.5,0.9,13,biased,avg,0.9879,0
0.2,4.5,0.9,13,biased,irt,1.0,0
0.2,4.5,0.9,13,mcar,avg,0.9758,0
0.2,4.5,0.9,14,biased,avg,1.0,0
0.2,4.5,0.9,14,biased,irt,1.0,0
0.2,4.5,0.9,14,mcar,avg,0.9515,0
0.2,5.0,1.0,0,biased,avg,0.9636,0
0.2,5.0,1.0,0,biased,irt,1.0,0
0.2,5.0,1.0,0,mcar,avg,0.9636,0
0.2,5.0,1.0,1,biased,avg,0.9394,0
0.2,5.0,1.0,1,biased,irt,1.0,0
0.2,5.0,1.0,1,mcar,avg,0.9879,0
0.2,5.0,1.0,2,biased,avg,0.9879,0
0.2,5.0,1.0,2,biased,irt,1.0,0
0.2,5.0,1.0,2,mcar,avg,1.0,0
0.2,5.0,1.0,3,biased,avg,0.9758,0
0.2,5.0,1.0,3,biased,irt,1.0,0
0.2,5.0,1.0,3,mcar,avg,0.9636,0
0.2,5.0,1.0,4,biased,avg,0.9879,0
0.2,5.0,1.0,4,biased,irt,1.0,0
0.2,5.0,1.0,4,mcar,avg,0.9636,0
0.2,5.0,1.0,5,biased,avg,0.9273,0
0.2,5.0,1.0,5,biased,irt,1.0,0
0.2,5.0,1.0,5,mcar,avg,0.9879,0
0.2,5.0,1.0,6,biased,avg,0.9636,0
0.2,5.0,1.0,6,biased,irt,1.0,0
0.2,5.0,1.0,6,mcar,avg,0.9879,0
0.2,5.0,1.0,7,biased,avg,0.9636,0
0.2,5.0,1.0,7,biased,irt,1.0,0
0.2,5.0,1.0,7,mcar,avg,0.9636,0
0.2,5.0,1.0,8,biased,avg,0.9758,1
0.2,5.0,1.0,8,biased,irt,1.0,0
0.2,5.0,1.0,8,mcar,avg,0.9758,0
0.2,5.0,1.0,9,biased,avg,0.9758,0
0.2,5.0,1.0,9,biased,irt,1.0,0
0.2,5.0,1.0,9,mcar,avg,0.9394,0
0.2,5.0,1.0,10,biased,avg,0.9758,0
0.2,5.0,1.0,10,biased,irt,1.0,0
0.2,5.0,1.0,10,mcar,avg,0.9758,0
0.2,5.0,1.0,11,biased,avg,1.0,0
0.2,5.0,1.0,11,biased,irt,1.0,0
0.2,5.0,1.0,11,mcar,avg,0.9879,0
0.2,5.0,1.0,12,biased,avg,0.9515,0
0.2,5.0,1.0,12,biased,irt,1.0,0
0.2,5.0,1.0,12,mcar,avg,0.9879,0
0.2,5.0,1.0,13,biased,avg,1.0,0
0.2,5.0,1.0,13,biased,irt,1.0,0
0.2,5.0,1.0,13,mcar,avg,0.9879,0
0.2,5.0,1.0,14,biased,avg,0.9879,0
0.2,5.0,1.0,14,biased,irt,1.0,0
0.2,5.0,1.0,14,mcar,avg,0.9515,0
0.25,0.5,0.125,0,biased,avg,1.0,0
0.25,0.5,0.125,0,biased,irt,1.0,0
0.25,0.5,0.125,0,mcar,avg,1.0,0
0.25,0.5,0.125,1,biased,avg,1.0,0
0.25,0.5,0.125,1,biased,irt,1.0,0
0.25,0.5,0.125,1,mcar,avg,0.9879,0
0.25,0.5,0.125,2,biased,avg,1.0,0
0.25,0.5,0.125,2,biased,irt,1.0,0
0.25,0.5,0.125,2,mcar,avg,1.0,0
0.25,0.5,0.125,3,biased,avg,1.0,0
0.25,0.5,0.125,3,biased,irt,1.0,0
0.25,0.5,0.125,3,mcar,avg,1.0,0
0.25,0.5,0.125,4,biased,avg,1.0,0
0.25,0.5,0.125,4,biased,irt,1.0,0
0.25,0.5,0.125,4,mcar,avg,1.0,0
0.25,0.5,0.125,5,biased,avg,1.0,0
0.25,0.5,0.125,5,biased,irt,1.0,0
0.25,0.5,0.125,5,mcar,avg,0.9879,1
0.25,0.5,0.125,6,biased,avg,1.0,0
0.25,0.5,0.125,6,biased,irt,1.0,0
0.25,0.5,0.125,6,mcar,avg,1.0,0
0.25,0.5,0.125,7,biased,avg,1.0,0
0.25,0.5,0.125,7,biased,irt,1.0,0
0.25,0.5,0.125,7,mcar,avg,1.0,0
0.25,0.5,0.125,8,biased,avg,1.0,0
0.25,0.5,0.125,8,biased,irt,1.0,0
0.25,0.5,0.125,8,mcar,avg,1.0,0
0.25,0.5,0.125,9,biased,avg,1.0,0
0.25,0.5,0.125,9,biased,irt,1.0,0
0.25,0.5,0.125,9,mcar,avg,1.0,0
0.25,0.5,0.125,10,biased,avg,1.0,0
0.25,0.5,0.125,10,biased,irt,1.0,0
0.25,0.5,0.125,10,mcar,avg,1.0,0
0.25,0.5,0.125,11,biased,avg,1.0,0
0.25,0.5,0.125,11,biased,irt,1.0,0
0.25,0.5,0.125,11,mcar,avg,1.0,0
0.25,0.5,0.125,12,biased,avg,1.0,0
0.25,0.5,0.125,12,biased,irt,1.0,0
0.25,0.5,0.125,12,mcar,avg,1.0,0
0.25,0.5,0.125,13,biased,avg,1.0,0
0.25,0.5,0.125,13,biased,irt,1.0,0
0.25,0.5,0.125,13,mcar,avg,1.0,0
0.25,0.5,0.125,14,biased,avg,1.0,0
0.25,0.5,0.125,14,biased,irt,1.0,0
0.25,0.5,0.125,14,mcar,avg,0.9879,0
0.25,1.0,0.25,0,biased,avg,0.9879,0
0.25,1.0,0.25,0,biased,irt,1.0,0
0.25,1.0,0.25,0,mcar,avg,1.0,0
0.25,1.0,0.25,1,biased,avg,0.9879,0
0.25,1.0,0.25,1,biased,irt,1.0,0
0.25,1.0,0.25,1,mcar,avg,0.9879,0
0.25,1.0,0.25,2,biased,avg,1.0,0
0.25,1.0,0.25,2,biased,irt,1.0,0
0.25,1.0,0.25,2,mcar,avg,1.0,0
0.25,1.0,0.25,3,biased,avg,0.9879,0
0.25,1.0,0.25,3,biased,irt,1.0,0
0.25,1.0,0.25,3,mcar,avg,1.0,0
0.25,1.0,0.25,4,biased,avg,1.0,0
0.25,1.0,0.25,4,biased,irt,1.0,0
0.25,1.0,0.25,4,mcar,avg,1.0,0
0.25,1.0,0.25,5,biased,avg,1.0,0
0.25,1.0,0.25,5,biased,irt,1.0,0
0.25,1.0,0.25,5,mcar,avg,1.0,0
0.25,1.0,0.25,6,biased,avg,0.9879,0
0.25,1.0,0.25,6,biased,irt,1.0,0
0.25,1.0,0.25,6,mcar,avg,1.0,0
0.25,1.0,0.25,7,biased,avg,1.0,0
0.25,1.0,0.25,7,biased,irt,1.0,0
0.25,1.0,0.25,7,mcar,avg,1.0,0
0.25,1.0,0.25,8,biased,avg,1.0,0
0.25,1.0,0.25,8,biased,irt,1.0,0
0.25,1.0,0.25,8,mcar,avg,1.0,0
0.25,1.0,0.25,9,biased,avg,1.0,0
0.25,1.0,0.25,9,biased,irt,1.0,0
0.25,1.0,0.25,9,mcar,avg,1.0,0
0.25,1.0,0.25,10,biased,avg,0.9879,0
0.25,1.0,0.25,10,biased,irt,1.0,0
0.25,1.0,0.25,10,mcar,avg,1.0,0
0.25,1.0,0.25,11,biased,avg,1.0,0
0.25,1.0,0.25,11,biased,irt,1.0,0
0.25,1.0,0.25,11,mcar,avg,0.9879,0
0.25,1.0,0.25,12,biased,avg,1.0,0
0.25,1.0,0.25,12,biased,irt,1.0,0
0.25,1.0,0.25,12,mcar,avg,1.0,0
0.25,1.0,0.25,13,biased,avg,1.0,0
0.25,1.0,0.25,13,biased,irt,1.0,0
0.25,1.0,0.25,13,mcar,avg,1.0,0
0.25,1.0,0.25,14,biased,avg,1.0,0
0.25,1.0,0.25,14,biased,irt,1.0,0
0.25,1.0,0.25,14,mcar,avg,1.0,0
0.25,1.5,0.375,0,biased,avg,1.0,0
0.25,1.5,0.375,0,biased,irt,1.0,0
0.25,1.5,0.375,0,mcar,avg,0.9879,0
0.25,1.5,0.375,1,biased,avg,1.0,0
0.25,1.5,0.375,1,biased,irt,1.0,0
0.25,1.5,0.375,1,mcar,avg,0.9879,0
0.25,1.5,0.375,2,biased,avg,1.0,0
0.25,1.5,0.375,2,biased,irt,1.0,0
0.25,1.5,0.375,2,mcar,avg,1.0,0
0.25,1.5,0.375,3,biased,avg,1.0,0
0.25,1.5,0.375,3,biased,irt,1.0,0
0.25,1.5,0.375,3,mcar,avg,1.0,0
0.25,1.5,0.375,4,biased,avg,1.0,0
0.25,1.5,0.375,4,biased,irt,1.0,0
0.25,1.5,0.375,4,mcar,avg,1.0,0
0.25,1.5,0.375,5,biased,avg,0.9879,0
0.25,1.5,0.375,5,biased,irt,1.0,0
0.25,1.5,0.375,5,mcar,avg,1.0,0
0.25,1.5,0.375,6,biased,avg,1.0,0
0.25,1.5,0.375,6,biased,irt,1.0,0
0.25,1.5,0.375,6,mcar,avg,1.0,0
0.25,1.5,0.375,7,biased,avg,0.9879,0
0.25,1.5,0.375,7,biased,irt,1.0,0
0.25,1.5,0.375,7,mcar,avg,1.0,0
0.25,1.5,0.375,8,biased,avg,1.0,0
0.25,1.5,0.375,8,biased,irt,1.0,0
0.25,1.5,0.375,8,mcar,avg,1.0,0
0.25,1.5,0.375,9,biased,avg,1.0,0
0.25,1.5,0.375,9,biased,irt,1.0,0
0.25,1.5,0.375,9,mcar,avg,1.0,0
0.25,1.5,0.375,10,biased,avg,1.0,0
0.25,1.5,0.375,10,biased,irt,1.0,0
0.25,1.5,0.375,10,mcar,avg,1.0,0
0.25,1.5,0.375,11,biased,avg,1.0,0
0.25,1.5,0.375,11,biased,irt,1.0,0
0.25,1.5,0.375,11,mcar,avg,1.0,0
0.25,1.5,0.375,12,biased,avg,1.0,0
0.25,1.5,0.375,12,biased,irt,1.0,0
0.25,1.5,0.375,12,mcar,avg,1.0,0
0.25,1.5,0.375,13,biased,avg,0.9879,0
0.25,1.5,0.375,13,biased,irt,1.0,0
0.25,1.5,0.375,13,mcar,avg,1.0,0
0.25,1.5,0.375,14,biased,avg,1.0,0
0.25,1.5,0.375,14,biased,irt,1.0,0
0.25,1.5,0.375,14,mcar,avg,1.0,0
0.25,2.0,0.5,0,biased,avg,1.0,0
0.25,2.0,0.5,0,biased,irt,1.0,0
0.25,2.0,0.5,0,mcar,avg,1.0,0
0.25,2.0,0.5,1,biased,avg,1.0,0
0.25,2.0,0.5,1,biased,irt,1.0,0
0.25,2.0,0.5,1,mcar,avg,0.9879,0
0.25,2.0,0.5,2,biased,avg,1.0,0
0.25,2.0,0.5,2,biased,irt,1.0,0
0.25,2.0,0.5,2,mcar,avg,0.9879,0
0.25,2.0,0.5,3,biased,avg,0.9879,0
0.25,2.0,0.5,3,biased,irt,1.0,0
0.25,2.0,0.5,3,mcar,avg,1.0,0
0.25,2.0,0.5,4,biased,avg,0.9879,0
0.25,2.0,0.5,4,biased,irt,1.0,0
0.25,2.0,0.5,4,mcar,avg,0.9879,0
0.25,2.0,0.5,5,biased,avg,1.0,0
0.25,2.0,0.5,5,biased,irt,1.0,0
0.25,2.0,0.5,5,mcar,avg,1.0,0
0.25,2.0,0.5,6,biased,avg,1.0,0
0.25,2.0,0.5,6,biased,irt,1.0,0
0.25,2.0,0.5,6,mcar,avg,1.0,0
0.25,2.0,0.5,7,biased,avg,0.9879,0
0.25,2.0,0.5,7,biased,irt,1.0,0
0.25,2.0,0.5,7,mcar,avg,0.9879,0
0.25,2.0,0.5,8,biased,avg,1.0,0
0.25,2.0,0.5,8,biased,irt,1.0,0
0.25,2.0,0.5,8,mcar,avg,0.9879,0
0.25,2.0,0.5,9,biased,avg,1.0,0
0.25,2.0,0.5,9,biased,irt,1.0,0
0.25,2.0,0.5,9,mcar,avg,1.0,0
0.25,2.0,0.5,10,biased,avg,1.0,0
0.25,2.0,0.5,10,biased,irt,1.0,0
0.25,2.0,0.5,10,mcar,avg,0.9879,0
0.25,2.0,0.5,11,biased,avg,1.0,0
0.25,2.0,0.5,11,biased,irt,1.0,0
0.25,2.0,0.5,11,mcar,avg,1.0,0
0.25,2.0,0.5,12,biased,avg,1.0,0
0.25,2.0,0.5,12,biased,irt,1.0,0
0.25,2.0,0.5,12,mcar,avg,1.0,0
0.25,2.0,0.5,13,biased,avg,1.0,0
0.25,2.0,0.5,13,biased,irt,1.0,0
0.25,2.0,0.5,13,mcar,avg,0.9879,0
0.25,2.0,0.5,14,biased,avg,1.0,0
0.25,2.0,0.5,14,biased,irt,1.0,0
0.25,2.0,0.5,14,mcar,avg,0.9879,0
0.25,2.5,0.625,0,biased,avg,0.9879,0
0.25,2.5,0.625,0,biased,irt,1.0,0
0.25,2.5,0.625,0,mcar,avg,0.9879,0
0.25,2.5,0.625,1,biased,avg,1.0,0
0.25,2.5,0.625,1,biased,irt,1.0,0
0.25,2.5,0.625,1,mcar,avg,1.0,0
0.25,2.5,0.625,2,biased,avg,1.0,0
0.25,2.5,0.625,2,biased,irt,1.0,0
0.25,2.5,0.625,2,mcar,avg,1.0,0
0.25,2.5,0.625,3,biased,avg,1.0,0
0.25,2.5,0.625,3,biased,irt,1.0,0
0.25,2.5,0.625,3,mcar,avg,1.0,0
0.25,2.5,0.625,4,biased,avg,0.9879,0
0.25,2.5,0.625,4,biased,irt,1.0,0
0.25,2.5,0.625,4,mcar,avg,1.0,0
0.25,2.5,0.625,5,biased,avg,0.9758,0
0.25,2.5,0.625,5,biased,irt,1.0,0
0.25,2.5,0.625,5,mcar,avg,1.0,0
0.25,2.5,0.625,6,biased,avg,0.9879,0
0.25,2.5,0.625,6,biased,irt,1.0,0
0.25,2.5,0.625,6,mcar,avg,1.0,0
0.25,2.5,0.625,7,biased,avg,1.0,0
0.25,2.5,0.625,7,biased,irt,1.0,0
0.25,2.5,0.625,7,mcar,avg,0.9758,0
0.25,2.5,0.625,8,biased,avg,1.0,0
0.25,2.5,0.625,8,biased,irt,1.0,0
0.25,2.5,0.625,8,mcar,avg,0.9758,0
0.25,2.5,0.625,9,biased,avg,1.0,0
0.25,2.5,0.625,9,biased,irt,1.0,0
0.25,2.5,0.625,9,mcar,avg,1.0,0
0.25,2.5,0.625,10,biased,avg,1.0,0
0.25,2.5,0.625,10,biased,irt,1.0,0
0.25,2.5,0.625,10,mcar,avg,0.9879,0
0.25,2.5,0.625,11,biased,avg,1.0,0
0.25,2.5,0.625,11,biased,irt,1.0,0
0.25,2.5,0.625,11,mcar,avg,1.0,0
0.25,2.5,0.625,12,biased,avg,0.9879,0
0.25,2.5,0.625,12,biased,irt,1.0,0
0.25,2.5,0.625,12,mcar,avg,0.9879,0
0.25,2.5,0.625,13,biased,avg,0.9879,0
0.25,2.5,0.625,13,biased,irt,1.0,0
0.25,2.5,0.625,13,mcar,avg,0.9879,0
0.25,2.5,0.625,14,biased,avg,0.9879,0
0.25,2.5,0.625,14,biased,irt,1.0,0
0.25,2.5,0.625,14,mcar,avg,1.0,0
0.25,3.0,0.75,0,biased,avg,1.0,0
0.25,3.0,0.75,0,biased,irt,1.0,0
0.25,3.0,0.75,0,mcar,avg,1.0,0
0.25,3.0,0.75,1,biased,avg,1.0,0
0.25,3.0,0.75,1,biased,irt,1.0,0
0.25,3.0,0.75,1,mcar,avg,0.9879,0
0.25,3.0,0.75,2,biased,avg,1.0,0
0.25,3.0,0.75,2,biased,irt,1.0,0
0.25,3.0,0.75,2,mcar,avg,1.0,0
0.25,3.0,0.75,3,biased,avg,1.0,0
0.25,3.0,0.75,3,biased,irt,1.0,0
0.25,3.0,0.75,3,mcar,avg,0.9879,0
0.25,3.0,0.75,4,biased,avg,0.9879,0
0.25,3.0,0.75,4,biased,irt,1.0,0
0.25,3.0,0.75,4,mcar,avg,0.9879,0
0.25,3.0,0.75,5,biased,avg,0.9879,0
0.25,3.0,0.75,5,biased,irt,1.0,0
0.25,3.0,0.75,5,mcar,avg,0.9879,0
0.25,3.0,0.75,6,biased,avg,1.0,0
0.25,3.0,0.75,6,biased,irt,1.0,0
0.25,3.0,0.75,6,mcar,avg,1.0,0
0.25,3.0,0.75,7,biased,avg,0.9758,0
0.25,3.0,0.75,7,biased,irt,1.0,0
0.25,3.0,0.75,7,mcar,avg,0.9879,0
0.25,3.0,0.75,8,biased,avg,0.9758,0
0.25,3.0,0.75,8,biased,irt,1.0,0
0.25,3.0,0.75,8,mcar,avg,0.9515,0
0.25,3.0,0.75,9,biased,avg,0.9636,0
0.25,3.0,0.75,9,biased,irt,1.0,0
0.25,3.0,0.75,9,mcar,avg,0.9515,0
0.25,3.0,0.75,10,biased,avg,0.9515,0
0.25,3.0,0.75,10,biased,irt,1.0,0
0.25,3.0,0.75,10,mcar,avg,1.0,0
0.25,3.0,0.75,11,biased,avg,1.0,0
0.25,3.0,0.75,11,biased,irt,1.0,0
0.25,3.0,0.75,11,mcar,avg,1.0,0
0.25,3.0,0.75,12,biased,avg,1.0,0
0.25,3.0,0.75,12,biased,irt,1.0,0
0.25,3.0,0.75,12,mcar,avg,0.9758,0
0.25,3.0,0.75,13,biased,avg,1.0,0
0.25,3.0,0.75,13,biased,irt,1.0,0
0.25,3.0,0.75,13,mcar,avg,0.9879,0
0.25,3.0,0.75,14,biased,avg,0.9879,0
0.25,3.0,0.75,14,biased,irt,1.0,0
0.25,3.0,0.75,14,mcar,avg,1.0,0
0.25,3.5,0.875,0,biased,avg,0.9879,0
0.25,3.5,0.875,0,biased,irt,1.0,0
0.25,3.5,0.875,0,mcar,avg,0.9879,0
0.25,3.5,0.875,1,biased,avg,0.9636,0
0.25,3.5,0.875,1,biased,irt,1.0,0
0.25,3.5,0.875,1,mcar,avg,0.9758,0
0.25,3.5,0.875,2,biased,avg,0.9879,0
0.25,3.5,0.875,2,biased,irt,1.0,0
0.25,3.5,0.875,2,mcar,avg,0.9758,0
0.25,3.5,0.875,3,biased,avg,0.997,0
0.25,3.5,0.875,3,biased,irt,1.0,0
0.25,3.5,0.875,3,mcar,avg,1.0,0
0.25,3.5,0.875,4,biased,avg,1.0,0
0.25,3.5,0.875,4,biased,irt,1.0,0
0.25,3.5,0.875,4,mcar,avg,0.9879,0
0.25,3.5,0.875,5,biased,avg,0.9879,0
0.25,3.5,0.875,5,biased,irt,1.0,0
0.25,3.5,0.875,5,mcar,avg,1.0,0
0.25,3.5,0.875,6,biased,avg,0.9758,0
0.25,3.5,0.875,6,biased,irt,1.0,0
0.25,3.5,0.875,6,mcar,avg,1.0,0
0.25,3.5,0.875,7,biased,avg,0.9879,0
0.25,3.5,0.875,7,biased,irt,1.0,0
0.25,3.5,0.875,7,mcar,avg,0.9879,0
0.25,3.5,0.875,8,biased,avg,0.9879,0
0.25,3.5,0.875,8,biased,irt,1.0,0
0.25,3.5,0.875,8,mcar,avg,0.9636,0
0.25,3.5,0.875,9,biased,avg,0.9726,1
0.25,3.5,0.875,9,biased,irt,1.0,0
0.25,3.5,0.875,9,mcar,avg,1.0,0
0.25,3.5,0.875,10,biased,avg,1.0,0
0.25,3.5,0.875,10,biased,irt,1.0,0
0.25,3.5,0.875,10,mcar,avg,0.9515,0
0.25,3.5,0.875,11,biased,avg,0.9879,0
0.25,3.5,0.875,11,biased,irt,1.0,0
0.25,3.5,0.875,11,mcar,avg,1.0,0
0.25,3.5,0.875,12,biased,avg,1.0,0
0.25,3.5,0.875,12,biased,irt,1.0,0
0.25,3.5,0.875,12,mcar,avg,0.9636,0
0.25,3.5,0.875,13,biased,avg,0.9879,0
0.25,3.5,0.875,13,biased,irt,1.0,0
0.25,3.5,0.875,13,mcar,avg,0.9879,0
0.25,3.5,0.875,14,biased,avg,0.9879,0
0.25,3.5,0.875,14,biased,irt,1.0,0
0.25,3.5,0.875,14,mcar,avg,0.9758,0
0.25,4.0,1.0,0,biased,avg,0.9636,0
0.25,4.0,1.0,0,biased,irt,1.0,0
0.25,4.0,1.0,0,mcar,avg,0.9879,0
0.25,4.0,1.0,1,biased,avg,0.9515,0
0.25,4.0,1.0,1,biased,irt,1.0,0
0.25,4.0,1.0,1,mcar,avg,0.9879,0
0.25,4.0,1.0,2,biased,avg,0.9879,0
0.25,4.0,1.0,2,biased,irt,1.0,0
0.25,4.0,1.0,2,mcar,avg,0.9636,1
0.25,4.0,1.0,3,biased,avg,0.9758,0
0.25,4.0,1.0,3,biased,irt,1.0,0
0.25,4.0,1.0,3,mcar,avg,1.0,0
0.25,4.0,1.0,4,biased,avg,0.9879,0
0.25,4.0,1.0,4,biased,irt,1.0,0
0.25,4.0,1.0,4,mcar,avg,0.9879,0
0.25,4.0,1.0,5,biased,avg,0.9879,0
0.25,4.0,1.0,5,biased,irt,1.0,0
0.25,4.0,1.0,5,mcar,avg,0.9394,0
0.25,4.0,1.0,6,biased,avg,1.0,0
0.25,4.0,1.0,6,biased,irt,1.0,0
0.25,4.0,1.0,6,mcar,avg,0.9879,0
0.25,4.0,1.0,7,biased,avg,1.0,0
0.25,4.0,1.0,7,biased,irt,1.0,0
0.25,4.0,1.0,7,mcar,avg,1.0,0
0.25,4.0,1.0,8,biased,avg,1.0,0
0.25,4.0,1.0,8,biased,irt,1.0,0
0.25,4.0,1.0,8,mcar,avg,0.9879,0
0.25,4.0,1.0,9,biased,avg,0.9879,0
0.25,4.0,1.0,9,biased,irt,1.0,0
0.25,4.0,1.0,9,mcar,avg,0.9394,0
0.25,4.0,1.0,10,biased,avg,0.9879,0
0.25,4.0,1.0,10,biased,irt,1.0,0
0.25,4.0,1.0,10,mcar,avg,1.0,0
0.25,4.0,1.0,11,biased,avg,0.9879,0
0.25,4.0,1.0,11,biased,irt,1.0,0
0.25,4.0,1.0,11,mcar,avg,0.9758,0
0.25,4.0,1.0,12,biased,avg,1.0,0
0.25,4.0,1.0,12,biased,irt,1.0,0
0.25,4.0,1.0,12,mcar,avg,1.0,0
0.25,4.0,1.0,13,biased,avg,0.9758,0
0.25,4.0,1.0,13,biased,irt,1.0,0
0.25,4.0,1.0,13,mcar,avg,0.9758,0
0.25,4.0,1.0,14,biased,avg,0.9636,1
0.25,4.0,1.0,14,biased,irt,1.0,0
0.25,4.0,1.0,14,mcar,avg,0.9879,0
0.25,4.5,1.125,0,biased,avg,0.9515,1
0.25,4.5,1.125,0,biased,irt,1.0,0
0.25,4.5,1.125,0,mcar,avg,0.9636,0
0.25,4.5,1.125,1,biased,avg,0.9483,0
0.25,4.5,1.125,1,biased,irt,1.0,0
0.25,4.5,1.125,1,mcar,avg,0.9636,0
0.25,4.5,1.125,2,biased,avg,0.9879,0
0.25,4.5,1.125,2,biased,irt,1.0,0
0.25,4.5,1.125,2,mcar,avg,0.9879,0
0.25,4.5,1.125,3,biased,avg,0.9515,0
0.25,4.5,1.125,3,biased,irt,1.0,0
0.25,4.5,1.125,3,mcar,avg,0.9879,0
0.25,4.5,1.125,4,biased,avg,0.9879,0
0.25,4.5,1.125,4,biased,irt,1.0,0
0.25,4.5,1.125,4,mcar,avg,0.9879,0
0.25,4.5,1.125,5,biased,avg,0.9515,0
0.25,4.5,1.125,5,biased,irt,1.0,0
0.25,4.5,1.125,5,mcar,avg,0.9515,0
0.25,4.5,1.125,6,biased,avg,0.9636,0
0.25,4.5,1.125,6,biased,irt,1.0,0
0.25,4.5,1.125,6,mcar,avg,0.9879,0
0.25,4.5,1.125,7,biased,avg,0.8909,0
0.25,4.5,1.125,7,biased,irt,1.0,0
0.25,4.5,1.125,7,mcar,avg,0.9758,0
0.25,4.5,1.125,8,biased,avg,0.9879,0
0.25,4.5,1.125,8,biased,irt,1.0,0
0.25,4.5,1.125,8,mcar,avg,0.9515,0
0.25,4.5,1.125,9,biased,avg,0.9636,0
0.25,4.5,1.125,9,biased,irt,1.0,0
0.25,4.5,1.125,9,mcar,avg,0.9758,0
0.25,4.5,1.125,10,biased,avg,0.9879,0
0.25,4.5,1.125,10,biased,irt,1.0,0
0.25,4.5,1.125,10,mcar,avg,0.9879,0
0.25,4.5,1.125,11,biased,avg,0.9394,0
0.25,4.5,1.125,11,biased,irt,1.0,0
0.25,4.5,1.125,11,mcar,avg,0.9879,0
0.25,4.5,1.125,12,biased,avg,0.9636,0
0.25,4.5,1.125,12,biased,irt,1.0,0
0.25,4.5,1.125,12,mcar,avg,1.0,0
0.25,4.5,1.125,13,biased,avg,0.9394,0
0.25,4.5,1.125,13,biased,irt,1.0,0
0.25,4.5,1.125,13,mcar,avg,0.9758,0
0.25,4.5,1.125,14,biased,avg,0.9636,0
0.25,4.5,1.125,14,biased,irt,1.0,0
0.25,4.5,1.125,14,mcar,avg,0.9758,0
0.25,5.0,1.25,0,biased,avg,0.9515,0
0.25,5.0,1.25,0,biased,irt,1.0,0
0.25,5.0,1.25,0,mcar,avg,0.9636,0
0.25,5.0,1.25,1,biased,avg,0.9273,0
0.25,5.0,1.25,1,biased,irt,1.0,0
0.25,5.0,1.25,1,mcar,avg,0.9879,0
0.25,5.0,1.25,2,biased,avg,0.9515,1
0.25,5.0,1.25,2,biased,irt,1.0,0
0.25,5.0,1.25,2,mcar,avg,0.9515,1
0.25,5.0,1.25,3,biased,avg,0.9273,0
0.25,5.0,1.25,3,biased,irt,1.0,0
0.25,5.0,1.25,3,mcar,avg,0.9636,0
0.25,5.0,1.25,4,biased,avg,0.9273,0
0.25,5.0,1.25,4,biased,irt,1.0,0
0.25,5.0,1.25,4,mcar,avg,0.9879,0
0.25,5.0,1.25,5,biased,avg,0.9879,0
0.25,5.0,1.25,5,biased,irt,1.0,0
0.25,5.0,1.25,5,mcar,avg,0.9636,1
0.25,5.0,1.25,6,biased,avg,0.9879,0
0.25,5.0,1.25,6,biased,irt,1.0,0
0.25,5.0,1.25,6,mcar,avg,1.0,0
0.25,5.0,1.25,7,biased,avg,0.9758,0
0.25,5.0,1.25,7,biased,irt,1.0,0
0.25,5.0,1.25,7,mcar,avg,0.9394,0
0.25,5.0,1.25,8,biased,avg,0.9758,0
0.25,5.0,1.25,8,biased,irt,1.0,0
0.25,5.0,1.25,8,mcar,avg,0.9758,0
0.25,5.0,1.25,9,biased,avg,0.9636,0
0.25,5.0,1.25,9,biased,irt,1.0,0
0.25,5.0,1.25,9,mcar,avg,0.9758,0
0.25,5.0,1.25,10,biased,avg,0.9879,0
0.25,5.0,1.25,10,biased,irt,1.0,0
0.25,5.0,1.25,10,mcar,avg,0.9879,0
0.25,5.0,1.25,11,biased,avg,0.9636,0
0.25,5.0,1.25,11,biased,irt,1.0,0
0.25,5.0,1.25,11,mcar,avg,0.9758,0
0.25,5.0,1.25,12,biased,avg,0.9636,1
0.25,5.0,1.25,12,biased,irt,1.0,0
0.25,5.0,1.25,12,mcar,avg,0.9636,0
0.25,5.0,1.25,13,biased,avg,0.9515,0
0.25,5.0,1.25,13,biased,irt,1.0,0
0.25,5.0,1.25,13,mcar,avg,0.9394,0
0.25,5.0,1.25,14,biased,avg,0.9636,1
0.25,5.0,1.25,14,biased,irt,1.0,0
0.25,5.0,1.25,14,mcar,avg,0.9758,0
0.3,0.5,0.15,0,biased,avg,1.0,0
0.3,0.5,0.15,0,biased,irt,1.0,0
0.3,0.5,0.15,0,mcar,avg,1.0,0
0.3,0.5,0.15,1,biased,avg,0.9879,0
0.3,0.5,0.15,1,biased,irt,1.0,0
0.3,0.5,0.15,1,mcar,avg,0.9879,0
0.3,0.5,0.15,2,biased,avg,1.0,0
0.3,0.5,0.15,2,biased,irt,1.0,0
0.3,0.5,0.15,2,mcar,avg,1.0,0
0.3,0.5,0.15,3,biased,avg,1.0,0
0.3,0.5,0.15,3,biased,irt,1.0,0
0.3,0.5,0.15,3,mcar,avg,1.0,0
0.3,0.5,0.15,4,biased,avg,0.9879,0
0.3,0.5,0.15,4,biased,irt,1.0,0
0.3,0.5,0.15,4,mcar,avg,0.9879,0
0.3,0.5,0.15,5,biased,avg,0.9879,0
0.3,0.5,0.15,5,biased,irt,1.0,0
0.3,0.5,0.15,5,mcar,avg,1.0,0
0.3,0.5,0.15,6,biased,avg,1.0,0
0.3,0.5,0.15,6,biased,irt,1.0,0
0.3,0.5,0.15,6,mcar,avg,1.0,0
0.3,0.5,0.15,7,biased,avg,1.0,0
0.3,0.5,0.15,7,biased,irt,1.0,0
0.3,0.5,0.15,7,mcar,avg,0.9879,0
0.3,0.5,0.15,8,biased,avg,1.0,0
0.3,0.5,0.15,8,biased,irt,1.0,0
0.3,0.5,0.15,8,mcar,avg,1.0,0
0.3,0.5,0.15,9,biased,avg,1.0,0
0.3,0.5,0.15,9,biased,irt,1.0,0
0.3,0.5,0.15,9,mcar,avg,1.0,0
0.3,0.5,0.15,10,biased,avg,1.0,0
0.3,0.5,0.15,10,biased,irt,1.0,0
0.3,0.5,0.15,10,mcar,avg,0.9879,1
0.3,0.5,0.15,11,biased,avg,1.0,0
0.3,0.5,0.15,11,biased,irt,1.0,0
0.3,0.5,0.15,11,mcar,avg,1.0,0
0.3,0.5,0.15,12,biased,avg,1.0,0
0.3,0.5,0.15,12,biased,irt,1.0,0
0.3,0.5,0.15,12,mcar,avg,1.0,0
0.3,0.5,0.15,13,biased,avg,1.0,0
0.3,0.5,0.15,13,biased,irt,1.0,0
0.3,0.5,0.15,13,mcar,avg,1.0,0
0.3,0.5,0.15,14,biased,avg,1.0,0
0.3,0.5,0.15,14,biased,irt,1.0,0
0.3,0.5,0.15,14,mcar,avg,1.0,0
0.3,1.0,0.3,0,biased,avg,1.0,0
0.3,1.0,0.3,0,biased,irt,1.0,0
0.3,1.0,0.3,0,mcar,avg,1.0,0
0.3,1.0,0.3,1,biased,avg,1.0,0
0.3,1.0,0.3,1,biased,irt,1.0,0
0.3,1.0,0.3,1,mcar,avg,1.0,0
0.3,1.0,0.3,2,biased,avg,0.9879,0
0.3,1.0,0.3,2,biased,irt,1.0,0
0.3,1.0,0.3,2,mcar,avg,1.0,0
0.3,1.0,0.3,3,biased,avg,0.9879,0
0.3,1.0,0.3,3,biased,irt,1.0,0
0.3,1.0,0.3,3,mcar,avg,1.0,0
0.3,1.0,0.3,4,biased,avg,1.0,0
0.3,1.0,0.3,4,biased,irt,1.0,0
0.3,1.0,0.3,4,mcar,avg,1.0,0
0.3,1.0,0.3,5,biased,avg,0.9879,0
0.3,1.0,0.3,5,biased,irt,1.0,0
0.3,1.0,0.3,5,mcar,avg,1.0,0
0.3,1.0,0.3,6,biased,avg,1.0,0
0.3,1.0,0.3,6,biased,irt,1.0,0
0.3,1.0,0.3,6,mcar,avg,1.0,0
0.3,1.0,0.3,7,biased,avg,1.0,0
0.3,1.0,0.3,7,biased,irt,1.0,0
0.3,1.0,0.3,7,mcar,avg,0.9879,0
0.3,1.0,0.3,8,biased,avg,0.9879,0
0.3,1.0,0.3,8,biased,irt,1.0,0
0.3,1.0,0.3,8,mcar,avg,1.0,0
0.3,1.0,0.3,9,biased,avg,1.0,0
0.3,1.0,0.3,9,biased,irt,1.0,0
0.3,1.0,0.3,9,mcar,avg,0.9879,0
0.3,1.0,0.3,10,biased,avg,1.0,0
0.3,1.0,0.3,10,biased,irt,1.0,0
0.3,1.0,0.3,10,mcar,avg,1.0,0
0.3,1.0,0.3,11,biased,avg,1.0,0
0.3,1.0,0.3,11,biased,irt,1.0,0
0.3,1.0,0.3,11,mcar,avg,1.0,0
0.3,1.0,0.3,12,biased,avg,1.0,0
0.3,1.0,0.3,12,biased,irt,1.0,0
0.3,1.0,0.3,12,mcar,avg,0.9879,0
0.3,1.0,0.3,13,biased,avg,1.0,0
0.3,1.0,0.3,13,biased,irt,1.0,0
0.3,1.0,0.3,13,mcar,avg,1.0,0
0.3,1.0,0.3,14,biased,avg,1.0,0
0.3,1.0,0.3,14,biased,irt,1.0,0
0.3,1.0,0.3,14,mcar,avg,1.0,0
0.3,1.5,0.45,0,biased,avg,0.9879,0
0.3,1.5,0.45,0,biased,irt,1.0,0
0.3,1.5,0.45,0,mcar,avg,1.0,0
0.3,1.5,0.45,1,biased,avg,1.0,0
0.3,1.5,0.45,1,biased,irt,1.0,0
0.3,1.5,0.45,1,mcar,avg,1.0,0
0.3,1.5,0.45,2,biased,avg,1.0,0
0.3,1.5,0.45,2,biased,irt,1.0,0
0.3,1.5,0.45,2,mcar,avg,1.0,0
0.3,1.5,0.45,3,biased,avg,1.0,0
0.3,1.5,0.45,3,biased,irt,1.0,0
0.3,1.5,0.45,3,mcar,avg,1.0,0
0.3,1.5,0.45,4,biased,avg,1.0,0
0.3,1.5,0.45,4,biased,irt,1.0,0
0.3,1.5,0.45,4,mcar,avg,1.0,0
0.3,1.5,0.45,5,biased,avg,1.0,0
0.3,1.5,0.45,5,biased,irt,1.0,0
0.3,1.5,0.45,5,mcar,avg,1.0,0
0.3,1.5,0.45,6,biased,avg,1.0,0
0.3,1.5,0.45,6,biased,irt,1.0,0
0.3,1.5,0.45,6,mcar,avg,0.9758,0
0.3,1.5,0.45,7,biased,avg,1.0,0
0.3,1.5,0.45,7,biased,irt,1.0,0
0.3,1.5,0.45,7,mcar,avg,0.9879,0
0.3,1.5,0.45,8,biased,avg,0.9879,0
0.3,1.5,0.45,8,biased,irt,1.0,0
0.3,1.5,0.45,8,mcar,avg,1.0,0
0.3,1.5,0.45,9,biased,avg,0.9879,0
0.3,1.5,0.45,9,biased,irt,1.0,0
0.3,1.5,0.45,9,mcar,avg,1.0,0
0.3,1.5,0.45,10,biased,avg,1.0,0
0.3,1.5,0.45,10,biased,irt,1.0,0
0.3,1.5,0.45,10,mcar,avg,1.0,0
0.3,1.5,0.45,11,biased,avg,1.0,0
0.3,1.5,0.45,11,biased,irt,1.0,0
0.3,1.5,0.45,11,mcar,avg,1.0,0
0.3,1.5,0.45,12,biased,avg,0.9879,0
0.3,1.5,0.45,12,biased,irt,1.0,0
0.3,1.5,0.45,12,mcar,avg,1.0,0
0.3,1.5,0.45,13,biased,avg,1.0,0
0.3,1.5,0.45,13,biased,irt,1.0,0
0.3,1.5,0.45,13,mcar,avg,0.9879,0
0.3,1.5,0.45,14,biased,avg,0.9879,0
0.3,1.5,0.45,14,biased,irt,1.0,0
0.3,1.5,0.45,14,mcar,avg,1.0,0
0.3,2.0,0.6,0,biased,avg,1.0,0
0.3,2.0,0.6,0,biased,irt,1.0,0
0.3,2.0,0.6,0,mcar,avg,0.9879,0
0.3,2.0,0.6,1,biased,avg,1.0,0
0.3,2.0,0.6,1,biased,irt,1.0,0
0.3,2.0,0.6,1,mcar,avg,1.0,0
0.3,2.0,0.6,2,biased,avg,0.9879,0
0.3,2.0,0.6,2,biased,irt,1.0,0
0.3,2.0,0.6,2,mcar,avg,1.0,0
0.3,2.0,0.6,3,biased,avg,1.0,0
0.3,2.0,0.6,3,biased,irt,1.0,0
0.3,2.0,0.6,3,mcar,avg,1.0,0
0.3,2.0,0.6,4,biased,avg,1.0,0
0.3,2.0,0.6,4,biased,irt,1.0,0
0.3,2.0,0.6,4,mcar,avg,1.0,0
0.3,2.0,0.6,5,biased,avg,1.0,0
0.3,2.0,0.6,5,biased,irt,1.0,0
0.3,2.0,0.6,5,mcar,avg,0.9879,0
0.3,2.0,0.6,6,biased,avg,1.0,0
0.3,2.0,0.6,6,biased,irt,1.0,0
0.3,2.0,0.6,6,mcar,avg,1.0,0
0.3,2.0,0.6,7,biased,avg,1.0,0
0.3,2.0,0.6,7,biased,irt,1.0,0
0.3,2.0,0.6,7,mcar,avg,1.0,0
0.3,2.0,0.6,8,biased,avg,1.0,0
0.3,2.0,0.6,8,biased,irt,1.0,0
0.3,2.0,0.6,8,mcar,avg,1.0,0
0.3,2.0,0.6,9,biased,avg,1.0,0
0.3,2.0,0.6,9,biased,irt,1.0,0
0.3,2.0,0.6,9,mcar,avg,1.0,0
0.3,2.0,0.6,10,biased,avg,1.0,0
0.3,2.0,0.6,10,biased,irt,1.0,0
0.3,2.0,0.6,10,mcar,avg,0.9879,0
0.3,2.0,0.6,11,biased,avg,1.0,0
0.3,2.0,0.6,11,biased,irt,1.0,0
0.3,2.0,0.6,11,mcar,avg,0.9879,0
0.3,2.0,0.6,12,biased,avg,1.0,0
0.3,2.0,0.6,12,biased,irt,1.0,0
0.3,2.0,0.6,12,mcar,avg,0.9879,0
0.3,2.0,0.6,13,biased,avg,1.0,0
0.3,2.0,0.6,13,biased,irt,1.0,0
0.3,2.0,0.6,13,mcar,avg,1.0,0
0.3,2.0,0.6,14,biased,avg,1.0,0
0.3,2.0,0.6,14,biased,irt,1.0,0
0.3,2.0,0.6,14,mcar,avg,0.9758,0
0.3,2.5,0.75,0,biased,avg,1.0,0
0.3,2.5,0.75,0,biased,irt,1.0,0
0.3,2.5,0.75,0,mcar,avg,0.9879,0
0.3,2.5,0.75,1,biased,avg,0.9879,0
0.3,2.5,0.75,1,biased,irt,1.0,0
0.3,2.5,0.75,1,mcar,avg,1.0,0
0.3,2.5,0.75,2,biased,avg,0.9879,0
0.3,2.5,0.75,2,biased,irt,1.0,0
0.3,2.5,0.75,2,mcar,avg,1.0,0
0.3,2.5,0.75,3,biased,avg,1.0,0
0.3,2.5,0.75,3,biased,irt,1.0,0
0.3,2.5,0.75,3,mcar,avg,0.9879,0
0.3,2.5,0.75,4,biased,avg,0.9879,0
0.3,2.5,0.75,4,biased,irt,1.0,0
0.3,2.5,0.75,4,mcar,avg,0.9758,0
0.3,2.5,0.75,5,biased,avg,0.9879,0
0.3,2.5,0.75,5,biased,irt,1.0,0
0.3,2.5,0.75,5,mcar,avg,1.0,0
0.3,2.5,0.75,6,biased,avg,0.9636,0
0.3,2.5,0.75,6,biased,irt,1.0,0
0.3,2.5,0.75,6,mcar,avg,0.9879,0
0.3,2.5,0.75,7,biased,avg,0.9879,0
0.3,2.5,0.75,7,biased,irt,1.0,0
0.3,2.5,0.75,7,mcar,avg,1.0,0
0.3,2.5,0.75,8,biased,avg,0.9879,0
0.3,2.5,0.75,8,biased,irt,1.0,0
0.3,2.5,0.75,8,mcar,avg,0.9879,0
0.3,2.5,0.75,9,biased,avg,0.9879,0
0.3,2.5,0.75,9,biased,irt,1.0,0
0.3,2.5,0.75,9,mcar,avg,1.0,0
0.3,2.5,0.75,10,biased,avg,0.9879,0
0.3,2.5,0.75,10,biased,irt,1.0,0
0.3,2.5,0.75,10,mcar,avg,0.9758,1
0.3,2.5,0.75,11,biased,avg,1.0,0
0.3,2.5,0.75,11,biased,irt,1.0,0
0.3,2.5,0.75,11,mcar,avg,0.9879,0
0.3,2.5,0.75,12,biased,avg,0.9879,0
0.3,2.5,0.75,12,biased,irt,1.0,0
0.3,2.5,0.75,12,mcar,avg,0.9879,0
0.3,2.5,0.75,13,biased,avg,0.9879,0
0.3,2.5,0.75,13,biased,irt,1.0,0
0.3,2.5,0.75,13,mcar,avg,1.0,0
0.3,2.5,0.75,14,biased,avg,1.0,0
0.3,2.5,0.75,14,biased,irt,1.0,0
0.3,2.5,0.75,14,mcar,avg,0.9879,0
0.3,3.0,0.9,0,biased,avg,0.9879,0
0.3,3.0,0.9,0,biased,irt,1.0,0
0.3,3.0,0.9,0,mcar,avg,0.9879,0
0.3,3.0,0.9,1,biased,avg,1.0,0
0.3,3.0,0.9,1,biased,irt,1.0,0
0.3,3.0,0.9,1,mcar,avg,0.9758,0
0.3,3.0,0.9,2,biased,avg,0.9879,0
0.3,3.0,0.9,2,biased,irt,1.0,0
0.3,3.0,0.9,2,mcar,avg,0.9879,0
0.3,3.0,0.9,3,biased,avg,0.9879,0
0.3,3.0,0.9,3,biased,irt,1.0,0
0.3,3.0,0.9,3,mcar,avg,0.9636,0
0.3,3.0,0.9,4,biased,avg,0.9879,0
0.3,3.0,0.9,4,biased,irt,1.0,0
0.3,3.0,0.9,4,mcar,avg,0.9879,0
0.3,3.0,0.9,5,biased,avg,0.9758,0
0.3,3.0,0.9,5,biased,irt,1.0,0
0.3,3.0,0.9,5,mcar,avg,1.0,0
0.3,3.0,0.9,6,biased,avg,0.9515,0
0.3,3.0,0.9,6,biased,irt,1.0,0
0.3,3.0,0.9,6,mcar,avg,0.9879,0
0.3,3.0,0.9,7,biased,avg,0.9758,0
0.3,3.0,0.9,7,biased,irt,1.0,0
0.3,3.0,0.9,7,mcar,avg,0.9879,0
0.3,3.0,0.9,8,biased,avg,0.9879,0
0.3,3.0,0.9,8,biased,irt,1.0,0
0.3,3.0,0.9,8,mcar,avg,1.0,0
0.3,3.0,0.9,9,biased,avg,1.0,0
0.3,3.0,0.9,9,biased,irt,1.0,0
0.3,3.0,0.9,9,mcar,avg,1.0,0
0.3,3.0,0.9,10,biased,avg,0.9758,0
0.3,3.0,0.9,10,biased,irt,1.0,0
0.3,3.0,0.9,10,mcar,avg,0.9879,0
0.3,3.0,0.9,11,biased,avg,1.0,0
0.3,3.0,0.9,11,biased,irt,1.0,0
0.3,3.0,0.9,11,mcar,avg,0.9879,0
0.3,3.0,0.9,12,biased,avg,1.0,0
0.3,3.0,0.9,12,biased,irt,1.0,0
0.3,3.0,0.9,12,mcar,avg,0.9758,0
0.3,3.0,0.9,13,biased,avg,0.9879,0
0.3,3.0,0.9,13,biased,irt,1.0,0
0.3,3.0,0.9,13,mcar,avg,0.9879,0
0.3,3.0,0.9,14,biased,avg,0.9879,0
0.3,3.0,0.9,14,biased,irt,1.0,0
0.3,3.0,0.9,14,mcar,avg,0.9879,0
0.3,3.5,1.05,0,biased,avg,1.0,0
0.3,3.5,1.05,0,biased,irt,1.0,0
0.3,3.5,1.05,0,mcar,avg,0.9636,0
0.3,3.5,1.05,1,biased,avg,0.9515,0
0.3,3.5,1.05,1,biased,irt,1.0,0
0.3,3.5,1.05,1,mcar,avg,0.9879,0
0.3,3.5,1.05,2,biased,avg,0.9636,0
0.3,3.5,1.05,2,biased,irt,1.0,0
0.3,3.5,1.05,2,mcar,avg,0.9636,0
0.3,3.5,1.05,3,biased,avg,0.9879,0
0.3,3.5,1.05,3,biased,irt,1.0,0
0.3,3.5,1.05,3,mcar,avg,0.9879,0
0.3,3.5,1.05,4,biased,avg,0.9515,0
0.3,3.5,1.05,4,biased,irt,1.0,0
0.3,3.5,1.05,4,mcar,avg,0.9879,0
0.3,3.5,1.05,5,biased,avg,0.9879,0
0.3,3.5,1.05,5,biased,irt,1.0,0
0.3,3.5,1.05,5,mcar,avg,1.0,0
0.3,3.5,1.05,6,biased,avg,1.0,0
0.3,3.5,1.05,6,biased,irt,1.0,0
0.3,3.5,1.05,6,mcar,avg,1.0,0
0.3,3.5,1.05,7,biased,avg,0.9879,0
0.3,3.5,1.05,7,biased,irt,1.0,0
0.3,3.5,1.05,7,mcar,avg,0.9636,0
0.3,3.5,1.05,8,biased,avg,0.9879,0
0.3,3.5,1.05,8,biased,irt,1.0,0
0.3,3.5,1.05,8,mcar,avg,0.9636,0
0.3,3.5,1.05,9,biased,avg,0.9758,0
0.3,3.5,1.05,9,biased,irt,1.0,0
0.3,3.5,1.05,9,mcar,avg,0.9758,0
0.3,3.5,1.05,10,biased,avg,1.0,0
0.3,3.5,1.05,10,biased,irt,1.0,0
0.3,3.5,1.05,10,mcar,avg,0.9666,0
0.3,3.5,1.05,11,biased,avg,0.9726,0
0.3,3.5,1.05,11,biased,irt,1.0,0
0.3,3.5,1.05,11,mcar,avg,0.9758,0
0.3,3.5,1.05,12,biased,avg,0.9394,0
0.3,3.5,1.05,12,biased,irt,1.0,0
0.3,3.5,1.05,12,mcar,avg,1.0,0
0.3,3.5,1.05,13,biased,avg,0.9636,0
0.3,3.5,1.05,13,biased,irt,1.0,0
0.3,3.5,1.05,13,mcar,avg,0.9758,0
0.3,3.5,1.05,14,biased,avg,0.9758,0
0.3,3.5,1.05,14,biased,irt,1.0,0
0.3,3.5,1.05,14,mcar,avg,0.9636,0
0.3,4.0,1.2,0,biased,avg,0.9879,0
0.3,4.0,1.2,0,biased,irt,1.0,0
0.3,4.0,1.2,0,mcar,avg,0.9636,1
0.3,4.0,1.2,1,biased,avg,0.9515,1
0.3,4.0,1.2,1,biased,irt,1.0,0
0.3,4.0,1.2,1,mcar,avg,0.9515,0
0.3,4.0,1.2,2,biased,avg,0.9515,0
0.3,4.0,1.2,2,biased,irt,1.0,0
0.3,4.0,1.2,2,mcar,avg,0.9879,0
0.3,4.0,1.2,3,biased,avg,0.9394,1
0.3,4.0,1.2,3,biased,irt,1.0,0
0.3,4.0,1.2,3,mcar,avg,0.9879,0
0.3,4.0,1.2,4,biased,avg,0.9636,0
0.3,4.0,1.2,4,biased,irt,1.0,0
0.3,4.0,1.2,4,mcar,avg,0.9758,0
0.3,4.0,1.2,5,biased,avg,0.9636,0
0.3,4.0,1.2,5,biased,irt,1.0,0
0.3,4.0,1.2,5,mcar,avg,0.9879,0
0.3,4.0,1.2,6,biased,avg,0.9879,0
0.3,4.0,1.2,6,biased,irt,1.0,0
0.3,4.0,1.2,6,mcar,avg,0.9879,0
0.3,4.0,1.2,7,biased,avg,0.9848,0
0.3,4.0,1.2,7,biased,irt,1.0,0
0.3,4.0,1.2,7,mcar,avg,0.9879,0
0.3,4.0,1.2,8,biased,avg,0.9758,0
0.3,4.0,1.2,8,biased,irt,1.0,0
0.3,4.0,1.2,8,mcar,avg,0.9636,0
0.3,4.0,1.2,9,biased,avg,0.9394,0
0.3,4.0,1.2,9,biased,irt,1.0,0
0.3,4.0,1.2,9,mcar,avg,1.0,0
0.3,4.0,1.2,10,biased,avg,0.9636,0
0.3,4.0,1.2,10,biased,irt,1.0,0
0.3,4.0,1.2,10,mcar,avg,0.9879,0
0.3,4.0,1.2,11,biased,avg,0.903,0
0.3,4.0,1.2,11,biased,irt,1.0,0
0.3,4.0,1.2,11,mcar,avg,0.9636,0
0.3,4.0,1.2,12,biased,avg,0.9636,0
0.3,4.0,1.2,12,biased,irt,1.0,0
0.3,4.0,1.2,12,mcar,avg,0.9636,0
0.3,4.0,1.2,13,biased,avg,0.9879,0
0.3,4.0,1.2,13,biased,irt,1.0,0
0.3,4.0,1.2,13,mcar,avg,0.9879,0
0.3,4.0,1.2,14,biased,avg,0.9636,0
0.3,4.0,1.2,14,biased,irt,1.0,0
0.3,4.0,1.2,14,mcar,avg,0.9394,0
0.3,4.5,1.35,0,biased,avg,0.8909,1
0.3,4.5,1.35,0,biased,irt,1.0,0
0.3,4.5,1.35,0,mcar,avg,0.9879,0
0.3,4.5,1.35,1,biased,avg,0.9758,0
0.3,4.5,1.35,1,biased,irt,1.0,0
0.3,4.5,1.35,1,mcar,avg,0.9758,0
0.3,4.5,1.35,2,biased,avg,0.8545,0
0.3,4.5,1.35,2,biased,irt,1.0,0
0.3,4.5,1.35,2,mcar,avg,0.9152,1
0.3,4.5,1.35,3,biased,avg,0.9152,0
0.3,4.5,1.35,3,biased,irt,1.0,0
0.3,4.5,1.35,3,mcar,avg,0.9636,0
0.3,4.5,1.35,4,biased,avg,0.9394,0
0.3,4.5,1.35,4,biased,irt,1.0,0
0.3,4.5,1.35,4,mcar,avg,0.9515,0
0.3,4.5,1.35,5,biased,avg,0.9515,0
0.3,4.5,1.35,5,biased,irt,1.0,0
0.3,4.5,1.35,5,mcar,avg,0.9515,1
0.3,4.5,1.35,6,biased,avg,0.9515,0
0.3,4.5,1.35,6,biased,irt,1.0,0
0.3,4.5,1.35,6,mcar,avg,0.9879,0
0.3,4.5,1.35,7,biased,avg,0.9879,0
0.3,4.5,1.35,7,biased,irt,1.0,0
0.3,4.5,1.35,7,mcar,avg,0.9879,0
0.3,4.5,1.35,8,biased,avg,0.9879,0
0.3,4.5,1.35,8,biased,irt,1.0,0
0.3,4.5,1.35,8,mcar,avg,0.9758,0
0.3,4.5,1.35,9,biased,avg,1.0,0
0.3,4.5,1.35,9,biased,irt,1.0,0
0.3,4.5,1.35,9,mcar,avg,0.9879,0
0.3,4.5,1.35,10,biased,avg,0.8788,0
0.3,4.5,1.35,10,biased,irt,1.0,0
0.3,4.5,1.35,10,mcar,avg,0.9515,0
0.3,4.5,1.35,11,biased,avg,0.9758,0
0.3,4.5,1.35,11,biased,irt,1.0,0
0.3,4.5,1.35,11,mcar,avg,0.9758,1
0.3,4.5,1.35,12,biased,avg,0.8909,0
0.3,4.5,1.35,12,biased,irt,1.0,0
0.3,4.5,1.35,12,mcar,avg,0.9758,0
0.3,4.5,1.35,13,biased,avg,0.9879,0
0.3,4.5,1.35,13,biased,irt,1.0,0
0.3,4.5,1.35,13,mcar,avg,0.9758,0
0.3,4.5,1.35,14,biased,avg,0.9758,0
0.3,4.5,1.35,14,biased,irt,1.0,0
0.3,4.5,1.35,14,mcar,avg,0.9758,0
0.3,5.0,1.5,0,biased,avg,0.9515,0
0.3,5.0,1.5,0,biased,irt,1.0,0
0.3,5.0,1.5,0,mcar,avg,0.9758,0
0.3,5.0,1.5,1,biased,avg,0.7697,1
0.3,5.0,1.5,1,biased,irt,1.0,0
0.3,5.0,1.5,1,mcar,avg,0.9758,0
0.3,5.0,1.5,2,biased,avg,0.9636,0
0.3,5.0,1.5,2,biased,irt,1.0,0
0.3,5.0,1.5,2,mcar,avg,0.9152,0
0.3,5.0,1.5,3,biased,avg,0.9515,0
0.3,5.0,1.5,3,biased,irt,1.0,0
0.3,5.0,1.5,3,mcar,avg,0.9152,0
0.3,5.0,1.5,4,biased,avg,0.9394,0
0.3,5.0,1.5,4,biased,irt,1.0,0
0.3,5.0,1.5,4,mcar,avg,0.9758,1
0.3,5.0,1.5,5,biased,avg,0.9273,0
0.3,5.0,1.5,5,biased,irt,1.0,0
0.3,5.0,1.5,5,mcar,avg,0.9879,0
0.3,5.0,1.5,6,biased,avg,0.9273,0
0.3,5.0,1.5,6,biased,irt,1.0,0
0.3,5.0,1.5,6,mcar,avg,0.9515,0
0.3,5.0,1.5,7,biased,avg,0.9152,0
0.3,5.0,1.5,7,biased,irt,1.0,0
0.3,5.0,1.5,7,mcar,avg,0.9394,0
0.3,5.0,1.5,8,biased,avg,0.9273,0
0.3,5.0,1.5,8,biased,irt,1.0,0
0.3,5.0,1.5,8,mcar,avg,0.9394,0
0.3,5.0,1.5,9,biased,avg,0.9394,0
0.3,5.0,1.5,9,biased,irt,1.0,0
0.3,5.0,1.5,9,mcar,avg,0.9394,0
0.3,5.0,1.5,10,biased,avg,0.9515,0
0.3,5.0,1.5,10,biased,irt,1.0,0
0.3,5.0,1.5,10,mcar,avg,0.9394,0
0.3,5.0,1.5,11,biased,avg,0.7939,0
0.3,5.0,1.5,11,biased,irt,1.0,0
0.3,5.0,1.5,11,mcar,avg,0.903,1
0.3,5.0,1.5,12,biased,avg,0.9394,0
0.3,5.0,1.5,12,biased,irt,1.0,0
0.3,5.0,1.5,12,mcar,avg,0.9515,1
0.3,5.0,1.5,13,biased,avg,0.9273,0
0.3,5.0,1.5,13,biased,irt,1.0,0
0.3,5.0,1.5,13,mcar,avg,0.9515,1
0.3,5.0,1.5,14,biased,avg,0.9636,0
0.3,5.0,1.5,14,biased,irt,1.0,0
0.3,5.0,1.5,14,mcar,avg,0.9515,0
0.35,0.5,0.175,0,biased,avg,1.0,0
0.35,0.5,0.175,0,biased,irt,1.0,0
0.35,0.5,0.175,0,mcar,avg,1.0,0
0.35,0.5,0.175,1,biased,avg,1.0,0
0.35,0.5,0.175,1,biased,irt,1.0,0
0.35,0.5,0.175,1,mcar,avg,1.0,0
0.35,0.5,0.175,2,biased,avg,1.0,0
0.35,0.5,0.175,2,biased,irt,1.0,0
0.35,0.5,0.175,2,mcar,avg,1.0,0
0.35,0.5,0.175,3,biased,avg,1.0,0
0.35,0.5,0.175,3,biased,irt,1.0,0
0.35,0.5,0.175,3,mcar,avg,1.0,0
0.35,0.5,0.175,4,biased,avg,0.9879,0
0.35,0.5,0.175,4,biased,irt,0.9879,1
0.35,0.5,0.175,4,mcar,avg,1.0,0
0.35,0.5,0.175,5,biased,avg,1.0,0
0.35,0.5,0.175,5,biased,irt,1.0,0
0.35,0.5,0.175,5,mcar,avg,0.9879,0
0.35,0.5,0.175,6,biased,avg,1.0,0
0.35,0.5,0.175,6,biased,irt,1.0,0
0.35,0.5,0.175,6,mcar,avg,0.9879,0
0.35,0.5,0.175,7,biased,avg,0.9879,0
0.35,0.5,0.175,7,biased,irt,0.9879,0
0.35,0.5,0.175,7,mcar,avg,1.0,0
0.35,0.5,0.175,8,biased,avg,1.0,0
0.35,0.5,0.175,8,biased,irt,1.0,0
0.35,0.5,0.175,8,mcar,avg,1.0,0
0.35,0.5,0.175,9,biased,avg,1.0,0
0.35,0.5,0.175,9,biased,irt,1.0,0
0.35,0.5,0.175,9,mcar,avg,1.0,0
0.35,0.5,0.175,10,biased,avg,0.9879,0
0.35,0.5,0.175,10,biased,irt,1.0,0
0.35,0.5,0.175,10,mcar,avg,1.0,0
0.35,0.5,0.175,11,biased,avg,1.0,0
0.35,0.5,0.175,11,biased,irt,1.0,0
0.35,0.5,0.175,11,mcar,avg,1.0,0
0.35,0.5,0.175,12,biased,avg,0.9879,0
0.35,0.5,0.175,12,biased,irt,1.0,0
0.35,0.5,0.175,12,mcar,avg,1.0,0
0.35,0.5,0.175,13,biased,avg,1.0,0
0.35,0.5,0.175,13,biased,irt,1.0,0
0.35,0.5,0.175,13,mcar,avg,0.9879,0
0.35,0.5,0.175,14,biased,avg,0.9879,0
0.35,0.5,0.175,14,biased,irt,1.0,0
0.35,0.5,0.175,14,mcar,avg,1.0,0
0.35,1.0,0.35,0,biased,avg,1.0,0
0.35,1.0,0.35,0,biased,irt,1.0,0
0.35,1.0,0.35,0,mcar,avg,0.9879,0
0.35,1.0,0.35,1,biased,avg,1.0,0
0.35,1.0,0.35,1,biased,irt,1.0,0
0.35,1.0,0.35,1,mcar,avg,0.9879,0
0.35,1.0,0.35,2,biased,avg,1.0,0
0.35,1.0,0.35,2,biased,irt,1.0,0
0.35,1.0,0.35,2,mcar,avg,1.0,0
0.35,1.0,0.35,3,biased,avg,0.9879,0
0.35,1.0,0.35,3,biased,irt,1.0,0
0.35,1.0,0.35,3,mcar,avg,0.9879,0
0.35,1.0,0.35,4,biased,avg,1.0,0
0.35,1.0,0.35,4,biased,irt,1.0,0
0.35,1.0,0.35,4,mcar,avg,1.0,0
0.35,1.0,0.35,5,biased,avg,0.9879,0
0.35,1.0,0.35,5,biased,irt,1.0,0
0.35,1.0,0.35,5,mcar,avg,0.9879,0
0.35,1.0,0.35,6,biased,avg,0.9879,0
0.35,1.0,0.35,6,biased,irt,1.0,0
0.35,1.0,0.35,6,mcar,avg,0.9879,0
0.35,1.0,0.35,7,biased,avg,1.0,0
0.35,1.0,0.35,7,biased,irt,1.0,0
0.35,1.0,0.35,7,mcar,avg,1.0,0
0.35,1.0,0.35,8,biased,avg,1.0,0
0.35,1.0,0.35,8,biased,irt,1.0,0
0.35,1.0,0.35,8,mcar,avg,0.9879,0
0.35,1.0,0.35,9,biased,avg,0.9879,0
0.35,1.0,0.35,9,biased,irt,1.0,0
0.35,1.0,0.35,9,mcar,avg,1.0,0
0.35,1.0,0.35,10,biased,avg,1.0,0
0.35,1.0,0.35,10,biased,irt,1.0,0
0.35,1.0,0.35,10,mcar,avg,1.0,0
0.35,1.0,0.35,11,biased,avg,1.0,0
0.35,1.0,0.35,11,biased,irt,1.0,0
0.35,1.0,0.35,11,mcar,avg,1.0,0
0.35,1.0,0.35,12,biased,avg,0.9879,0
0.35,1.0,0.35,12,biased,irt,1.0,0
0.35,1.0,0.35,12,mcar,avg,1.0,0
0.35,1.0,0.35,13,biased,avg,1.0,0
0.35,1.0,0.35,13,biased,irt,1.0,0
0.35,1.0,0.35,13,mcar,avg,1.0,0
0.35,1.0,0.35,14,biased,avg,1.0,0
0.35,1.0,0.35,14,biased,irt,1.0,0
0.35,1.0,0.35,14,mcar,avg,0.9879,0
0.35,1.5,0.525,0,biased,avg,1.0,0
0.35,1.5,0.525,0,biased,irt,1.0,0
0.35,1.5,0.525,0,mcar,avg,0.9879,0
0.35,1.5,0.525,1,biased,avg,0.9879,0
0.35,1.5,0.525,1,biased,irt,1.0,0
0.35,1.5,0.525,1,mcar,avg,1.0,0
0.35,1.5,0.525,2,biased,avg,1.0,0
0.35,1.5,0.525,2,biased,irt,1.0,0
0.35,1.5,0.525,2,mcar,avg,0.9879,0
0.35,1.5,0.525,3,biased,avg,0.9879,0
0.35,1.5,0.525,3,biased,irt,1.0,0
0.35,1.5,0.525,3,mcar,avg,0.9879,0
0.35,1.5,0.525,4,biased,avg,1.0,0
0.35,1.5,0.525,4,biased,irt,1.0,0
0.35,1.5,0.525,4,mcar,avg,0.9879,0
0.35,1.5,0.525,5,biased,avg,1.0,0
0.35,1.5,0.525,5,biased,irt,1.0,0
0.35,1.5,0.525,5,mcar,avg,1.0,0
0.35,1.5,0.525,6,biased,avg,0.9879,0
0.35,1.5,0.525,6,biased,irt,1.0,0
0.35,1.5,0.525,6,mcar,avg,1.0,0
0.35,1.5,0.525,7,biased,avg,1.0,0
0.35,1.5,0.525,7,biased,irt,1.0,0
0.35,1.5,0.525,7,mcar,avg,1.0,0
0.35,1.5,0.525,8,biased,avg,0.9879,0
0.35,1.5,0.525,8,biased,irt,1.0,0
0.35,1.5,0.525,8,mcar,avg,0.9879,0
0.35,1.5,0.525,9,biased,avg,1.0,0
0.35,1.5,0.525,9,biased,irt,1.0,0
0.35,1.5,0.525,9,mcar,avg,1.0,0
0.35,1.5,0.525,10,biased,avg,0.9879,0
0.35,1.5,0.525,10,biased,irt,1.0,0
0.35,1.5,0.525,10,mcar,avg,0.9879,0
0.35,1.5,0.525,11,biased,avg,1.0,0
0.35,1.5,0.525,11,biased,irt,1.0,0
0.35,1.5,0.525,11,mcar,avg,0.9879,0
0.35,1.5,0.525,12,biased,avg,1.0,0
0.35,1.5,0.525,12,biased,irt,1.0,0
0.35,1.5,0.525,12,mcar,avg,1.0,0
0.35,1.5,0.525,13,biased,avg,0.9879,0
0.35,1.5,0.525,13,biased,irt,1.0,0
0.35,1.5,0.525,13,mcar,avg,1.0,0
0.35,1.5,0.525,14,biased,avg,0.9879,0
0.35,1.5,0.525,14,biased,irt,1.0,0
0.35,1.5,0.525,14,mcar,avg,0.9879,0
0.35,2.0,0.7,0,biased,avg,1.0,0
0.35,2.0,0.7,0,biased,irt,1.0,0
0.35,2.0,0.7,0,mcar,avg,1.0,0
0.35,2.0,0.7,1,biased,avg,0.9879,0
0.35,2.0,0.7,1,biased,irt,1.0,0
0.35,2.0,0.7,1,mcar,avg,0.9879,0
0.35,2.0,0.7,2,biased,avg,0.9879,0
0.35,2.0,0.7,2,biased,irt,1.0,0
0.35,2.0,0.7,2,mcar,avg,0.9879,0
0.35,2.0,0.7,3,biased,avg,0.9758,0
0.35,2.0,0.7,3,biased,irt,1.0,0
0.35,2.0,0.7,3,mcar,avg,0.9879,0
0.35,2.0,0.7,4,biased,avg,0.9758,0
0.35,2.0,0.7,4,biased,irt,1.0,0
0.35,2.0,0.7,4,mcar,avg,0.9879,0
0.35,2.0,0.7,5,biased,avg,1.0,0
0.35,2.0,0.7,5,biased,irt,1.0,0
0.35,2.0,0.7,5,mcar,avg,1.0,0
0.35,2.0,0.7,6,biased,avg,1.0,0
0.35,2.0,0.7,6,biased,irt,1.0,0
0.35,2.0,0.7,6,mcar,avg,1.0,0
0.35,2.0,0.7,7,biased,avg,1.0,0
0.35,2.0,0.7,7,biased,irt,1.0,0
0.35,2.0,0.7,7,mcar,avg,1.0,0
0.35,2.0,0.7,8,biased,avg,1.0,0
0.35,2.0,0.7,8,biased,irt,1.0,0
0.35,2.0,0.7,8,mcar,avg,1.0,0
0.35,2.0,0.7,9,biased,avg,1.0,0
0.35,2.0,0.7,9,biased,irt,1.0,0
0.35,2.0,0.7,9,mcar,avg,1.0,0
0.35,2.0,0.7,10,biased,avg,1.0,0
0.35,2.0,0.7,10,biased,irt,1.0,0
0.35,2.0,0.7,10,mcar,avg,1.0,0
0.35,2.0,0.7,11,biased,avg,0.9879,0
0.35,2.0,0.7,11,biased,irt,1.0,0
0.35,2.0,0.7,11,mcar,avg,0.9879,0
0.35,2.0,0.7,12,biased,avg,1.0,0
0.35,2.0,0.7,12,biased,irt,1.0,0
0.35,2.0,0.7,12,mcar,avg,1.0,0
0.35,2.0,0.7,13,biased,avg,1.0,0
0.35,2.0,0.7,13,biased,irt,1.0,0
0.35,2.0,0.7,13,mcar,avg,0.9879,0
0.35,2.0,0.7,14,biased,avg,0.9879,0
0.35,2.0,0.7,14,biased,irt,1.0,0
0.35,2.0,0.7,14,mcar,avg,1.0,0
0.35,2.5,0.875,0,biased,avg,0.9758,0
0.35,2.5,0.875,0,biased,irt,1.0,0
0.35,2.5,0.875,0,mcar,avg,0.9879,0
0.35,2.5,0.875,1,biased,avg,1.0,0
0.35,2.5,0.875,1,biased,irt,1.0,0
0.35,2.5,0.875,1,mcar,avg,1.0,0
0.35,2.5,0.875,2,biased,avg,0.9758,0
0.35,2.5,0.875,2,biased,irt,1.0,0
0.35,2.5,0.875,2,mcar,avg,1.0,0
0.35,2.5,0.875,3,biased,avg,1.0,0
0.35,2.5,0.875,3,biased,irt,1.0,0
0.35,2.5,0.875,3,mcar,avg,0.9879,0
0.35,2.5,0.875,4,biased,avg,0.9758,0
0.35,2.5,0.875,4,biased,irt,1.0,0
0.35,2.5,0.875,4,mcar,avg,0.9879,0
0.35,2.5,0.875,5,biased,avg,1.0,0
0.35,2.5,0.875,5,biased,irt,1.0,0
0.35,2.5,0.875,5,mcar,avg,0.9879,0
0.35,2.5,0.875,6,biased,avg,0.9636,0
0.35,2.5,0.875,6,biased,irt,1.0,0
0.35,2.5,0.875,6,mcar,avg,0.9758,0
0.35,2.5,0.875,7,biased,avg,0.9879,0
0.35,2.5,0.875,7,biased,irt,1.0,0
0.35,2.5,0.875,7,mcar,avg,0.9879,0
0.35,2.5,0.875,8,biased,avg,0.9758,0
0.35,2.5,0.875,8,biased,irt,1.0,0
0.35,2.5,0.875,8,mcar,avg,0.9758,0
0.35,2.5,0.875,9,biased,avg,1.0,0
0.35,2.5,0.875,9,biased,irt,1.0,0
0.35,2.5,0.875,9,mcar,avg,1.0,0
0.35,2.5,0.875,10,biased,avg,1.0,0
0.35,2.5,0.875,10,biased,irt,1.0,0
0.35,2.5,0.875,10,mcar,avg,1.0,0
0.35,2.5,0.875,11,biased,avg,1.0,0
0.35,2.5,0.875,11,biased,irt,1.0,0
0.35,2.5,0.875,11,mcar,avg,1.0,0
0.35,2.5,0.875,12,biased,avg,1.0,0
0.35,2.5,0.875,12,biased,irt,1.0,0
0.35,2.5,0.875,12,mcar,avg,0.9758,0
0.35,2.5,0.875,13,biased,avg,1.0,0
0.35,2.5,0.875,13,biased,irt,1.0,0
0.35,2.5,0.875,13,mcar,avg,0.9879,0
0.35,2.5,0.875,14,biased,avg,0.9879,0
0.35,2.5,0.875,14,biased,irt,1.0,0
0.35,2.5,0.875,14,mcar,avg,0.9879,0
0.35,3.0,1.05,0,biased,avg,0.9758,0
0.35,3.0,1.05,0,biased,irt,1.0,0
0.35,3.0,1.05,0,mcar,avg,0.9879,0
0.35,3.0,1.05,1,biased,avg,1.0,0
0.35,3.0,1.05,1,biased,irt,1.0,0
0.35,3.0,1.05,1,mcar,avg,0.9636,0
0.35,3.0,1.05,2,biased,avg,0.9879,0
0.35,3.0,1.05,2,biased,irt,1.0,0
0.35,3.0,1.05,2,mcar,avg,0.9758,0
0.35,3.0,1.05,3,biased,avg,0.9758,0
0.35,3.0,1.05,3,biased,irt,1.0,0
0.35,3.0,1.05,3,mcar,avg,0.9758,1
0.35,3.0,1.05,4,biased,avg,1.0,0
0.35,3.0,1.05,4,biased,irt,1.0,0
0.35,3.0,1.05,4,mcar,avg,0.9879,0
0.35,3.0,1.05,5,biased,avg,0.8909,0
0.35,3.0,1.05,5,biased,irt,1.0,0
0.35,3.0,1.05,5,mcar,avg,0.9758,1
0.35,3.0,1.05,6,biased,avg,0.9879,0
0.35,3.0,1.05,6,biased,irt,1.0,0
0.35,3.0,1.05,6,mcar,avg,1.0,0
0.35,3.0,1.05,7,biased,avg,0.9879,0
0.35,3.0,1.05,7,biased,irt,1.0,0
0.35,3.0,1.05,7,mcar,avg,0.9879,0
0.35,3.0,1.05,8,biased,avg,0.9758,0
0.35,3.0,1.05,8,biased,irt,1.0,0
0.35,3.0,1.05,8,mcar,avg,0.9758,0
0.35,3.0,1.05,9,biased,avg,0.9879,0
0.35,3.0,1.05,9,biased,irt,1.0,0
0.35,3.0,1.05,9,mcar,avg,0.9879,0
0.35,3.0,1.05,10,biased,avg,0.9394,0
0.35,3.0,1.05,10,biased,irt,1.0,0
0.35,3.0,1.05,10,mcar,avg,0.9879,0
0.35,3.0,1.05,11,biased,avg,1.0,0
0.35,3.0,1.05,11,biased,irt,1.0,0
0.35,3.0,1.05,11,mcar,avg,1.0,0
0.35,3.0,1.05,12,biased,avg,1.0,0
0.35,3.0,1.05,12,biased,irt,1.0,0
0.35,3.0,1.05,12,mcar,avg,0.9879,0
0.35,3.0,1.05,13,biased,avg,0.9879,0
0.35,3.0,1.05,13,biased,irt,1.0,0
0.35,3.0,1.05,13,mcar,avg,1.0,0
0.35,3.0,1.05,14,biased,avg,0.9879,0
0.35,3.0,1.05,14,biased,irt,1.0,0
0.35,3.0,1.05,14,mcar,avg,0.9879,0
0.35,3.5,1.225,0,biased,avg,0.9515,0
0.35,3.5,1.225,0,biased,irt,1.0,0
0.35,3.5,1.225,0,mcar,avg,0.9636,0
0.35,3.5,1.225,1,biased,avg,0.9879,0
0.35,3.5,1.225,1,biased,irt,1.0,0
0.35,3.5,1.225,1,mcar,avg,0.9273,0
0.35,3.5,1.225,2,biased,avg,0.9515,1
0.35,3.5,1.225,2,biased,irt,1.0,0
0.35,3.5,1.225,2,mcar,avg,0.9636,0
0.35,3.5,1.225,3,biased,avg,1.0,0
0.35,3.5,1.225,3,biased,irt,1.0,0
0.35,3.5,1.225,3,mcar,avg,0.9394,1
0.35,3.5,1.225,4,biased,avg,1.0,0
0.35,3.5,1.225,4,biased,irt,1.0,0
0.35,3.5,1.225,4,mcar,avg,0.9879,0
0.35,3.5,1.225,5,biased,avg,0.9515,0
0.35,3.5,1.225,5,biased,irt,1.0,0
0.35,3.5,1.225,5,mcar,avg,0.9758,1
0.35,3.5,1.225,6,biased,avg,0.9758,0
0.35,3.5,1.225,6,biased,irt,1.0,0
0.35,3.5,1.225,6,mcar,avg,0.9879,0
0.35,3.5,1.225,7,biased,avg,0.9879,0
0.35,3.5,1.225,7,biased,irt,1.0,0
0.35,3.5,1.225,7,mcar,avg,0.9758,0
0.35,3.5,1.225,8,biased,avg,0.9515,0
0.35,3.5,1.225,8,biased,irt,1.0,0
0.35,3.5,1.225,8,mcar,avg,0.9758,0
0.35,3.5,1.225,9,biased,avg,0.9515,0
0.35,3.5,1.225,9,biased,irt,1.0,0
0.35,3.5,1.225,9,mcar,avg,0.9879,0
0.35,3.5,1.225,10,biased,avg,0.9758,0
0.35,3.5,1.225,10,biased,irt,1.0,0
0.35,3.5,1.225,10,mcar,avg,0.9879,0
0.35,3.5,1.225,11,biased,avg,0.9879,0
0.35,3.5,1.225,11,biased,irt,1.0,0
0.35,3.5,1.225,11,mcar,avg,0.9879,0
0.35,3.5,1.225,12,biased,avg,0.9273,0
0.35,3.5,1.225,12,biased,irt,1.0,0
0.35,3.5,1.225,12,mcar,avg,0.9879,0
0.35,3.5,1.225,13,biased,avg,1.0,0
0.35,3.5,1.225,13,biased,irt,1.0,0
0.35,3.5,1.225,13,mcar,avg,0.9515,0
0.35,3.5,1.225,14,biased,avg,0.9758,0
0.35,3.5,1.225,14,biased,irt,1.0,0
0.35,3.5,1.225,14,mcar,avg,0.9758,0
0.35,4.0,1.4,0,biased,avg,0.9879,0
0.35,4.0,1.4,0,biased,irt,1.0,0
0.35,4.0,1.4,0,mcar,avg,0.9515,0
0.35,4.0,1.4,1,biased,avg,0.9152,0
0.35,4.0,1.4,1,biased,irt,1.0,0
0.35,4.0,1.4,1,mcar,avg,0.9636,1
0.35,4.0,1.4,2,biased,avg,0.9879,0
0.35,4.0,1.4,2,biased,irt,1.0,0
0.35,4.0,1.4,2,mcar,avg,0.8788,1
0.35,4.0,1.4,3,biased,avg,0.8788,0
0.35,4.0,1.4,3,biased,irt,1.0,0
0.35,4.0,1.4,3,mcar,avg,0.9879,0
0.35,4.0,1.4,4,biased,avg,0.9879,0
0.35,4.0,1.4,4,biased,irt,1.0,0
0.35,4.0,1.4,4,mcar,avg,0.9636,0
0.35,4.0,1.4,5,biased,avg,0.9758,0
0.35,4.0,1.4,5,biased,irt,1.0,0
0.35,4.0,1.4,5,mcar,avg,0.9273,0
0.35,4.0,1.4,6,biased,avg,0.9394,1
0.35,4.0,1.4,6,biased,irt,1.0,0
0.35,4.0,1.4,6,mcar,avg,0.8909,0
0.35,4.0,1.4,7,biased,avg,0.9515,1
0.35,4.0,1.4,7,biased,irt,1.0,0
0.35,4.0,1.4,7,mcar,avg,0.9515,0
0.35,4.0,1.4,8,biased,avg,0.903,0
0.35,4.0,1.4,8,biased,irt,1.0,0
0.35,4.0,1.4,8,mcar,avg,0.9879,0
0.35,4.0,1.4,9,biased,avg,0.9879,0
0.35,4.0,1.4,9,biased,irt,1.0,0
0.35,4.0,1.4,9,mcar,avg,0.9394,0
0.35,4.0,1.4,10,biased,avg,0.9515,0
0.35,4.0,1.4,10,biased,irt,1.0,0
0.35,4.0,1.4,10,mcar,avg,0.903,0
0.35,4.0,1.4,11,biased,avg,0.8667,0
0.35,4.0,1.4,11,biased,irt,1.0,0
0.35,4.0,1.4,11,mcar,avg,0.9636,1
0.35,4.0,1.4,12,biased,avg,0.9152,0
0.35,4.0,1.4,12,biased,irt,1.0,0
0.35,4.0,1.4,12,mcar,avg,0.9879,0
0.35,4.0,1.4,13,biased,avg,0.9394,0
0.35,4.0,1.4,13,biased,irt,1.0,0
0.35,4.0,1.4,13,mcar,avg,0.9636,0
0.35,4.0,1.4,14,biased,avg,0.9636,0
0.35,4.0,1.4,14,biased,irt,1.0,0
0.35,4.0,1.4,14,mcar,avg,0.9273,1
0.35,4.5,1.575,0,biased,avg,0.9394,0
0.35,4.5,1.575,0,biased,irt,1.0,0
0.35,4.5,1.575,0,mcar,avg,0.9879,0
0.35,4.5,1.575,1,biased,avg,0.8545,0
0.35,4.5,1.575,1,biased,irt,1.0,0
0.35,4.5,1.575,1,mcar,avg,0.9273,1
0.35,4.5,1.575,2,biased,avg,0.9758,0
0.35,4.5,1.575,2,biased,irt,1.0,0
0.35,4.5,1.575,2,mcar,avg,0.9515,0
0.35,4.5,1.575,3,biased,avg,0.8667,0
0.35,4.5,1.575,3,biased,irt,1.0,0
0.35,4.5,1.575,3,mcar,avg,0.903,0
0.35,4.5,1.575,4,biased,avg,0.9273,0
0.35,4.5,1.575,4,biased,irt,1.0,0
0.35,4.5,1.575,4,mcar,avg,0.9758,0
0.35,4.5,1.575,5,biased,avg,0.9515,1
0.35,4.5,1.575,5,biased,irt,1.0,0
0.35,4.5,1.575,5,mcar,avg,0.9394,1
0.35,4.5,1.575,6,biased,avg,0.9394,0
0.35,4.5,1.575,6,biased,irt,1.0,0
0.35,4.5,1.575,6,mcar,avg,0.9152,0
0.35,4.5,1.575,7,biased,avg,0.7576,0
0.35,4.5,1.575,7,biased,irt,1.0,0
0.35,4.5,1.575,7,mcar,avg,0.9758,0
0.35,4.5,1.575,8,biased,avg,0.8545,0
0.35,4.5,1.575,8,biased,irt,1.0,0
0.35,4.5,1.575,8,mcar,avg,0.9879,0
0.35,4.5,1.575,9,biased,avg,0.9515,0
0.35,4.5,1.575,9,biased,irt,1.0,0
0.35,4.5,1.575,9,mcar,avg,0.9758,0
0.35,4.5,1.575,10,biased,avg,0.8182,1
0.35,4.5,1.575,10,biased,irt,1.0,0
0.35,4.5,1.575,10,mcar,avg,0.9273,1
0.35,4.5,1.575,11,biased,avg,0.6,1
0.35,4.5,1.575,11,biased,irt,1.0,0
0.35,4.5,1.575,11,mcar,avg,0.9515,1
0.35,4.5,1.575,12,biased,avg,0.8303,0
0.35,4.5,1.575,12,biased,irt,1.0,0
0.35,4.5,1.575,12,mcar,avg,0.9758,0
0.35,4.5,1.575,13,biased,avg,0.8788,0
0.35,4.5,1.575,13,biased,irt,1.0,0
0.35,4.5,1.575,13,mcar,avg,0.9394,0
0.35,4.5,1.575,14,biased,avg,0.9394,0
0.35,4.5,1.575,14,biased,irt,1.0,0
0.35,4.5,1.575,14,mcar,avg,0.9758,0
0.35,5.0,1.75,0,biased,avg,0.8424,0
0.35,5.0,1.75,0,biased,irt,1.0,0
0.35,5.0,1.75,0,mcar,avg,0.9758,0
0.35,5.0,1.75,1,biased,avg,0.903,0
0.35,5.0,1.75,1,biased,irt,1.0,0
0.35,5.0,1.75,1,mcar,avg,0.8571,1
0.35,5.0,1.75,2,biased,avg,0.8815,0
0.35,5.0,1.75,2,biased,irt,1.0,0
0.35,5.0,1.75,2,mcar,avg,0.9879,0
0.35,5.0,1.75,3,biased,avg,0.8424,0
0.35,5.0,1.75,3,biased,irt,1.0,0
0.35,5.0,1.75,3,mcar,avg,0.9636,0
0.35,5.0,1.75,4,biased,avg,0.8545,0
0.35,5.0,1.75,4,biased,irt,1.0,0
0.35,5.0,1.75,4,mcar,avg,0.9273,1
0.35,5.0,1.75,5,biased,avg,0.7939,0
0.35,5.0,1.75,5,biased,irt,1.0,0
0.35,5.0,1.75,5,mcar,avg,0.9515,0
0.35,5.0,1.75,6,biased,avg,0.9152,0
0.35,5.0,1.75,6,biased,irt,1.0,0
0.35,5.0,1.75,6,mcar,avg,0.9879,0
0.35,5.0,1.75,7,biased,avg,0.7697,0
0.35,5.0,1.75,7,biased,irt,1.0,0
0.35,5.0,1.75,7,mcar,avg,0.903,0
0.35,5.0,1.75,8,biased,avg,0.7697,1
0.35,5.0,1.75,8,biased,irt,1.0,0
0.35,5.0,1.75,8,mcar,avg,0.9394,1
0.35,5.0,1.75,9,biased,avg,0.7576,0
0.35,5.0,1.75,9,biased,irt,1.0,0
0.35,5.0,1.75,9,mcar,avg,0.9758,0
0.35,5.0,1.75,10,biased,avg,0.8788,0
0.35,5.0,1.75,10,biased,irt,1.0,0
0.35,5.0,1.75,10,mcar,avg,0.9879,0
0.35,5.0,1.75,11,biased,avg,0.8788,0
0.35,5.0,1.75,11,biased,irt,1.0,0
0.35,5.0,1.75,11,mcar,avg,0.9483,0
0.35,5.0,1.75,12,biased,avg,0.7212,0
0.35,5.0,1.75,12,biased,irt,1.0,0
0.35,5.0,1.75,12,mcar,avg,0.9394,0
0.35,5.0,1.75,13,biased,avg,0.8667,0
0.35,5.0,1.75,13,biased,irt,1.0,0
0.35,5.0,1.75,13,mcar,avg,0.9758,0
0.35,5.0,1.75,14,biased,avg,0.8303,1
0.35,5.0,1.75,14,biased,irt,1.0,0
0.35,5.0,1.75,14,mcar,avg,0.8667,1
0.4,0.5,0.2,0,biased,avg,0.9879,0
0.4,0.5,0.2,0,biased,irt,1.0,0
0.4,0.5,0.2,0,mcar,avg,1.0,0
0.4,0.5,0.2,1,biased,avg,1.0,0
0.4,0.5,0.2,1,biased,irt,1.0,0
0.4,0.5,0.2,1,mcar,avg,0.9879,0
0.4,0.5,0.2,2,biased,avg,1.0,0
0.4,0.5,0.2,2,biased,irt,1.0,0
0.4,0.5,0.2,2,mcar,avg,1.0,0
0.4,0.5,0.2,3,biased,avg,1.0,0
0.4,0.5,0.2,3,biased,irt,1.0,0
0.4,0.5,0.2,3,mcar,avg,0.9879,0
0.4,0.5,0.2,4,biased,avg,1.0,0
0.4,0.5,0.2,4,biased,irt,1.0,0
0.4,0.5,0.2,4,mcar,avg,0.9879,1
0.4,0.5,0.2,5,biased,avg,1.0,0
0.4,0.5,0.2,5,biased,irt,1.0,0
0.4,0.5,0.2,5,mcar,avg,0.9879,0
0.4,0.5,0.2,6,biased,avg,0.9879,0
0.4,0.5,0.2,6,biased,irt,1.0,0
0.4,0.5,0.2,6,mcar,avg,0.9879,0
0.4,0.5,0.2,7,biased,avg,1.0,0
0.4,0.5,0.2,7,biased,irt,1.0,0
0.4,0.5,0.2,7,mcar,avg,1.0,0
0.4,0.5,0.2,8,biased,avg,1.0,0
0.4,0.5,0.2,8,biased,irt,1.0,0
0.4,0.5,0.2,8,mcar,avg,0.9879,1
0.4,0.5,0.2,9,biased,avg,1.0,0
0.4,0.5,0.2,9,biased,irt,1.0,0
0.4,0.5,0.2,9,mcar,avg,1.0,0
0.4,0.5,0.2,10,biased,avg,1.0,0
0.4,0.5,0.2,10,biased,irt,1.0,0
0.4,0.5,0.2,10,mcar,avg,1.0,0
0.4,0.5,0.2,11,biased,avg,0.9879,0
0.4,0.5,0.2,11,biased,irt,1.0,0
0.4,0.5,0.2,11,mcar,avg,1.0,0
0.4,0.5,0.2,12,biased,avg,0.9879,0
0.4,0.5,0.2,12,biased,irt,1.0,0
0.4,0.5,0.2,12,mcar,avg,1.0,0
0.4,0.5,0.2,13,biased,avg,1.0,0
0.4,0.5,0.2,13,biased,irt,1.0,0
0.4,0.5,0.2,13,mcar,avg,0.9879,0
0.4,0.5,0.2,14,biased,avg,1.0,0
0.4,0.5,0.2,14,biased,irt,1.0,0
0.4,0.5,0.2,14,mcar,avg,0.9879,0
0.4,1.0,0.4,0,biased,avg,1.0,0
0.4,1.0,0.4,0,biased,irt,1.0,0
0.4,1.0,0.4,0,mcar,avg,1.0,0
0.4,1.0,0.4,1,biased,avg,1.0,0
0.4,1.0,0.4,1,biased,irt,1.0,0
0.4,1.0,0.4,1,mcar,avg,1.0,0
0.4,1.0,0.4,2,biased,avg,0.9879,0
0.4,1.0,0.4,2,biased,irt,1.0,0
0.4,1.0,0.4,2,mcar,avg,1.0,0
0.4,1.0,0.4,3,biased,avg,1.0,0
0.4,1.0,0.4,3,biased,irt,1.0,0
0.4,1.0,0.4,3,mcar,avg,1.0,0
0.4,1.0,0.4,4,biased,avg,1.0,0
0.4,1.0,0.4,4,biased,irt,1.0,0
0.4,1.0,0.4,4,mcar,avg,0.9879,0
0.4,1.0,0.4,5,biased,avg,1.0,0
0.4,1.0,0.4,5,biased,irt,1.0,0
0.4,1.0,0.4,5,mcar,avg,1.0,0
0.4,1.0,0.4,6,biased,avg,1.0,0
0.4,1.0,0.4,6,biased,irt,1.0,0
0.4,1.0,0.4,6,mcar,avg,1.0,0
0.4,1.0,0.4,7,biased,avg,1.0,0
0.4,1.0,0.4,7,biased,irt,1.0,0
0.4,1.0,0.4,7,mcar,avg,0.9879,0
0.4,1.0,0.4,8,biased,avg,1.0,0
0.4,1.0,0.4,8,biased,irt,1.0,0
0.4,1.0,0.4,8,mcar,avg,1.0,0
0.4,1.0,0.4,9,biased,avg,1.0,0
0.4,1.0,0.4,9,biased,irt,1.0,0
0.4,1.0,0.4,9,mcar,avg,0.9879,0
0.4,1.0,0.4,10,biased,avg,1.0,0
0.4,1.0,0.4,10,biased,irt,1.0,0
0.4,1.0,0.4,10,mcar,avg,0.9879,0
0.4,1.0,0.4,11,biased,avg,1.0,0
0.4,1.0,0.4,11,biased,irt,1.0,0
0.4,1.0,0.4,11,mcar,avg,1.0,0
0.4,1.0,0.4,12,biased,avg,1.0,0
0.4,1.0,0.4,12,biased,irt,1.0,0
0.4,1.0,0.4,12,mcar,avg,1.0,0
0.4,1.0,0.4,13,biased,avg,1.0,0
0.4,1.0,0.4,13,biased,irt,1.0,0
0.4,1.0,0.4,13,mcar,avg,1.0,0
0.4,1.0,0.4,14,biased,avg,1.0,0
0.4,1.0,0.4,14,biased,irt,1.0,0
0.4,1.0,0.4,14,mcar,avg,1.0,0
0.4,1.5,0.6,0,biased,avg,0.9879,0
0.4,1.5,0.6,0,biased,irt,1.0,0
0.4,1.5,0.6,0,mcar,avg,0.9879,0
0.4,1.5,0.6,1,biased,avg,1.0,0
0.4,1.5,0.6,1,biased,irt,1.0,0
0.4,1.5,0.6,1,mcar,avg,0.9515,0
0.4,1.5,0.6,2,biased,avg,1.0,0
0.4,1.5,0.6,2,biased,irt,1.0,0
0.4,1.5,0.6,2,mcar,avg,0.9758,0
0.4,1.5,0.6,3,biased,avg,1.0,0
0.4,1.5,0.6,3,biased,irt,1.0,0
0.4,1.5,0.6,3,mcar,avg,1.0,0
0.4,1.5,0.6,4,biased,avg,0.9879,0
0.4,1.5,0.6,4,biased,irt,1.0,0
0.4,1.5,0.6,4,mcar,avg,1.0,0
0.4,1.5,0.6,5,biased,avg,1.0,0
0.4,1.5,0.6,5,biased,irt,1.0,0
0.4,1.5,0.6,5,mcar,avg,1.0,0
0.4,1.5,0.6,6,biased,avg,0.9879,0
0.4,1.5,0.6,6,biased,irt,1.0,0
0.4,1.5,0.6,6,mcar,avg,0.9879,0
0.4,1.5,0.6,7,biased,avg,0.9879,0
0.4,1.5,0.6,7,biased,irt,1.0,0
0.4,1.5,0.6,7,mcar,avg,0.9879,0
0.4,1.5,0.6,8,biased,avg,1.0,0
0.4,1.5,0.6,8,biased,irt,1.0,0
0.4,1.5,0.6,8,mcar,avg,1.0,0
0.4,1.5,0.6,9,biased,avg,0.9879,0
0.4,1.5,0.6,9,biased,irt,1.0,0
0.4,1.5,0.6,9,mcar,avg,1.0,0
0.4,1.5,0.6,10,biased,avg,0.9879,0
0.4,1.5,0.6,10,biased,irt,1.0,0
0.4,1.5,0.6,10,mcar,avg,0.9879,0
0.4,1.5,0.6,11,biased,avg,1.0,0
0.4,1.5,0.6,11,biased,irt,1.0,0
0.4,1.5,0.6,11,mcar,avg,1.0,0
0.4,1.5,0.6,12,biased,avg,0.9879,0
0.4,1.5,0.6,12,biased,irt,1.0,0
0.4,1.5,0.6,12,mcar,avg,0.9879,0
0.4,1.5,0.6,13,biased,avg,0.9879,0
0.4,1.5,0.6,13,biased,irt,1.0,0
0.4,1.5,0.6,13,mcar,avg,0.9879,0
0.4,1.5,0.6,14,biased,avg,1.0,0
0.4,1.5,0.6,14,biased,irt,1.0,0
0.4,1.5,0.6,14,mcar,avg,0.9758,0
0.4,2.0,0.8,0,biased,avg,0.9879,0
0.4,2.0,0.8,0,biased,irt,1.0,0
0.4,2.0,0.8,0,mcar,avg,1.0,0
0.4,2.0,0.8,1,biased,avg,0.9758,0
0.4,2.0,0.8,1,biased,irt,1.0,0
0.4,2.0,0.8,1,mcar,avg,1.0,0
0.4,2.0,0.8,2,biased,avg,1.0,0
0.4,2.0,0.8,2,biased,irt,1.0,0
0.4,2.0,0.8,2,mcar,avg,1.0,0
0.4,2.0,0.8,3,biased,avg,0.9879,0
0.4,2.0,0.8,3,biased,irt,1.0,0
0.4,2.0,0.8,3,mcar,avg,1.0,0
0.4,2.0,0.8,4,biased,avg,0.9515,0
0.4,2.0,0.8,4,biased,irt,1.0,0
0.4,2.0,0.8,4,mcar,avg,0.9758,0
0.4,2.0,0.8,5,biased,avg,1.0,0
0.4,2.0,0.8,5,biased,irt,1.0,0
0.4,2.0,0.8,5,mcar,avg,1.0,0
0.4,2.0,0.8,6,biased,avg,0.9515,0
0.4,2.0,0.8,6,biased,irt,1.0,0
0.4,2.0,0.8,6,mcar,avg,0.9879,0
0.4,2.0,0.8,7,biased,avg,0.9879,0
0.4,2.0,0.8,7,biased,irt,1.0,0
0.4,2.0,0.8,7,mcar,avg,0.9879,0
0.4,2.0,0.8,8,biased,avg,0.9636,0
0.4,2.0,0.8,8,biased,irt,1.0,0
0.4,2.0,0.8,8,mcar,avg,0.9879,0
0.4,2.0,0.8,9,biased,avg,0.9879,0
0.4,2.0,0.8,9,biased,irt,1.0,0
0.4,2.0,0.8,9,mcar,avg,0.997,0
0.4,2.0,0.8,10,biased,avg,1.0,0
0.4,2.0,0.8,10,biased,irt,1.0,0
0.4,2.0,0.8,10,mcar,avg,0.9879,0
0.4,2.0,0.8,11,biased,avg,0.9879,0
0.4,2.0,0.8,11,biased,irt,1.0,0
0.4,2.0,0.8,11,mcar,avg,0.9879,0
0.4,2.0,0.8,12,biased,avg,1.0,0
0.4,2.0,0.8,12,biased,irt,1.0,0
0.4,2.0,0.8,12,mcar,avg,1.0,0
0.4,2.0,0.8,13,biased,avg,1.0,0
0.4,2.0,0.8,13,biased,irt,1.0,0
0.4,2.0,0.8,13,mcar,avg,0.9879,0
0.4,2.0,0.8,14,biased,avg,1.0,0
0.4,2.0,0.8,14,biased,irt,1.0,0
0.4,2.0,0.8,14,mcar,avg,0.9879,0
0.4,2.5,1.0,0,biased,avg,0.9879,0
0.4,2.5,1.0,0,biased,irt,1.0,0
0.4,2.5,1.0,0,mcar,avg,1.0,0
0.4,2.5,1.0,1,biased,avg,1.0,0
0.4,2.5,1.0,1,biased,irt,1.0,0
0.4,2.5,1.0,1,mcar,avg,1.0,0
0.4,2.5,1.0,2,biased,avg,1.0,0
0.4,2.5,1.0,2,biased,irt,1.0,0
0.4,2.5,1.0,2,mcar,avg,0.9879,0
0.4,2.5,1.0,3,biased,avg,0.9758,0
0.4,2.5,1.0,3,biased,irt,1.0,0
0.4,2.5,1.0,3,mcar,avg,0.9758,0
0.4,2.5,1.0,4,biased,avg,0.9879,0
0.4,2.5,1.0,4,biased,irt,1.0,0
0.4,2.5,1.0,4,mcar,avg,1.0,0
0.4,2.5,1.0,5,biased,avg,1.0,0
0.4,2.5,1.0,5,biased,irt,1.0,0
0.4,2.5,1.0,5,mcar,avg,0.9636,0
0.4,2.5,1.0,6,biased,avg,0.9879,0
0.4,2.5,1.0,6,biased,irt,1.0,0
0.4,2.5,1.0,6,mcar,avg,0.9636,0
0.4,2.5,1.0,7,biased,avg,1.0,0
0.4,2.5,1.0,7,biased,irt,1.0,0
0.4,2.5,1.0,7,mcar,avg,0.9758,1
0.4,2.5,1.0,8,biased,avg,1.0,0
0.4,2.5,1.0,8,biased,irt,1.0,0
0.4,2.5,1.0,8,mcar,avg,1.0,0
0.4,2.5,1.0,9,biased,avg,0.9636,0
0.4,2.5,1.0,9,biased,irt,1.0,0
0.4,2.5,1.0,9,mcar,avg,0.9636,0
0.4,2.5,1.0,10,biased,avg,0.9758,0
0.4,2.5,1.0,10,biased,irt,1.0,0
0.4,2.5,1.0,10,mcar,avg,0.9879,0
0.4,2.5,1.0,11,biased,avg,0.9879,0
0.4,2.5,1.0,11,biased,irt,1.0,0
0.4,2.5,1.0,11,mcar,avg,1.0,0
0.4,2.5,1.0,12,biased,avg,0.9515,0
0.4,2.5,1.0,12,biased,irt,1.0,0
0.4,2.5,1.0,12,mcar,avg,0.9879,0
0.4,2.5,1.0,13,biased,avg,0.9879,0
0.4,2.5,1.0,13,biased,irt,1.0,0
0.4,2.5,1.0,13,mcar,avg,0.9879,0
0.4,2.5,1.0,14,biased,avg,1.0,0
0.4,2.5,1.0,14,biased,irt,1.0,0
0.4,2.5,1.0,14,mcar,avg,0.9879,0
0.4,3.0,1.2,0,biased,avg,0.9273,0
0.4,3.0,1.2,0,biased,irt,1.0,0
0.4,3.0,1.2,0,mcar,avg,0.9394,0
0.4,3.0,1.2,1,biased,avg,0.8667,0
0.4,3.0,1.2,1,biased,irt,1.0,0
0.4,3.0,1.2,1,mcar,avg,0.9758,0
0.4,3.0,1.2,2,biased,avg,0.9758,0
0.4,3.0,1.2,2,biased,irt,1.0,0
0.4,3.0,1.2,2,mcar,avg,0.9879,0
0.4,3.0,1.2,3,biased,avg,0.9879,0
0.4,3.0,1.2,3,biased,irt,1.0,0
0.4,3.0,1.2,3,mcar,avg,0.9879,0
0.4,3.0,1.2,4,biased,avg,0.9879,0
0.4,3.0,1.2,4,biased,irt,1.0,0
0.4,3.0,1.2,4,mcar,avg,0.9758,0
0.4,3.0,1.2,5,biased,avg,0.9515,0
0.4,3.0,1.2,5,biased,irt,1.0,0
0.4,3.0,1.2,5,mcar,avg,0.9879,0
0.4,3.0,1.2,6,biased,avg,0.9515,0
0.4,3.0,1.2,6,biased,irt,1.0,0
0.4,3.0,1.2,6,mcar,avg,0.9879,0
0.4,3.0,1.2,7,biased,avg,1.0,0
0.4,3.0,1.2,7,biased,irt,1.0,0
0.4,3.0,1.2,7,mcar,avg,1.0,0
0.4,3.0,1.2,8,biased,avg,0.9636,0
0.4,3.0,1.2,8,biased,irt,1.0,0
0.4,3.0,1.2,8,mcar,avg,0.9515,0
0.4,3.0,1.2,9,biased,avg,0.9758,0
0.4,3.0,1.2,9,biased,irt,0.9879,0
0.4,3.0,1.2,9,mcar,avg,0.9636,0
0.4,3.0,1.2,10,biased,avg,0.9879,0
0.4,3.0,1.2,10,biased,irt,1.0,0
0.4,3.0,1.2,10,mcar,avg,0.9879,0
0.4,3.0,1.2,11,biased,avg,0.9515,0
0.4,3.0,1.2,11,biased,irt,1.0,0
0.4,3.0,1.2,11,mcar,avg,0.9879,0
0.4,3.0,1.2,12,biased,avg,1.0,0
0.4,3.0,1.2,12,biased,irt,1.0,0
0.4,3.0,1.2,12,mcar,avg,0.9758,1
0.4,3.0,1.2,13,biased,avg,0.9758,0
0.4,3.0,1.2,13,biased,irt,1.0,0
0.4,3.0,1.2,13,mcar,avg,0.9879,0
0.4,3.0,1.2,14,biased,avg,0.9636,0
0.4,3.0,1.2,14,biased,irt,1.0,0
0.4,3.0,1.2,14,mcar,avg,0.9879,0
0.4,3.5,1.4,0,biased,avg,0.9879,0
0.4,3.5,1.4,0,biased,irt,1.0,0
0.4,3.5,1.4,0,mcar,avg,0.9758,0
0.4,3.5,1.4,1,biased,avg,0.9879,0
0.4,3.5,1.4,1,biased,irt,1.0,0
0.4,3.5,1.4,1,mcar,avg,0.9879,0
0.4,3.5,1.4,2,biased,avg,0.9515,0
0.4,3.5,1.4,2,biased,irt,1.0,0
0.4,3.5,1.4,2,mcar,avg,0.9394,0
0.4,3.5,1.4,3,biased,avg,0.9515,0
0.4,3.5,1.4,3,biased,irt,1.0,0
0.4,3.5,1.4,3,mcar,avg,0.9515,0
0.4,3.5,1.4,4,biased,avg,0.9515,0
0.4,3.5,1.4,4,biased,irt,1.0,0
0.4,3.5,1.4,4,mcar,avg,0.9758,0
0.4,3.5,1.4,5,biased,avg,0.9758,0
0.4,3.5,1.4,5,biased,irt,1.0,0
0.4,3.5,1.4,5,mcar,avg,0.9394,1
0.4,3.5,1.4,6,biased,avg,0.9636,0
0.4,3.5,1.4,6,biased,irt,1.0,0
0.4,3.5,1.4,6,mcar,avg,0.9636,0
0.4,3.5,1.4,7,biased,avg,0.9879,0
0.4,3.5,1.4,7,biased,irt,1.0,0
0.4,3.5,1.4,7,mcar,avg,0.9879,0
0.4,3.5,1.4,8,biased,avg,0.9758,0
0.4,3.5,1.4,8,biased,irt,1.0,0
0.4,3.5,1.4,8,mcar,avg,0.9758,1
0.4,3.5,1.4,9,biased,avg,0.9636,0
0.4,3.5,1.4,9,biased,irt,1.0,0
0.4,3.5,1.4,9,mcar,avg,0.9394,1
0.4,3.5,1.4,10,biased,avg,0.9758,0
0.4,3.5,1.4,10,biased,irt,1.0,0
0.4,3.5,1.4,10,mcar,avg,0.9636,0
0.4,3.5,1.4,11,biased,avg,0.8667,1
0.4,3.5,1.4,11,biased,irt,1.0,0
0.4,3.5,1.4,11,mcar,avg,0.9879,0
0.4,3.5,1.4,12,biased,avg,0.9636,0
0.4,3.5,1.4,12,biased,irt,1.0,0
0.4,3.5,1.4,12,mcar,avg,0.9758,0
0.4,3.5,1.4,13,biased,avg,0.9758,0
0.4,3.5,1.4,13,biased,irt,1.0,0
0.4,3.5,1.4,13,mcar,avg,0.9636,0
0.4,3.5,1.4,14,biased,avg,0.9636,0
0.4,3.5,1.4,14,biased,irt,1.0,0
0.4,3.5,1.4,14,mcar,avg,0.9879,0
0.4,4.0,1.6,0,biased,avg,0.9515,0
0.4,4.0,1.6,0,biased,irt,1.0,0
0.4,4.0,1.6,0,mcar,avg,0.9758,0
0.4,4.0,1.6,1,biased,avg,0.9394,0
0.4,4.0,1.6,1,biased,irt,1.0,0
0.4,4.0,1.6,1,mcar,avg,1.0,0
0.4,4.0,1.6,2,biased,avg,0.9515,0
0.4,4.0,1.6,2,biased,irt,1.0,0
0.4,4.0,1.6,2,mcar,avg,0.9515,1
0.4,4.0,1.6,3,biased,avg,0.8788,0
0.4,4.0,1.6,3,biased,irt,1.0,0
0.4,4.0,1.6,3,mcar,avg,0.9879,0
0.4,4.0,1.6,4,biased,avg,0.9515,0
0.4,4.0,1.6,4,biased,irt,1.0,0
0.4,4.0,1.6,4,mcar,avg,0.9879,0
0.4,4.0,1.6,5,biased,avg,0.9152,0
0.4,4.0,1.6,5,biased,irt,1.0,0
0.4,4.0,1.6,5,mcar,avg,0.9515,1
0.4,4.0,1.6,6,biased,avg,0.9879,0
0.4,4.0,1.6,6,biased,irt,1.0,0
0.4,4.0,1.6,6,mcar,avg,0.9636,0
0.4,4.0,1.6,7,biased,avg,0.9515,0
0.4,4.0,1.6,7,biased,irt,1.0,0
0.4,4.0,1.6,7,mcar,avg,0.9273,1
0.4,4.0,1.6,8,biased,avg,0.9758,0
0.4,4.0,1.6,8,biased,irt,1.0,0
0.4,4.0,1.6,8,mcar,avg,0.9636,1
0.4,4.0,1.6,9,biased,avg,0.9394,0
0.4,4.0,1.6,9,biased,irt,1.0,0
0.4,4.0,1.6,9,mcar,avg,0.9152,1
0.4,4.0,1.6,10,biased,avg,0.8303,0
0.4,4.0,1.6,10,biased,irt,1.0,0
0.4,4.0,1.6,10,mcar,avg,0.9758,0
0.4,4.0,1.6,11,biased,avg,0.9636,0
0.4,4.0,1.6,11,biased,irt,1.0,0
0.4,4.0,1.6,11,mcar,avg,0.9515,0
0.4,4.0,1.6,12,biased,avg,0.8667,0
0.4,4.0,1.6,12,biased,irt,1.0,0
0.4,4.0,1.6,12,mcar,avg,0.9758,0
0.4,4.0,1.6,13,biased,avg,0.9879,0
0.4,4.0,1.6,13,biased,irt,1.0,0
0.4,4.0,1.6,13,mcar,avg,0.9879,0
0.4,4.0,1.6,14,biased,avg,0.9758,0
0.4,4.0,1.6,14,biased,irt,1.0,0
0.4,4.0,1.6,14,mcar,avg,0.9636,0
0.4,4.5,1.8,0,biased,avg,0.9273,0
0.4,4.5,1.8,0,biased,irt,1.0,0
0.4,4.5,1.8,0,mcar,avg,0.9636,0
0.4,4.5,1.8,1,biased,avg,0.9273,0
0.4,4.5,1.8,1,biased,irt,1.0,0
0.4,4.5,1.8,1,mcar,avg,0.903,0
0.4,4.5,1.8,2,biased,avg,0.7939,0
0.4,4.5,1.8,2,biased,irt,1.0,0
0.4,4.5,1.8,2,mcar,avg,0.9394,0
0.4,4.5,1.8,3,biased,avg,0.8061,0
0.4,4.5,1.8,3,biased,irt,1.0,0
0.4,4.5,1.8,3,mcar,avg,0.9636,0
0.4,4.5,1.8,4,biased,avg,0.9273,0
0.4,4.5,1.8,4,biased,irt,1.0,0
0.4,4.5,1.8,4,mcar,avg,0.9758,0
0.4,4.5,1.8,5,biased,avg,0.7939,0
0.4,4.5,1.8,5,biased,irt,1.0,0
0.4,4.5,1.8,5,mcar,avg,0.9758,0
0.4,4.5,1.8,6,biased,avg,0.7576,0
0.4,4.5,1.8,6,biased,irt,1.0,0
0.4,4.5,1.8,6,mcar,avg,0.9515,0
0.4,4.5,1.8,7,biased,avg,0.9152,1
0.4,4.5,1.8,7,biased,irt,1.0,0
0.4,4.5,1.8,7,mcar,avg,0.9515,0
0.4,4.5,1.8,8,biased,avg,0.9152,0
0.4,4.5,1.8,8,biased,irt,1.0,0
0.4,4.5,1.8,8,mcar,avg,0.9636,1
0.4,4.5,1.8,9,biased,avg,0.8424,0
0.4,4.5,1.8,9,biased,irt,1.0,0
0.4,4.5,1.8,9,mcar,avg,0.9152,0
0.4,4.5,1.8,10,biased,avg,0.9394,0
0.4,4.5,1.8,10,biased,irt,1.0,0
0.4,4.5,1.8,10,mcar,avg,1.0,0
0.4,4.5,1.8,11,biased,avg,0.7697,1
0.4,4.5,1.8,11,biased,irt,1.0,0
0.4,4.5,1.8,11,mcar,avg,0.9758,0
0.4,4.5,1.8,12,biased,avg,0.9273,0
0.4,4.5,1.8,12,biased,irt,1.0,0
0.4,4.5,1.8,12,mcar,avg,0.9515,0
0.4,4.5,1.8,13,biased,avg,0.8667,0
0.4,4.5,1.8,13,biased,irt,1.0,0
0.4,4.5,1.8,13,mcar,avg,0.8788,1
0.4,4.5,1.8,14,biased,avg,0.8424,0
0.4,4.5,1.8,14,biased,irt,1.0,0
0.4,4.5,1.8,14,mcar,avg,0.9394,1
0.4,5.0,2.0,0,biased,avg,0.9636,0
0.4,5.0,2.0,0,biased,irt,1.0,0
0.4,5.0,2.0,0,mcar,avg,0.9879,1
0.4,5.0,2.0,1,biased,avg,0.9515,0
0.4,5.0,2.0,1,biased,irt,1.0,0
0.4,5.0,2.0,1,mcar,avg,1.0,0
0.4,5.0,2.0,2,biased,avg,0.9152,0
0.4,5.0,2.0,2,biased,irt,1.0,0
0.4,5.0,2.0,2,mcar,avg,0.7697,0
0.4,5.0,2.0,3,biased,avg,0.8303,0
0.4,5.0,2.0,3,biased,irt,1.0,0
0.4,5.0,2.0,3,mcar,avg,0.9636,0
0.4,5.0,2.0,4,biased,avg,0.8303,0
0.4,5.0,2.0,4,biased,irt,1.0,0
0.4,5.0,2.0,4,mcar,avg,0.9152,0
0.4,5.0,2.0,5,biased,avg,0.7697,0
0.4,5.0,2.0,5,biased,irt,1.0,0
0.4,5.0,2.0,5,mcar,avg,0.8303,0
0.4,5.0,2.0,6,biased,avg,0.6809,1
0.4,5.0,2.0,6,biased,irt,1.0,0
0.4,5.0,2.0,6,mcar,avg,0.9636,0
0.4,5.0,2.0,7,biased,avg,0.9152,0
0.4,5.0,2.0,7,biased,irt,1.0,0
0.4,5.0,2.0,7,mcar,avg,0.8788,1
0.4,5.0,2.0,8,biased,avg,0.697,0
0.4,5.0,2.0,8,biased,irt,1.0,0
0.4,5.0,2.0,8,mcar,avg,0.9636,0
0.4,5.0,2.0,9,biased,avg,0.697,0
0.4,5.0,2.0,9,biased,irt,1.0,0
0.4,5.0,2.0,9,mcar,avg,0.9515,0
0.4,5.0,2.0,10,biased,avg,0.8815,1
0.4,5.0,2.0,10,biased,irt,1.0,0
0.4,5.0,2.0,10,mcar,avg,0.903,0
0.4,5.0,2.0,11,biased,avg,0.9152,0
0.4,5.0,2.0,11,biased,irt,1.0,0
0.4,5.0,2.0,11,mcar,avg,0.8061,0
0.4,5.0,2.0,12,biased,avg,0.8667,0
0.4,5.0,2.0,12,biased,irt,1.0,0
0.4,5.0,2.0,12,mcar,avg,0.9394,0
0.4,5.0,2.0,13,biased,avg,0.8424,0
0.4,5.0,2.0,13,biased,irt,1.0,0
0.4,5.0,2.0,13,mcar,avg,0.9515,0
0.4,5.0,2.0,14,biased,avg,0.6727,1
0.4,5.0,2.0,14,biased,irt,1.0,0
0.4,5.0,2.0,14,mcar,avg,0.9394,0
0.45,0.5,0.225,0,biased,avg,1.0,0
0.45,0.5,0.225,0,biased,irt,1.0,0
0.45,0.5,0.225,0,mcar,avg,0.9879,0
0.45,0.5,0.225,1,biased,avg,1.0,0
0.45,0.5,0.225,1,biased,irt,1.0,0
0.45,0.5,0.225,1,mcar,avg,1.0,0
0.45,0.5,0.225,2,biased,avg,0.9879,0
0.45,0.5,0.225,2,biased,irt,0.9879,0
0.45,0.5,0.225,2,mcar,avg,0.9879,0
0.45,0.5,0.225,3,biased,avg,1.0,0
0.45,0.5,0.225,3,biased,irt,1.0,0
0.45,0.5,0.225,3,mcar,avg,1.0,0
0.45,0.5,0.225,4,biased,avg,1.0,0
0.45,0.5,0.225,4,biased,irt,1.0,0
0.45,0.5,0.225,4,mcar,avg,1.0,0
0.45,0.5,0.225,5,biased,avg,1.0,0
0.45,0.5,0.225,5,biased,irt,1.0,0
0.45,0.5,0.225,5,mcar,avg,0.997,1
0.45,0.5,0.225,6,biased,avg,1.0,0
0.45,0.5,0.225,6,biased,irt,1.0,0
0.45,0.5,0.225,6,mcar,avg,0.9879,0
0.45,0.5,0.225,7,biased,avg,1.0,0
0.45,0.5,0.225,7,biased,irt,1.0,0
0.45,0.5,0.225,7,mcar,avg,1.0,0
0.45,0.5,0.225,8,biased,avg,1.0,0
0.45,0.5,0.225,8,biased,irt,1.0,0
0.45,0.5,0.225,8,mcar,avg,0.9879,1
0.45,0.5,0.225,9,biased,avg,1.0,0
0.45,0.5,0.225,9,biased,irt,1.0,0
0.45,0.5,0.225,9,mcar,avg,0.9879,0
0.45,0.5,0.225,10,biased,avg,1.0,0
0.45,0.5,0.225,10,biased,irt,1.0,0
0.45,0.5,0.225,10,mcar,avg,0.9879,1
0.45,0.5,0.225,11,biased,avg,1.0,0
0.45,0.5,0.225,11,biased,irt,1.0,0
0.45,0.5,0.225,11,mcar,avg,1.0,0
0.45,0.5,0.225,12,biased,avg,1.0,0
0.45,0.5,0.225,12,biased,irt,1.0,0
0.45,0.5,0.225,12,mcar,avg,1.0,0
0.45,0.5,0.225,13,biased,avg,1.0,0
0.45,0.5,0.225,13,biased,irt,1.0,0
0.45,0.5,0.225,13,mcar,avg,1.0,0
0.45,0.5,0.225,14,biased,avg,0.9879,0
0.45,0.5,0.225,14,biased,irt,1.0,0
0.45,0.5,0.225,14,mcar,avg,0.9879,1
0.45,1.0,0.45,0,biased,avg,1.0,0
0.45,1.0,0.45,0,biased,irt,1.0,0
0.45,1.0,0.45,0,mcar,avg,0.9879,0
0.45,1.0,0.45,1,biased,avg,1.0,0
0.45,1.0,0.45,1,biased,irt,1.0,0
0.45,1.0,0.45,1,mcar,avg,1.0,0
0.45,1.0,0.45,2,biased,avg,1.0,0
0.45,1.0,0.45,2,biased,irt,1.0,0
0.45,1.0,0.45,2,mcar,avg,0.9879,1
0.45,1.0,0.45,3,biased,avg,1.0,0
0.45,1.0,0.45,3,biased,irt,1.0,0
0.45,1.0,0.45,3,mcar,avg,1.0,0
0.45,1.0,0.45,4,biased,avg,0.9879,0
0.45,1.0,0.45,4,biased,irt,1.0,0
0.45,1.0,0.45,4,mcar,avg,0.9879,0
0.45,1.0,0.45,5,biased,avg,1.0,0
0.45,1.0,0.45,5,biased,irt,1.0,0
0.45,1.0,0.45,5,mcar,avg,0.9879,0
0.45,1.0,0.45,6,biased,avg,1.0,0
0.45,1.0,0.45,6,biased,irt,1.0,0
0.45,1.0,0.45,6,mcar,avg,0.9879,0
0.45,1.0,0.45,7,biased,avg,0.9879,0
0.45,1.0,0.45,7,biased,irt,1.0,0
0.45,1.0,0.45,7,mcar,avg,0.9879,0
0.45,1.0,0.45,8,biased,avg,1.0,0
0.45,1.0,0.45,8,biased,irt,1.0,0
0.45,1.0,0.45,8,mcar,avg,1.0,0
0.45,1.0,0.45,9,biased,avg,1.0,0
0.45,1.0,0.45,9,biased,irt,1.0,0
0.45,1.0,0.45,9,mcar,avg,0.9879,0
0.45,1.0,0.45,10,biased,avg,0.9879,0
0.45,1.0,0.45,10,biased,irt,1.0,0
0.45,1.0,0.45,10,mcar,avg,1.0,0
0.45,1.0,0.45,11,biased,avg,1.0,0
0.45,1.0,0.45,11,biased,irt,1.0,0
0.45,1.0,0.45,11,mcar,avg,1.0,0
0.45,1.0,0.45,12,biased,avg,0.9879,0
0.45,1.0,0.45,12,biased,irt,1.0,0
0.45,1.0,0.45,12,mcar,avg,1.0,0
0.45,1.0,0.45,13,biased,avg,1.0,0
0.45,1.0,0.45,13,biased,irt,1.0,0
0.45,1.0,0.45,13,mcar,avg,1.0,0
0.45,1.0,0.45,14,biased,avg,1.0,0
0.45,1.0,0.45,14,biased,irt,1.0,0
0.45,1.0,0.45,14,mcar,avg,1.0,0
0.45,1.5,0.675,0,biased,avg,0.9879,0
0.45,1.5,0.675,0,biased,irt,1.0,0
0.45,1.5,0.675,0,mcar,avg,0.9758,0
0.45,1.5,0.675,1,biased,avg,0.9879,0
0.45,1.5,0.675,1,biased,irt,1.0,0
0.45,1.5,0.675,1,mcar,avg,0.9879,0
0.45,1.5,0.675,2,biased,avg,1.0,0
0.45,1.5,0.675,2,biased,irt,1.0,0
0.45,1.5,0.675,2,mcar,avg,0.9879,0
0.45,1.5,0.675,3,biased,avg,0.9879,0
0.45,1.5,0.675,3,biased,irt,1.0,0
0.45,1.5,0.675,3,mcar,avg,0.9879,0
0.45,1.5,0.675,4,biased,avg,0.9758,0
0.45,1.5,0.675,4,biased,irt,1.0,0
0.45,1.5,0.675,4,mcar,avg,0.9879,0
0.45,1.5,0.675,5,biased,avg,1.0,0
0.45,1.5,0.675,5,biased,irt,1.0,0
0.45,1.5,0.675,5,mcar,avg,0.9879,0
0.45,1.5,0.675,6,biased,avg,0.9879,0
0.45,1.5,0.675,6,biased,irt,1.0,0
0.45,1.5,0.675,6,mcar,avg,1.0,0
0.45,1.5,0.675,7,biased,avg,1.0,0
0.45,1.5,0.675,7,biased,irt,1.0,0
0.45,1.5,0.675,7,mcar,avg,0.9879,0
0.45,1.5,0.675,8,biased,avg,1.0,0
0.45,1.5,0.675,8,biased,irt,1.0,0
0.45,1.5,0.675,8,mcar,avg,0.9879,0
0.45,1.5,0.675,9,biased,avg,0.9758,0
0.45,1.5,0.675,9,biased,irt,1.0,0
0.45,1.5,0.675,9,mcar,avg,1.0,0
0.45,1.5,0.675,10,biased,avg,1.0,0
0.45,1.5,0.675,10,biased,irt,1.0,0
0.45,1.5,0.675,10,mcar,avg,1.0,0
0.45,1.5,0.675,11,biased,avg,0.9758,0
0.45,1.5,0.675,11,biased,irt,1.0,0
0.45,1.5,0.675,11,mcar,avg,0.9879,0
0.45,1.5,0.675,12,biased,avg,1.0,0
0.45,1.5,0.675,12,biased,irt,1.0,0
0.45,1.5,0.675,12,mcar,avg,0.9758,0
0.45,1.5,0.675,13,biased,avg,1.0,0
0.45,1.5,0.675,13,biased,irt,1.0,0
0.45,1.5,0.675,13,mcar,avg,0.9515,0
0.45,1.5,0.675,14,biased,avg,1.0,0
0.45,1.5,0.675,14,biased,irt,1.0,0
0.45,1.5,0.675,14,mcar,avg,0.9879,0
0.45,2.0,0.9,0,biased,avg,0.9879,0
0.45,2.0,0.9,0,biased,irt,1.0,0
0.45,2.0,0.9,0,mcar,avg,1.0,0
0.45,2.0,0.9,1,biased,avg,0.9758,0
0.45,2.0,0.9,1,biased,irt,1.0,0
0.45,2.0,0.9,1,mcar,avg,0.9879,0
0.45,2.0,0.9,2,biased,avg,0.9515,0
0.45,2.0,0.9,2,biased,irt,1.0,0
0.45,2.0,0.9,2,mcar,avg,0.9879,0
0.45,2.0,0.9,3,biased,avg,0.9879,0
0.45,2.0,0.9,3,biased,irt,1.0,0
0.45,2.0,0.9,3,mcar,avg,0.9758,0
0.45,2.0,0.9,4,biased,avg,0.9758,0
0.45,2.0,0.9,4,biased,irt,1.0,0
0.45,2.0,0.9,4,mcar,avg,0.9879,0
0.45,2.0,0.9,5,biased,avg,1.0,0
0.45,2.0,0.9,5,biased,irt,1.0,0
0.45,2.0,0.9,5,mcar,avg,1.0,0
0.45,2.0,0.9,6,biased,avg,0.9758,0
0.45,2.0,0.9,6,biased,irt,1.0,0
0.45,2.0,0.9,6,mcar,avg,0.9879,0
0.45,2.0,0.9,7,biased,avg,0.997,0
0.45,2.0,0.9,7,biased,irt,1.0,0
0.45,2.0,0.9,7,mcar,avg,0.9879,0
0.45,2.0,0.9,8,biased,avg,0.9879,0
0.45,2.0,0.9,8,biased,irt,1.0,0
0.45,2.0,0.9,8,mcar,avg,1.0,0
0.45,2.0,0.9,9,biased,avg,0.9879,0
0.45,2.0,0.9,9,biased,irt,1.0,0
0.45,2.0,0.9,9,mcar,avg,1.0,0
0.45,2.0,0.9,10,biased,avg,0.9758,0
0.45,2.0,0.9,10,biased,irt,1.0,0
0.45,2.0,0.9,10,mcar,avg,0.9879,0
0.45,2.0,0.9,11,biased,avg,0.9879,0
0.45,2.0,0.9,11,biased,irt,1.0,0
0.45,2.0,0.9,11,mcar,avg,1.0,0
0.45,2.0,0.9,12,biased,avg,0.9879,0
0.45,2.0,0.9,12,biased,irt,1.0,0
0.45,2.0,0.9,12,mcar,avg,0.9636,0
0.45,2.0,0.9,13,biased,avg,0.9787,0
0.45,2.0,0.9,13,biased,irt,1.0,0
0.45,2.0,0.9,13,mcar,avg,0.9879,0
0.45,2.0,0.9,14,biased,avg,0.9879,0
0.45,2.0,0.9,14,biased,irt,1.0,0
0.45,2.0,0.9,14,mcar,avg,0.9879,0
0.45,2.5,1.125,0,biased,avg,1.0,0
0.45,2.5,1.125,0,biased,irt,1.0,0
0.45,2.5,1.125,0,mcar,avg,0.9636,0
0.45,2.5,1.125,1,biased,avg,0.9636,0
0.45,2.5,1.125,1,biased,irt,1.0,0
0.45,2.5,1.125,1,mcar,avg,1.0,0
0.45,2.5,1.125,2,biased,avg,1.0,0
0.45,2.5,1.125,2,biased,irt,1.0,0
0.45,2.5,1.125,2,mcar,avg,0.9273,0
0.45,2.5,1.125,3,biased,avg,0.9879,0
0.45,2.5,1.125,3,biased,irt,1.0,0
0.45,2.5,1.125,3,mcar,avg,0.9758,0
0.45,2.5,1.125,4,biased,avg,0.9758,0
0.45,2.5,1.125,4,biased,irt,1.0,0
0.45,2.5,1.125,4,mcar,avg,1.0,0
0.45,2.5,1.125,5,biased,avg,0.9636,0
0.45,2.5,1.125,5,biased,irt,1.0,0
0.45,2.5,1.125,5,mcar,avg,0.9879,0
0.45,2.5,1.125,6,biased,avg,0.9636,0
0.45,2.5,1.125,6,biased,irt,1.0,0
0.45,2.5,1.125,6,mcar,avg,0.9636,0
0.45,2.5,1.125,7,biased,avg,1.0,0
0.45,2.5,1.125,7,biased,irt,1.0,0
0.45,2.5,1.125,7,mcar,avg,1.0,0
0.45,2.5,1.125,8,biased,avg,0.9758,0
0.45,2.5,1.125,8,biased,irt,1.0,0
0.45,2.5,1.125,8,mcar,avg,0.9879,0
0.45,2.5,1.125,9,biased,avg,0.9879,0
0.45,2.5,1.125,9,biased,irt,1.0,0
0.45,2.5,1.125,9,mcar,avg,0.9758,0
0.45,2.5,1.125,10,biased,avg,1.0,0
0.45,2.5,1.125,10,biased,irt,1.0,0
0.45,2.5,1.125,10,mcar,avg,1.0,0
0.45,2.5,1.125,11,biased,avg,1.0,0
0.45,2.5,1.125,11,biased,irt,1.0,0
0.45,2.5,1.125,11,mcar,avg,0.9879,0
0.45,2.5,1.125,12,biased,avg,0.9758,0
0.45,2.5,1.125,12,biased,irt,1.0,0
0.45,2.5,1.125,12,mcar,avg,0.9879,0
0.45,2.5,1.125,13,biased,avg,1.0,0
0.45,2.5,1.125,13,biased,irt,1.0,0
0.45,2.5,1.125,13,mcar,avg,0.9758,0
0.45,2.5,1.125,14,biased,avg,0.8667,0
0.45,2.5,1.125,14,biased,irt,1.0,0
0.45,2.5,1.125,14,mcar,avg,0.9879,0
0.45,3.0,1.35,0,biased,avg,0.9636,0
0.45,3.0,1.35,0,biased,irt,1.0,0
0.45,3.0,1.35,0,mcar,avg,0.9515,0
0.45,3.0,1.35,1,biased,avg,0.9879,0
0.45,3.0,1.35,1,biased,irt,1.0,0
0.45,3.0,1.35,1,mcar,avg,0.9515,0
0.45,3.0,1.35,2,biased,avg,0.9636,0
0.45,3.0,1.35,2,biased,irt,1.0,0
0.45,3.0,1.35,2,mcar,avg,0.9394,0
0.45,3.0,1.35,3,biased,avg,0.9758,0
0.45,3.0,1.35,3,biased,irt,1.0,0
0.45,3.0,1.35,3,mcar,avg,0.9879,0
0.45,3.0,1.35,4,biased,avg,0.9758,0
0.45,3.0,1.35,4,biased,irt,1.0,0
0.45,3.0,1.35,4,mcar,avg,0.9515,0
0.45,3.0,1.35,5,biased,avg,0.9758,1
0.45,3.0,1.35,5,biased,irt,1.0,0
0.45,3.0,1.35,5,mcar,avg,0.9758,1
0.45,3.0,1.35,6,biased,avg,0.9273,0
0.45,3.0,1.35,6,biased,irt,1.0,0
0.45,3.0,1.35,6,mcar,avg,0.9879,0
0.45,3.0,1.35,7,biased,avg,0.9394,0
0.45,3.0,1.35,7,biased,irt,1.0,0
0.45,3.0,1.35,7,mcar,avg,0.9394,0
0.45,3.0,1.35,8,biased,avg,0.9152,0
0.45,3.0,1.35,8,biased,irt,1.0,0
0.45,3.0,1.35,8,mcar,avg,0.9758,0
0.45,3.0,1.35,9,biased,avg,0.9758,0
0.45,3.0,1.35,9,biased,irt,1.0,0
0.45,3.0,1.35,9,mcar,avg,0.9515,0
0.45,3.0,1.35,10,biased,avg,0.9636,0
0.45,3.0,1.35,10,biased,irt,1.0,0
0.45,3.0,1.35,10,mcar,avg,0.9515,0
0.45,3.0,1.35,11,biased,avg,0.9394,0
0.45,3.0,1.35,11,biased,irt,1.0,0
0.45,3.0,1.35,11,mcar,avg,1.0,0
0.45,3.0,1.35,12,biased,avg,0.9273,0
0.45,3.0,1.35,12,biased,irt,1.0,0
0.45,3.0,1.35,12,mcar,avg,0.9636,0
0.45,3.0,1.35,13,biased,avg,0.9394,0
0.45,3.0,1.35,13,biased,irt,1.0,0
0.45,3.0,1.35,13,mcar,avg,0.9394,0
0.45,3.0,1.35,14,biased,avg,0.9879,0
0.45,3.0,1.35,14,biased,irt,1.0,0
0.45,3.0,1.35,14,mcar,avg,0.9879,0
0.45,3.5,1.575,0,biased,avg,0.9394,0
0.45,3.5,1.575,0,biased,irt,1.0,0
0.45,3.5,1.575,0,mcar,avg,0.9879,0
0.45,3.5,1.575,1,biased,avg,0.9273,0
0.45,3.5,1.575,1,biased,irt,1.0,0
0.45,3.5,1.575,1,mcar,avg,1.0,0
0.45,3.5,1.575,2,biased,avg,0.9636,0
0.45,3.5,1.575,2,biased,irt,1.0,0
0.45,3.5,1.575,2,mcar,avg,0.9394,1
0.45,3.5,1.575,3,biased,avg,0.9758,0
0.45,3.5,1.575,3,biased,irt,1.0,0
0.45,3.5,1.575,3,mcar,avg,0.9636,0
0.45,3.5,1.575,4,biased,avg,0.9152,0
0.45,3.5,1.575,4,biased,irt,1.0,0
0.45,3.5,1.575,4,mcar,avg,0.9758,0
0.45,3.5,1.575,5,biased,avg,0.9636,0
0.45,3.5,1.575,5,biased,irt,1.0,0
0.45,3.5,1.575,5,mcar,avg,0.9758,0
0.45,3.5,1.575,6,biased,avg,0.9636,0
0.45,3.5,1.575,6,biased,irt,1.0,0
0.45,3.5,1.575,6,mcar,avg,0.9879,0
0.45,3.5,1.575,7,biased,avg,0.903,0
0.45,3.5,1.575,7,biased,irt,1.0,0
0.45,3.5,1.575,7,mcar,avg,0.9273,0
0.45,3.5,1.575,8,biased,avg,0.9758,0
0.45,3.5,1.575,8,biased,irt,1.0,0
0.45,3.5,1.575,8,mcar,avg,0.9394,0
0.45,3.5,1.575,9,biased,avg,0.9758,0
0.45,3.5,1.575,9,biased,irt,1.0,0
0.45,3.5,1.575,9,mcar,avg,0.924,1
0.45,3.5,1.575,10,biased,avg,0.9879,0
0.45,3.5,1.575,10,biased,irt,1.0,0
0.45,3.5,1.575,10,mcar,avg,0.9666,0
0.45,3.5,1.575,11,biased,avg,0.9758,0
0.45,3.5,1.575,11,biased,irt,1.0,0
0.45,3.5,1.575,11,mcar,avg,0.9879,0
0.45,3.5,1.575,12,biased,avg,0.8909,0
0.45,3.5,1.575,12,biased,irt,1.0,0
0.45,3.5,1.575,12,mcar,avg,0.8909,0
0.45,3.5,1.575,13,biased,avg,0.8788,0
0.45,3.5,1.575,13,biased,irt,1.0,0
0.45,3.5,1.575,13,mcar,avg,0.9394,0
0.45,3.5,1.575,14,biased,avg,0.8788,0
0.45,3.5,1.575,14,biased,irt,1.0,0
0.45,3.5,1.575,14,mcar,avg,0.9394,0
0.45,4.0,1.8,0,biased,avg,0.9758,0
0.45,4.0,1.8,0,biased,irt,1.0,0
0.45,4.0,1.8,0,mcar,avg,0.9758,0
0.45,4.0,1.8,1,biased,avg,0.9152,0
0.45,4.0,1.8,1,biased,irt,1.0,0
0.45,4.0,1.8,1,mcar,avg,0.8545,0
0.45,4.0,1.8,2,biased,avg,0.8545,0
0.45,4.0,1.8,2,biased,irt,1.0,0
0.45,4.0,1.8,2,mcar,avg,0.9879,0
0.45,4.0,1.8,3,biased,avg,1.0,0
0.45,4.0,1.8,3,biased,irt,1.0,0
0.45,4.0,1.8,3,mcar,avg,0.9394,0
0.45,4.0,1.8,4,biased,avg,1.0,0
0.45,4.0,1.8,4,biased,irt,1.0,0
0.45,4.0,1.8,4,mcar,avg,0.9758,0
0.45,4.0,1.8,5,biased,avg,0.8303,0
0.45,4.0,1.8,5,biased,irt,1.0,0
0.45,4.0,1.8,5,mcar,avg,0.997,0
0.45,4.0,1.8,6,biased,avg,0.8754,1
0.45,4.0,1.8,6,biased,irt,1.0,0
0.45,4.0,1.8,6,mcar,avg,0.9758,0
0.45,4.0,1.8,7,biased,avg,0.9636,0
0.45,4.0,1.8,7,biased,irt,1.0,0
0.45,4.0,1.8,7,mcar,avg,0.9758,1
0.45,4.0,1.8,8,biased,avg,0.8424,0
0.45,4.0,1.8,8,biased,irt,1.0,0
0.45,4.0,1.8,8,mcar,avg,0.9394,1
0.45,4.0,1.8,9,biased,avg,0.8788,0
0.45,4.0,1.8,9,biased,irt,1.0,0
0.45,4.0,1.8,9,mcar,avg,0.9152,0
0.45,4.0,1.8,10,biased,avg,0.8909,1
0.45,4.0,1.8,10,biased,irt,1.0,0
0.45,4.0,1.8,10,mcar,avg,0.9515,0
0.45,4.0,1.8,11,biased,avg,0.7697,0
0.45,4.0,1.8,11,biased,irt,1.0,0
0.45,4.0,1.8,11,mcar,avg,0.903,0
0.45,4.0,1.8,12,biased,avg,0.903,0
0.45,4.0,1.8,12,biased,irt,1.0,0
0.45,4.0,1.8,12,mcar,avg,0.9758,0
0.45,4.0,1.8,13,biased,avg,0.9515,0
0.45,4.0,1.8,13,biased,irt,1.0,0
0.45,4.0,1.8,13,mcar,avg,0.7697,0
0.45,4.0,1.8,14,biased,avg,0.9394,0
0.45,4.0,1.8,14,biased,irt,1.0,0
0.45,4.0,1.8,14,mcar,avg,0.9273,1
0.45,4.5,2.025,0,biased,avg,0.903,0
0.45,4.5,2.025,0,biased,irt,1.0,0
0.45,4.5,2.025,0,mcar,avg,0.9515,0
0.45,4.5,2.025,1,biased,avg,0.697,0
0.45,4.5,2.025,1,biased,irt,1.0,0
0.45,4.5,2.025,1,mcar,avg,0.9394,1
0.45,4.5,2.025,2,biased,avg,0.8303,0
0.45,4.5,2.025,2,biased,irt,1.0,0
0.45,4.5,2.025,2,mcar,avg,0.9758,0
0.45,4.5,2.025,3,biased,avg,0.9879,0
0.45,4.5,2.025,3,biased,irt,1.0,0
0.45,4.5,2.025,3,mcar,avg,0.9636,1
0.45,4.5,2.025,4,biased,avg,0.8788,0
0.45,4.5,2.025,4,biased,irt,1.0,0
0.45,4.5,2.025,4,mcar,avg,0.903,0
0.45,4.5,2.025,5,biased,avg,0.8545,0
0.45,4.5,2.025,5,biased,irt,1.0,0
0.45,4.5,2.025,5,mcar,avg,0.9394,1
0.45,4.5,2.025,6,biased,avg,0.8545,0
0.45,4.5,2.025,6,biased,irt,1.0,0
0.45,4.5,2.025,6,mcar,avg,0.8909,1
0.45,4.5,2.025,7,biased,avg,0.7333,0
0.45,4.5,2.025,7,biased,irt,1.0,0
0.45,4.5,2.025,7,mcar,avg,0.9636,0
0.45,4.5,2.025,8,biased,avg,0.8424,1
0.45,4.5,2.025,8,biased,irt,1.0,0
0.45,4.5,2.025,8,mcar,avg,0.9152,0
0.45,4.5,2.025,9,biased,avg,0.7576,0
0.45,4.5,2.025,9,biased,irt,0.9879,0
0.45,4.5,2.025,9,mcar,avg,0.9515,0
0.45,4.5,2.025,10,biased,avg,0.9273,0
0.45,4.5,2.025,10,biased,irt,1.0,0
0.45,4.5,2.025,10,mcar,avg,0.9879,0
0.45,4.5,2.025,11,biased,avg,0.903,0
0.45,4.5,2.025,11,biased,irt,1.0,0
0.45,4.5,2.025,11,mcar,avg,0.9758,0
0.45,4.5,2.025,12,biased,avg,0.9273,0
0.45,4.5,2.025,12,biased,irt,1.0,0
0.45,4.5,2.025,12,mcar,avg,0.9636,1
0.45,4.5,2.025,13,biased,avg,0.8545,1
0.45,4.5,2.025,13,biased,irt,1.0,0
0.45,4.5,2.025,13,mcar,avg,0.9152,1
0.45,4.5,2.025,14,biased,avg,0.7697,1
0.45,4.5,2.025,14,biased,irt,1.0,0
0.45,4.5,2.025,14,mcar,avg,0.8909,0
0.45,5.0,2.25,0,biased,avg,0.9394,1
0.45,5.0,2.25,0,biased,irt,1.0,0
0.45,5.0,2.25,0,mcar,avg,0.8788,0
0.45,5.0,2.25,1,biased,avg,0.6,1
0.45,5.0,2.25,1,biased,irt,1.0,0
0.45,5.0,2.25,1,mcar,avg,0.8061,0
0.45,5.0,2.25,2,biased,avg,0.7842,0
0.45,5.0,2.25,2,biased,irt,1.0,0
0.45,5.0,2.25,2,mcar,avg,0.9758,1
0.45,5.0,2.25,3,biased,avg,0.7939,0
0.45,5.0,2.25,3,biased,irt,1.0,0
0.45,5.0,2.25,3,mcar,avg,0.9515,0
0.45,5.0,2.25,4,biased,avg,0.6606,0
0.45,5.0,2.25,4,biased,irt,1.0,0
0.45,5.0,2.25,4,mcar,avg,0.9515,0
0.45,5.0,2.25,5,biased,avg,0.7939,0
0.45,5.0,2.25,5,biased,irt,1.0,0
0.45,5.0,2.25,5,mcar,avg,0.9273,1
0.45,5.0,2.25,6,biased,avg,0.8182,0
0.45,5.0,2.25,6,biased,irt,1.0,0
0.45,5.0,2.25,6,mcar,avg,0.8667,1
0.45,5.0,2.25,7,biased,avg,0.8909,1
0.45,5.0,2.25,7,biased,irt,1.0,0
0.45,5.0,2.25,7,mcar,avg,0.903,1
0.45,5.0,2.25,8,biased,avg,0.6606,1
0.45,5.0,2.25,8,biased,irt,1.0,0
0.45,5.0,2.25,8,mcar,avg,0.9273,0
0.45,5.0,2.25,9,biased,avg,0.697,0
0.45,5.0,2.25,9,biased,irt,1.0,0
0.45,5.0,2.25,9,mcar,avg,0.9758,0
0.45,5.0,2.25,10,biased,avg,0.8182,1
0.45,5.0,2.25,10,biased,irt,1.0,0
0.45,5.0,2.25,10,mcar,avg,0.903,0
0.45,5.0,2.25,11,biased,avg,0.6485,1
0.45,5.0,2.25,11,biased,irt,1.0,0
0.45,5.0,2.25,11,mcar,avg,0.6727,1
0.45,5.0,2.25,12,biased,avg,0.7818,1
0.45,5.0,2.25,12,biased,irt,1.0,0
0.45,5.0,2.25,12,mcar,avg,0.9394,1
0.45,5.0,2.25,13,biased,avg,0.8909,1
0.45,5.0,2.25,13,biased,irt,1.0,0
0.45,5.0,2.25,13,mcar,avg,0.8424,1
0.45,5.0,2.25,14,biased,avg,0.8303,0
0.45,5.0,2.25,14,biased,irt,1.0,0
0.45,5.0,2.25,14,mcar,avg,0.9636,0
0.5,0.5,0.25,0,biased,avg,0.9879,0
0.5,0.5,0.25,0,biased,irt,1.0,0
0.5,0.5,0.25,0,mcar,avg,1.0,0
0.5,0.5,0.25,1,biased,avg,0.9879,0
0.5,0.5,0.25,1,biased,irt,1.0,0
0.5,0.5,0.25,1,mcar,avg,0.9758,1
0.5,0.5,0.25,2,biased,avg,0.9879,1
0.5,0.5,0.25,2,biased,irt,1.0,0
0.5,0.5,0.25,2,mcar,avg,0.9879,0
0.5,0.5,0.25,3,biased,avg,1.0,0
0.5,0.5,0.25,3,biased,irt,1.0,0
0.5,0.5,0.25,3,mcar,avg,1.0,0
0.5,0.5,0.25,4,biased,avg,1.0,0
0.5,0.5,0.25,4,biased,irt,1.0,0
0.5,0.5,0.25,4,mcar,avg,1.0,0
0.5,0.5,0.25,5,biased,avg,1.0,0
0.5,0.5,0.25,5,biased,irt,1.0,0
0.5,0.5,0.25,5,mcar,avg,1.0,0
0.5,0.5,0.25,6,biased,avg,0.9879,0
0.5,0.5,0.25,6,biased,irt,1.0,0
0.5,0.5,0.25,6,mcar,avg,0.9879,0
0.5,0.5,0.25,7,biased,avg,0.9879,0
0.5,0.5,0.25,7,biased,irt,1.0,0
0.5,0.5,0.25,7,mcar,avg,1.0,0
0.5,0.5,0.25,8,biased,avg,0.9879,0
0.5,0.5,0.25,8,biased,irt,1.0,0
0.5,0.5,0.25,8,mcar,avg,0.9879,1
0.5,0.5,0.25,9,biased,avg,0.9879,0
0.5,0.5,0.25,9,biased,irt,1.0,0
0.5,0.5,0.25,9,mcar,avg,1.0,0
0.5,0.5,0.25,10,biased,avg,1.0,0
0.5,0.5,0.25,10,biased,irt,1.0,0
0.5,0.5,0.25,10,mcar,avg,0.9758,0
0.5,0.5,0.25,11,biased,avg,1.0,0
0.5,0.5,0.25,11,biased,irt,1.0,0
0.5,0.5,0.25,11,mcar,avg,0.9879,0
0.5,0.5,0.25,12,biased,avg,0.9879,0
0.5,0.5,0.25,12,biased,irt,1.0,0
0.5,0.5,0.25,12,mcar,avg,0.9879,0
0.5,0.5,0.25,13,biased,avg,1.0,0
0.5,0.5,0.25,13,biased,irt,1.0,0
0.5,0.5,0.25,13,mcar,avg,1.0,0
0.5,0.5,0.25,14,biased,avg,1.0,0
0.5,0.5,0.25,14,biased,irt,1.0,0
0.5,0.5,0.25,14,mcar,avg,0.9758,1
0.5,1.0,0.5,0,biased,avg,1.0,0
0.5,1.0,0.5,0,biased,irt,1.0,0
0.5,1.0,0.5,0,mcar,avg,0.9879,0
0.5,1.0,0.5,1,biased,avg,1.0,0
0.5,1.0,0.5,1,biased,irt,1.0,0
0.5,1.0,0.5,1,mcar,avg,1.0,0
0.5,1.0,0.5,2,biased,avg,1.0,0
0.5,1.0,0.5,2,biased,irt,1.0,0
0.5,1.0,0.5,2,mcar,avg,0.9515,0
0.5,1.0,0.5,3,biased,avg,0.9879,0
0.5,1.0,0.5,3,biased,irt,1.0,0
0.5,1.0,0.5,3,mcar,avg,0.9879,0
0.5,1.0,0.5,4,biased,avg,0.9879,0
0.5,1.0,0.5,4,biased,irt,1.0,0
0.5,1.0,0.5,4,mcar,avg,0.9879,0
0.5,1.0,0.5,5,biased,avg,1.0,0
0.5,1.0,0.5,5,biased,irt,1.0,0
0.5,1.0,0.5,5,mcar,avg,0.9879,0
0.5,1.0,0.5,6,biased,avg,1.0,0
0.5,1.0,0.5,6,biased,irt,1.0,0
0.5,1.0,0.5,6,mcar,avg,0.9879,0
0.5,1.0,0.5,7,biased,avg,1.0,0
0.5,1.0,0.5,7,biased,irt,1.0,0
0.5,1.0,0.5,7,mcar,avg,0.9879,0
0.5,1.0,0.5,8,biased,avg,0.9879,0
0.5,1.0,0.5,8,biased,irt,1.0,0
0.5,1.0,0.5,8,mcar,avg,1.0,0
0.5,1.0,0.5,9,biased,avg,0.9879,1
0.5,1.0,0.5,9,biased,irt,1.0,0
0.5,1.0,0.5,9,mcar,avg,1.0,0
0.5,1.0,0.5,10,biased,avg,1.0,0
0.5,1.0,0.5,10,biased,irt,1.0,0
0.5,1.0,0.5,10,mcar,avg,1.0,0
0.5,1.0,0.5,11,biased,avg,1.0,0
0.5,1.0,0.5,11,biased,irt,1.0,0
0.5,1.0,0.5,11,mcar,avg,0.9879,0
0.5,1.0,0.5,12,biased,avg,0.9879,0
0.5,1.0,0.5,12,biased,irt,1.0,0
0.5,1.0,0.5,12,mcar,avg,0.9879,0
0.5,1.0,0.5,13,biased,avg,1.0,0
0.5,1.0,0.5,13,biased,irt,1.0,0
0.5,1.0,0.5,13,mcar,avg,1.0,0
0.5,1.0,0.5,14,biased,avg,1.0,0
0.5,1.0,0.5,14,biased,irt,1.0,0
0.5,1.0,0.5,14,mcar,avg,1.0,0
0.5,1.5,0.75,0,biased,avg,1.0,0
0.5,1.5,0.75,0,biased,irt,1.0,0
0.5,1.5,0.75,0,mcar,avg,1.0,0
0.5,1.5,0.75,1,biased,avg,1.0,0
0.5,1.5,0.75,1,biased,irt,1.0,0
0.5,1.5,0.75,1,mcar,avg,0.9758,0
0.5,1.5,0.75,2,biased,avg,1.0,0
0.5,1.5,0.75,2,biased,irt,1.0,0
0.5,1.5,0.75,2,mcar,avg,0.9879,0
0.5,1.5,0.75,3,biased,avg,1.0,0
0.5,1.5,0.75,3,biased,irt,1.0,0
0.5,1.5,0.75,3,mcar,avg,1.0,0
0.5,1.5,0.75,4,biased,avg,1.0,0
0.5,1.5,0.75,4,biased,irt,1.0,0
0.5,1.5,0.75,4,mcar,avg,1.0,0
0.5,1.5,0.75,5,biased,avg,1.0,0
0.5,1.5,0.75,5,biased,irt,1.0,0
0.5,1.5,0.75,5,mcar,avg,1.0,0
0.5,1.5,0.75,6,biased,avg,0.9636,0
0.5,1.5,0.75,6,biased,irt,1.0,0
0.5,1.5,0.75,6,mcar,avg,1.0,0
0.5,1.5,0.75,7,biased,avg,1.0,0
0.5,1.5,0.75,7,biased,irt,1.0,0
0.5,1.5,0.75,7,mcar,avg,0.9636,0
0.5,1.5,0.75,8,biased,avg,0.9879,0
0.5,1.5,0.75,8,biased,irt,1.0,0
0.5,1.5,0.75,8,mcar,avg,1.0,0
0.5,1.5,0.75,9,biased,avg,0.9879,0
0.5,1.5,0.75,9,biased,irt,1.0,0
0.5,1.5,0.75,9,mcar,avg,1.0,0
0.5,1.5,0.75,10,biased,avg,0.9879,0
0.5,1.5,0.75,10,biased,irt,1.0,0
0.5,1.5,0.75,10,mcar,avg,0.9879,0
0.5,1.5,0.75,11,biased,avg,1.0,0
0.5,1.5,0.75,11,biased,irt,0.9879,0
0.5,1.5,0.75,11,mcar,avg,0.9879,0
0.5,1.5,0.75,12,biased,avg,1.0,0
0.5,1.5,0.75,12,biased,irt,1.0,0
0.5,1.5,0.75,12,mcar,avg,0.9636,0
0.5,1.5,0.75,13,biased,avg,1.0,0
0.5,1.5,0.75,13,biased,irt,1.0,0
0.5,1.5,0.75,13,mcar,avg,1.0,0
0.5,1.5,0.75,14,biased,avg,0.9879,0
0.5,1.5,0.75,14,biased,irt,1.0,0
0.5,1.5,0.75,14,mcar,avg,0.9636,0
0.5,2.0,1.0,0,biased,avg,0.9758,0
0.5,2.0,1.0,0,biased,irt,1.0,0
0.5,2.0,1.0,0,mcar,avg,1.0,0
0.5,2.0,1.0,1,biased,avg,1.0,0
0.5,2.0,1.0,1,biased,irt,1.0,0
0.5,2.0,1.0,1,mcar,avg,0.9879,0
0.5,2.0,1.0,2,biased,avg,1.0,0
0.5,2.0,1.0,2,biased,irt,1.0,0
0.5,2.0,1.0,2,mcar,avg,0.9879,0
0.5,2.0,1.0,3,biased,avg,0.9879,0
0.5,2.0,1.0,3,biased,irt,1.0,0
0.5,2.0,1.0,3,mcar,avg,1.0,0
0.5,2.0,1.0,4,biased,avg,0.9879,0
0.5,2.0,1.0,4,biased,irt,1.0,0
0.5,2.0,1.0,4,mcar,avg,0.9879,0
0.5,2.0,1.0,5,biased,avg,0.9879,0
0.5,2.0,1.0,5,biased,irt,1.0,0
0.5,2.0,1.0,5,mcar,avg,0.9879,0
0.5,2.0,1.0,6,biased,avg,0.9394,0
0.5,2.0,1.0,6,biased,irt,1.0,0
0.5,2.0,1.0,6,mcar,avg,1.0,0
0.5,2.0,1.0,7,biased,avg,0.9758,0
0.5,2.0,1.0,7,biased,irt,1.0,0
0.5,2.0,1.0,7,mcar,avg,0.9879,0
0.5,2.0,1.0,8,biased,avg,0.9636,1
0.5,2.0,1.0,8,biased,irt,1.0,0
0.5,2.0,1.0,8,mcar,avg,1.0,0
0.5,2.0,1.0,9,biased,avg,0.9636,0
0.5,2.0,1.0,9,biased,irt,1.0,0
0.5,2.0,1.0,9,mcar,avg,1.0,0
0.5,2.0,1.0,10,biased,avg,0.9879,0
0.5,2.0,1.0,10,biased,irt,1.0,0
0.5,2.0,1.0,10,mcar,avg,0.9758,0
0.5,2.0,1.0,11,biased,avg,0.9636,0
0.5,2.0,1.0,11,biased,irt,1.0,0
0.5,2.0,1.0,11,mcar,avg,0.9758,0
0.5,2.0,1.0,12,biased,avg,0.9879,0
0.5,2.0,1.0,12,biased,irt,1.0,0
0.5,2.0,1.0,12,mcar,avg,0.9879,0
0.5,2.0,1.0,13,biased,avg,0.9879,0
0.5,2.0,1.0,13,biased,irt,1.0,0
0.5,2.0,1.0,13,mcar,avg,0.9879,0
0.5,2.0,1.0,14,biased,avg,0.9636,0
0.5,2.0,1.0,14,biased,irt,1.0,0
0.5,2.0,1.0,14,mcar,avg,0.9879,0
0.5,2.5,1.25,0,biased,avg,1.0,0
0.5,2.5,1.25,0,biased,irt,1.0,0
0.5,2.5,1.25,0,mcar,avg,0.9636,0
0.5,2.5,1.25,1,biased,avg,0.9515,0
0.5,2.5,1.25,1,biased,irt,1.0,0
0.5,2.5,1.25,1,mcar,avg,0.9515,1
0.5,2.5,1.25,2,biased,avg,0.9879,0
0.5,2.5,1.25,2,biased,irt,1.0,0
0.5,2.5,1.25,2,mcar,avg,0.9636,0
0.5,2.5,1.25,3,biased,avg,0.9879,0
0.5,2.5,1.25,3,biased,irt,1.0,0
0.5,2.5,1.25,3,mcar,avg,0.9879,0
0.5,2.5,1.25,4,biased,avg,0.9636,0
0.5,2.5,1.25,4,biased,irt,1.0,0
0.5,2.5,1.25,4,mcar,avg,0.9879,0
0.5,2.5,1.25,5,biased,avg,0.9636,0
0.5,2.5,1.25,5,biased,irt,1.0,0
0.5,2.5,1.25,5,mcar,avg,0.9758,0
0.5,2.5,1.25,6,biased,avg,0.9879,0
0.5,2.5,1.25,6,biased,irt,1.0,0
0.5,2.5,1.25,6,mcar,avg,1.0,0
0.5,2.5,1.25,7,biased,avg,0.9758,0
0.5,2.5,1.25,7,biased,irt,1.0,0
0.5,2.5,1.25,7,mcar,avg,0.8667,0
0.5,2.5,1.25,8,biased,avg,0.8909,0
0.5,2.5,1.25,8,biased,irt,1.0,0
0.5,2.5,1.25,8,mcar,avg,0.9879,0
0.5,2.5,1.25,9,biased,avg,0.9758,0
0.5,2.5,1.25,9,biased,irt,1.0,0
0.5,2.5,1.25,9,mcar,avg,0.9879,0
0.5,2.5,1.25,10,biased,avg,0.9636,0
0.5,2.5,1.25,10,biased,irt,1.0,0
0.5,2.5,1.25,10,mcar,avg,0.9515,0
0.5,2.5,1.25,11,biased,avg,0.9758,0
0.5,2.5,1.25,11,biased,irt,1.0,0
0.5,2.5,1.25,11,mcar,avg,0.8788,0
0.5,2.5,1.25,12,biased,avg,0.9515,0
0.5,2.5,1.25,12,biased,irt,1.0,0
0.5,2.5,1.25,12,mcar,avg,0.9636,0
0.5,2.5,1.25,13,biased,avg,0.9636,0
0.5,2.5,1.25,13,biased,irt,1.0,0
0.5,2.5,1.25,13,mcar,avg,0.9758,0
0.5,2.5,1.25,14,biased,avg,0.9879,0
0.5,2.5,1.25,14,biased,irt,1.0,0
0.5,2.5,1.25,14,mcar,avg,0.9758,0
0.5,3.0,1.5,0,biased,avg,0.9879,0
0.5,3.0,1.5,0,biased,irt,1.0,0
0.5,3.0,1.5,0,mcar,avg,0.9394,0
0.5,3.0,1.5,1,biased,avg,0.903,0
0.5,3.0,1.5,1,biased,irt,1.0,0
0.5,3.0,1.5,1,mcar,avg,0.9758,0
0.5,3.0,1.5,2,biased,avg,0.9636,0
0.5,3.0,1.5,2,biased,irt,1.0,0
0.5,3.0,1.5,2,mcar,avg,0.9394,0
0.5,3.0,1.5,3,biased,avg,0.9758,0
0.5,3.0,1.5,3,biased,irt,1.0,0
0.5,3.0,1.5,3,mcar,avg,0.9636,0
0.5,3.0,1.5,4,biased,avg,0.9394,0
0.5,3.0,1.5,4,biased,irt,1.0,0
0.5,3.0,1.5,4,mcar,avg,0.9879,0
0.5,3.0,1.5,5,biased,avg,0.9483,0
0.5,3.0,1.5,5,biased,irt,1.0,0
0.5,3.0,1.5,5,mcar,avg,0.9636,0
0.5,3.0,1.5,6,biased,avg,0.9394,0
0.5,3.0,1.5,6,biased,irt,1.0,0
0.5,3.0,1.5,6,mcar,avg,0.9636,0
0.5,3.0,1.5,7,biased,avg,1.0,0
0.5,3.0,1.5,7,biased,irt,1.0,0
0.5,3.0,1.5,7,mcar,avg,0.8909,0
0.5,3.0,1.5,8,biased,avg,0.9515,0
0.5,3.0,1.5,8,biased,irt,1.0,0
0.5,3.0,1.5,8,mcar,avg,0.9394,0
0.5,3.0,1.5,9,biased,avg,1.0,0
0.5,3.0,1.5,9,biased,irt,1.0,0
0.5,3.0,1.5,9,mcar,avg,0.9636,0
0.5,3.0,1.5,10,biased,avg,0.9515,0
0.5,3.0,1.5,10,biased,irt,1.0,0
0.5,3.0,1.5,10,mcar,avg,0.9362,1
0.5,3.0,1.5,11,biased,avg,0.9726,0
0.5,3.0,1.5,11,biased,irt,1.0,0
0.5,3.0,1.5,11,mcar,avg,1.0,0
0.5,3.0,1.5,12,biased,avg,0.9758,0
0.5,3.0,1.5,12,biased,irt,1.0,0
0.5,3.0,1.5,12,mcar,avg,0.9879,0
0.5,3.0,1.5,13,biased,avg,0.9758,0
0.5,3.0,1.5,13,biased,irt,1.0,0
0.5,3.0,1.5,13,mcar,avg,0.9515,0
0.5,3.0,1.5,14,biased,avg,0.9394,0
0.5,3.0,1.5,14,biased,irt,1.0,0
0.5,3.0,1.5,14,mcar,avg,0.9879,0
0.5,3.5,1.75,0,biased,avg,0.903,0
0.5,3.5,1.75,0,biased,irt,1.0,0
0.5,3.5,1.75,0,mcar,avg,0.9758,0
0.5,3.5,1.75,1,biased,avg,0.9758,0
0.5,3.5,1.75,1,biased,irt,1.0,0
0.5,3.5,1.75,1,mcar,avg,0.9758,1
0.5,3.5,1.75,2,biased,avg,0.8545,0
0.5,3.5,1.75,2,biased,irt,1.0,0
0.5,3.5,1.75,2,mcar,avg,0.9515,0
0.5,3.5,1.75,3,biased,avg,0.8909,0
0.5,3.5,1.75,3,biased,irt,1.0,0
0.5,3.5,1.75,3,mcar,avg,0.9394,0
0.5,3.5,1.75,4,biased,avg,0.8667,0
0.5,3.5,1.75,4,biased,irt,1.0,0
0.5,3.5,1.75,4,mcar,avg,0.9636,0
0.5,3.5,1.75,5,biased,avg,0.9758,0
0.5,3.5,1.75,5,biased,irt,1.0,0
0.5,3.5,1.75,5,mcar,avg,0.9394,0
0.5,3.5,1.75,6,biased,avg,0.9636,0
0.5,3.5,1.75,6,biased,irt,1.0,0
0.5,3.5,1.75,6,mcar,avg,0.9636,0
0.5,3.5,1.75,7,biased,avg,0.9515,0
0.5,3.5,1.75,7,biased,irt,1.0,0
0.5,3.5,1.75,7,mcar,avg,0.9879,0
0.5,3.5,1.75,8,biased,avg,0.9394,0
0.5,3.5,1.75,8,biased,irt,1.0,0
0.5,3.5,1.75,8,mcar,avg,0.9394,0
0.5,3.5,1.75,9,biased,avg,0.8061,0
0.5,3.5,1.75,9,biased,irt,1.0,0
0.5,3.5,1.75,9,mcar,avg,0.9152,1
0.5,3.5,1.75,10,biased,avg,0.9515,0
0.5,3.5,1.75,10,biased,irt,1.0,0
0.5,3.5,1.75,10,mcar,avg,0.9879,0
0.5,3.5,1.75,11,biased,avg,0.9758,0
0.5,3.5,1.75,11,biased,irt,1.0,0
0.5,3.5,1.75,11,mcar,avg,0.9394,1
0.5,3.5,1.75,12,biased,avg,0.9273,1
0.5,3.5,1.75,12,biased,irt,1.0,0
0.5,3.5,1.75,12,mcar,avg,0.9273,0
0.5,3.5,1.75,13,biased,avg,0.9394,0
0.5,3.5,1.75,13,biased,irt,1.0,0
0.5,3.5,1.75,13,mcar,avg,0.9636,0
0.5,3.5,1.75,14,biased,avg,0.9515,0
0.5,3.5,1.75,14,biased,irt,1.0,0
0.5,3.5,1.75,14,mcar,avg,0.9394,1
0.5,4.0,2.0,0,biased,avg,0.9515,0
0.5,4.0,2.0,0,biased,irt,1.0,0
0.5,4.0,2.0,0,mcar,avg,0.9152,0
0.5,4.0,2.0,1,biased,avg,0.9152,0
0.5,4.0,2.0,1,biased,irt,1.0,0
0.5,4.0,2.0,1,mcar,avg,0.9273,0
0.5,4.0,2.0,2,biased,avg,0.9758,0
0.5,4.0,2.0,2,biased,irt,1.0,0
0.5,4.0,2.0,2,mcar,avg,0.9515,0
0.5,4.0,2.0,3,biased,avg,0.9515,0
0.5,4.0,2.0,3,biased,irt,1.0,0
0.5,4.0,2.0,3,mcar,avg,0.8788,0
0.5,4.0,2.0,4,biased,avg,0.8182,1
0.5,4.0,2.0,4,biased,irt,1.0,0
0.5,4.0,2.0,4,mcar,avg,0.8909,0
0.5,4.0,2.0,5,biased,avg,0.8909,0
0.5,4.0,2.0,5,biased,irt,1.0,0
0.5,4.0,2.0,5,mcar,avg,0.9394,0
0.5,4.0,2.0,6,biased,avg,0.8788,0
0.5,4.0,2.0,6,biased,irt,1.0,0
0.5,4.0,2.0,6,mcar,avg,0.9394,1
0.5,4.0,2.0,7,biased,avg,0.9152,0
0.5,4.0,2.0,7,biased,irt,1.0,0
0.5,4.0,2.0,7,mcar,avg,0.9152,0
0.5,4.0,2.0,8,biased,avg,0.7333,0
0.5,4.0,2.0,8,biased,irt,1.0,0
0.5,4.0,2.0,8,mcar,avg,0.9394,1
0.5,4.0,2.0,9,biased,avg,0.9273,0
0.5,4.0,2.0,9,biased,irt,1.0,0
0.5,4.0,2.0,9,mcar,avg,0.9394,1
0.5,4.0,2.0,10,biased,avg,0.8424,1
0.5,4.0,2.0,10,biased,irt,1.0,0
0.5,4.0,2.0,10,mcar,avg,0.9152,0
0.5,4.0,2.0,11,biased,avg,0.9273,0
0.5,4.0,2.0,11,biased,irt,1.0,0
0.5,4.0,2.0,11,mcar,avg,0.9273,1
0.5,4.0,2.0,12,biased,avg,0.9273,0
0.5,4.0,2.0,12,biased,irt,1.0,0
0.5,4.0,2.0,12,mcar,avg,0.9152,1
0.5,4.0,2.0,13,biased,avg,0.9758,0
0.5,4.0,2.0,13,biased,irt,1.0,0
0.5,4.0,2.0,13,mcar,avg,0.9636,0
0.5,4.0,2.0,14,biased,avg,0.8788,0
0.5,4.0,2.0,14,biased,irt,1.0,0
0.5,4.0,2.0,14,mcar,avg,0.903,1
0.5,4.5,2.25,0,biased,avg,0.7576,1
0.5,4.5,2.25,0,biased,irt,1.0,0
0.5,4.5,2.25,0,mcar,avg,0.9394,0
0.5,4.5,2.25,1,biased,avg,0.903,1
0.5,4.5,2.25,1,biased,irt,1.0,0
0.5,4.5,2.25,1,mcar,avg,0.9152,0
0.5,4.5,2.25,2,biased,avg,0.7333,0
0.5,4.5,2.25,2,biased,irt,1.0,0
0.5,4.5,2.25,2,mcar,avg,0.9515,0
0.5,4.5,2.25,3,biased,avg,0.8667,0
0.5,4.5,2.25,3,biased,irt,1.0,0
0.5,4.5,2.25,3,mcar,avg,0.8909,0
0.5,4.5,2.25,4,biased,avg,0.8909,0
0.5,4.5,2.25,4,biased,irt,1.0,0
0.5,4.5,2.25,4,mcar,avg,0.903,0
0.5,4.5,2.25,5,biased,avg,0.8667,1
0.5,4.5,2.25,5,biased,irt,1.0,0
0.5,4.5,2.25,5,mcar,avg,0.9515,1
0.5,4.5,2.25,6,biased,avg,0.8424,0
0.5,4.5,2.25,6,biased,irt,1.0,0
0.5,4.5,2.25,6,mcar,avg,0.9758,0
0.5,4.5,2.25,7,biased,avg,0.6242,1
0.5,4.5,2.25,7,biased,irt,1.0,0
0.5,4.5,2.25,7,mcar,avg,0.8545,1
0.5,4.5,2.25,8,biased,avg,0.6848,0
0.5,4.5,2.25,8,biased,irt,1.0,0
0.5,4.5,2.25,8,mcar,avg,0.9273,0
0.5,4.5,2.25,9,biased,avg,0.7333,0
0.5,4.5,2.25,9,biased,irt,1.0,0
0.5,4.5,2.25,9,mcar,avg,0.8667,1
0.5,4.5,2.25,10,biased,avg,0.8909,0
0.5,4.5,2.25,10,biased,irt,1.0,0
0.5,4.5,2.25,10,mcar,avg,0.7212,1
0.5,4.5,2.25,11,biased,avg,0.8424,0
0.5,4.5,2.25,11,biased,irt,1.0,0
0.5,4.5,2.25,11,mcar,avg,0.9152,1
0.5,4.5,2.25,12,biased,avg,0.8788,1
0.5,4.5,2.25,12,biased,irt,1.0,0
0.5,4.5,2.25,12,mcar,avg,0.8545,0
0.5,4.5,2.25,13,biased,avg,0.9273,0
0.5,4.5,2.25,13,biased,irt,1.0,0
0.5,4.5,2.25,13,mcar,avg,0.9394,1
0.5,4.5,2.25,14,biased,avg,0.7576,0
0.5,4.5,2.25,14,biased,irt,1.0,0
0.5,4.5,2.25,14,mcar,avg,0.8667,1
0.5,5.0,2.5,0,biased,avg,0.6485,1
0.5,5.0,2.5,0,biased,irt,1.0,0
0.5,5.0,2.5,0,mcar,avg,0.8788,1
0.5,5.0,2.5,1,biased,avg,0.8061,0
0.5,5.0,2.5,1,biased,irt,1.0,0
0.5,5.0,2.5,1,mcar,avg,0.9394,1
0.5,5.0,2.5,2,biased,avg,0.8303,1
0.5,5.0,2.5,2,biased,irt,1.0,0
0.5,5.0,2.5,2,mcar,avg,0.8788,0
0.5,5.0,2.5,3,biased,avg,0.7455,1
0.5,5.0,2.5,3,biased,irt,1.0,0
0.5,5.0,2.5,3,mcar,avg,0.8909,1
0.5,5.0,2.5,4,biased,avg,0.6485,0
0.5,5.0,2.5,4,biased,irt,1.0,0
0.5,5.0,2.5,4,mcar,avg,0.9273,0
0.5,5.0,2.5,5,biased,avg,0.5515,0
0.5,5.0,2.5,5,biased,irt,1.0,0
0.5,5.0,2.5,5,mcar,avg,0.903,0
0.5,5.0,2.5,6,biased,avg,0.5879,0
0.5,5.0,2.5,6,biased,irt,1.0,0
0.5,5.0,2.5,6,mcar,avg,0.8424,1
0.5,5.0,2.5,7,biased,avg,0.6242,1
0.5,5.0,2.5,7,biased,irt,1.0,0
0.5,5.0,2.5,7,mcar,avg,0.9758,0
0.5,5.0,2.5,8,biased,avg,0.8085,1
0.5,5.0,2.5,8,biased,irt,1.0,0
0.5,5.0,2.5,8,mcar,avg,0.8061,0
0.5,5.0,2.5,9,biased,avg,0.7576,0
0.5,5.0,2.5,9,biased,irt,1.0,0
0.5,5.0,2.5,9,mcar,avg,0.9636,0
0.5,5.0,2.5,10,biased,avg,0.7576,0
0.5,5.0,2.5,10,biased,irt,1.0,0
0.5,5.0,2.5,10,mcar,avg,0.8909,0
0.5,5.0,2.5,11,biased,avg,0.5515,0
0.5,5.0,2.5,11,biased,irt,1.0,0
0.5,5.0,2.5,11,mcar,avg,0.9758,1
0.5,5.0,2.5,12,biased,avg,0.9515,0
0.5,5.0,2.5,12,biased,irt,1.0,0
0.5,5.0,2.5,12,mcar,avg,0.9152,0
0.5,5.0,2.5,13,biased,avg,0.8303,1
0.5,5.0,2.5,13,biased,irt,1.0,0
0.5,5.0,2.5,13,mcar,avg,0.9152,0
0.5,5.0,2.5,14,biased,avg,0.6364,0
0.5,5.0,2.5,14,biased,irt,1.0,0
0.5,5.0,2.5,14,mcar,avg,0.8788,1
0.55,0.5,0.275,0,biased,avg,0.997,0
0.55,0.5,0.275,0,biased,irt,1.0,0
0.55,0.5,0.275,0,mcar,avg,0.9879,0
0.55,0.5,0.275,1,biased,avg,1.0,0
0.55,0.5,0.275,1,biased,irt,1.0,0
0.55,0.5,0.275,1,mcar,avg,0.9879,0
0.55,0.5,0.275,2,biased,avg,0.9758,1
0.55,0.5,0.275,2,biased,irt,1.0,0
0.55,0.5,0.275,2,mcar,avg,1.0,0
0.55,0.5,0.275,3,biased,avg,0.9879,0
0.55,0.5,0.275,3,biased,irt,1.0,0
0.55,0.5,0.275,3,mcar,avg,0.9879,1
0.55,0.5,0.275,4,biased,avg,1.0,0
0.55,0.5,0.275,4,biased,irt,1.0,0
0.55,0.5,0.275,4,mcar,avg,1.0,0
0.55,0.5,0.275,5,biased,avg,1.0,0
0.55,0.5,0.275,5,biased,irt,1.0,0
0.55,0.5,0.275,5,mcar,avg,0.9879,0
0.55,0.5,0.275,6,biased,avg,1.0,0
0.55,0.5,0.275,6,biased,irt,1.0,0
0.55,0.5,0.275,6,mcar,avg,1.0,0
0.55,0.5,0.275,7,biased,avg,1.0,0
0.55,0.5,0.275,7,biased,irt,1.0,0
0.55,0.5,0.275,7,mcar,avg,1.0,0
0.55,0.5,0.275,8,biased,avg,1.0,0
0.55,0.5,0.275,8,biased,irt,1.0,0
0.55,0.5,0.275,8,mcar,avg,0.9879,0
0.55,0.5,0.275,9,biased,avg,1.0,0
0.55,0.5,0.275,9,biased,irt,1.0,0
0.55,0.5,0.275,9,mcar,avg,0.9879,0
0.55,0.5,0.275,10,biased,avg,1.0,0
0.55,0.5,0.275,10,biased,irt,1.0,0
0.55,0.5,0.275,10,mcar,avg,1.0,0
0.55,0.5,0.275,11,biased,avg,1.0,0
0.55,0.5,0.275,11,biased,irt,0.9879,0
0.55,0.5,0.275,11,mcar,avg,1.0,0
0.55,0.5,0.275,12,biased,avg,0.9879,0
0.55,0.5,0.275,12,biased,irt,1.0,0
0.55,0.5,0.275,12,mcar,avg,1.0,0
0.55,0.5,0.275,13,biased,avg,0.9879,0
0.55,0.5,0.275,13,biased,irt,1.0,0
0.55,0.5,0.275,13,mcar,avg,1.0,0
0.55,0.5,0.275,14,biased,avg,0.9879,0
0.55,0.5,0.275,14,biased,irt,1.0,0
0.55,0.5,0.275,14,mcar,avg,0.9879,0
0.55,1.0,0.55,0,biased,avg,1.0,0
0.55,1.0,0.55,0,biased,irt,1.0,0
0.55,1.0,0.55,0,mcar,avg,0.9879,0
0.55,1.0,0.55,1,biased,avg,1.0,0
0.55,1.0,0.55,1,biased,irt,1.0,0
0.55,1.0,0.55,1,mcar,avg,0.9879,0
0.55,1.0,0.55,2,biased,avg,1.0,0
0.55,1.0,0.55,2,biased,irt,1.0,0
0.55,1.0,0.55,2,mcar,avg,0.9515,0
0.55,1.0,0.55,3,biased,avg,1.0,0
0.55,1.0,0.55,3,biased,irt,1.0,0
0.55,1.0,0.55,3,mcar,avg,0.9758,0
0.55,1.0,0.55,4,biased,avg,1.0,0
0.55,1.0,0.55,4,biased,irt,1.0,0
0.55,1.0,0.55,4,mcar,avg,0.9758,1
0.55,1.0,0.55,5,biased,avg,0.9879,0
0.55,1.0,0.55,5,biased,irt,1.0,0
0.55,1.0,0.55,5,mcar,avg,1.0,0
0.55,1.0,0.55,6,biased,avg,0.9879,0
0.55,1.0,0.55,6,biased,irt,1.0,0
0.55,1.0,0.55,6,mcar,avg,0.9879,0
0.55,1.0,0.55,7,biased,avg,1.0,0
0.55,1.0,0.55,7,biased,irt,1.0,0
0.55,1.0,0.55,7,mcar,avg,0.9879,0
0.55,1.0,0.55,8,biased,avg,0.9879,0
0.55,1.0,0.55,8,biased,irt,1.0,0
0.55,1.0,0.55,8,mcar,avg,1.0,0
0.55,1.0,0.55,9,biased,avg,0.9879,0
0.55,1.0,0.55,9,biased,irt,1.0,0
0.55,1.0,0.55,9,mcar,avg,0.9879,0
0.55,1.0,0.55,10,biased,avg,0.9879,0
0.55,1.0,0.55,10,biased,irt,1.0,0
0.55,1.0,0.55,10,mcar,avg,1.0,0
0.55,1.0,0.55,11,biased,avg,1.0,0
0.55,1.0,0.55,11,biased,irt,1.0,0
0.55,1.0,0.55,11,mcar,avg,1.0,0
0.55,1.0,0.55,12,biased,avg,1.0,0
0.55,1.0,0.55,12,biased,irt,1.0,0
0.55,1.0,0.55,12,mcar,avg,0.9879,0
0.55,1.0,0.55,13,biased,avg,1.0,0
0.55,1.0,0.55,13,biased,irt,1.0,0
0.55,1.0,0.55,13,mcar,avg,1.0,0
0.55,1.0,0.55,14,biased,avg,1.0,0
0.55,1.0,0.55,14,biased,irt,1.0,0
0.55,1.0,0.55,14,mcar,avg,1.0,0
0.55,1.5,0.825,0,biased,avg,0.9879,0
0.55,1.5,0.825,0,biased,irt,1.0,0
0.55,1.5,0.825,0,mcar,avg,1.0,0
0.55,1.5,0.825,1,biased,avg,0.9879,0
0.55,1.5,0.825,1,biased,irt,0.9879,0
0.55,1.5,0.825,1,mcar,avg,0.9879,0
0.55,1.5,0.825,2,biased,avg,1.0,0
0.55,1.5,0.825,2,biased,irt,1.0,0
0.55,1.5,0.825,2,mcar,avg,0.9879,0
0.55,1.5,0.825,3,biased,avg,0.9758,0
0.55,1.5,0.825,3,biased,irt,1.0,0
0.55,1.5,0.825,3,mcar,avg,1.0,0
0.55,1.5,0.825,4,biased,avg,1.0,0
0.55,1.5,0.825,4,biased,irt,1.0,0
0.55,1.5,0.825,4,mcar,avg,0.9879,0
0.55,1.5,0.825,5,biased,avg,0.9879,0
0.55,1.5,0.825,5,biased,irt,1.0,0
0.55,1.5,0.825,5,mcar,avg,0.9879,1
0.55,1.5,0.825,6,biased,avg,0.9879,0
0.55,1.5,0.825,6,biased,irt,1.0,0
0.55,1.5,0.825,6,mcar,avg,0.9879,0
0.55,1.5,0.825,7,biased,avg,0.9636,0
0.55,1.5,0.825,7,biased,irt,1.0,0
0.55,1.5,0.825,7,mcar,avg,0.9758,0
0.55,1.5,0.825,8,biased,avg,1.0,0
0.55,1.5,0.825,8,biased,irt,1.0,0
0.55,1.5,0.825,8,mcar,avg,0.9879,0
0.55,1.5,0.825,9,biased,avg,0.9879,0
0.55,1.5,0.825,9,biased,irt,1.0,0
0.55,1.5,0.825,9,mcar,avg,0.9879,0
0.55,1.5,0.825,10,biased,avg,0.9879,0
0.55,1.5,0.825,10,biased,irt,1.0,0
0.55,1.5,0.825,10,mcar,avg,0.9636,0
0.55,1.5,0.825,11,biased,avg,0.9636,0
0.55,1.5,0.825,11,biased,irt,1.0,0
0.55,1.5,0.825,11,mcar,avg,0.9879,0
0.55,1.5,0.825,12,biased,avg,0.9758,0
0.55,1.5,0.825,12,biased,irt,1.0,0
0.55,1.5,0.825,12,mcar,avg,1.0,0
0.55,1.5,0.825,13,biased,avg,0.9879,0
0.55,1.5,0.825,13,biased,irt,1.0,0
0.55,1.5,0.825,13,mcar,avg,0.9879,0
0.55,1.5,0.825,14,biased,avg,0.9879,0
0.55,1.5,0.825,14,biased,irt,1.0,0
0.55,1.5,0.825,14,mcar,avg,0.9758,0
0.55,2.0,1.1,0,biased,avg,0.9879,0
0.55,2.0,1.1,0,biased,irt,1.0,0
0.55,2.0,1.1,0,mcar,avg,1.0,0
0.55,2.0,1.1,1,biased,avg,0.9879,0
0.55,2.0,1.1,1,biased,irt,1.0,0
0.55,2.0,1.1,1,mcar,avg,0.9879,0
0.55,2.0,1.1,2,biased,avg,0.9515,0
0.55,2.0,1.1,2,biased,irt,1.0,0
0.55,2.0,1.1,2,mcar,avg,0.9879,0
0.55,2.0,1.1,3,biased,avg,0.9879,0
0.55,2.0,1.1,3,biased,irt,1.0,0
0.55,2.0,1.1,3,mcar,avg,0.9636,0
0.55,2.0,1.1,4,biased,avg,0.9515,0
0.55,2.0,1.1,4,biased,irt,1.0,0
0.55,2.0,1.1,4,mcar,avg,0.9879,0
0.55,2.0,1.1,5,biased,avg,0.9636,0
0.55,2.0,1.1,5,biased,irt,1.0,0
0.55,2.0,1.1,5,mcar,avg,0.9879,0
0.55,2.0,1.1,6,biased,avg,0.9758,0
0.55,2.0,1.1,6,biased,irt,1.0,0
0.55,2.0,1.1,6,mcar,avg,0.9879,0
0.55,2.0,1.1,7,biased,avg,0.9636,0
0.55,2.0,1.1,7,biased,irt,1.0,0
0.55,2.0,1.1,7,mcar,avg,0.9879,0
0.55,2.0,1.1,8,biased,avg,0.9879,0
0.55,2.0,1.1,8,biased,irt,1.0,0
0.55,2.0,1.1,8,mcar,avg,1.0,0
0.55,2.0,1.1,9,biased,avg,0.9515,0
0.55,2.0,1.1,9,biased,irt,1.0,0
0.55,2.0,1.1,9,mcar,avg,0.9515,0
0.55,2.0,1.1,10,biased,avg,1.0,0
0.55,2.0,1.1,10,biased,irt,1.0,0
0.55,2.0,1.1,10,mcar,avg,0.9758,0
0.55,2.0,1.1,11,biased,avg,0.9879,0
0.55,2.0,1.1,11,biased,irt,1.0,0
0.55,2.0,1.1,11,mcar,avg,0.9879,0
0.55,2.0,1.1,12,biased,avg,0.9879,0
0.55,2.0,1.1,12,biased,irt,1.0,0
0.55,2.0,1.1,12,mcar,avg,0.9879,0
0.55,2.0,1.1,13,biased,avg,0.9758,0
0.55,2.0,1.1,13,biased,irt,0.9879,0
0.55,2.0,1.1,13,mcar,avg,0.9758,0
0.55,2.0,1.1,14,biased,avg,0.9758,0
0.55,2.0,1.1,14,biased,irt,1.0,0
0.55,2.0,1.1,14,mcar,avg,0.9758,0
0.55,2.5,1.375,0,biased,avg,0.9636,0
0.55,2.5,1.375,0,biased,irt,1.0,0
0.55,2.5,1.375,0,mcar,avg,0.9879,0
0.55,2.5,1.375,1,biased,avg,0.9152,0
0.55,2.5,1.375,1,biased,irt,1.0,0
0.55,2.5,1.375,1,mcar,avg,0.9879,0
0.55,2.5,1.375,2,biased,avg,0.9515,0
0.55,2.5,1.375,2,biased,irt,1.0,0
0.55,2.5,1.375,2,mcar,avg,0.9152,0
0.55,2.5,1.375,3,biased,avg,0.9515,0
0.55,2.5,1.375,3,biased,irt,1.0,0
0.55,2.5,1.375,3,mcar,avg,0.9879,0
0.55,2.5,1.375,4,biased,avg,0.9879,0
0.55,2.5,1.375,4,biased,irt,1.0,0
0.55,2.5,1.375,4,mcar,avg,0.9848,0
0.55,2.5,1.375,5,biased,avg,0.9515,0
0.55,2.5,1.375,5,biased,irt,1.0,0
0.55,2.5,1.375,5,mcar,avg,0.9636,0
0.55,2.5,1.375,6,biased,avg,0.9515,0
0.55,2.5,1.375,6,biased,irt,1.0,0
0.55,2.5,1.375,6,mcar,avg,0.903,0
0.55,2.5,1.375,7,biased,avg,0.9394,0
0.55,2.5,1.375,7,biased,irt,1.0,0
0.55,2.5,1.375,7,mcar,avg,0.9515,0
0.55,2.5,1.375,8,biased,avg,0.9636,0
0.55,2.5,1.375,8,biased,irt,1.0,0
0.55,2.5,1.375,8,mcar,avg,0.9636,0
0.55,2.5,1.375,9,biased,avg,0.9636,0
0.55,2.5,1.375,9,biased,irt,1.0,0
0.55,2.5,1.375,9,mcar,avg,0.8788,0
0.55,2.5,1.375,10,biased,avg,0.9273,0
0.55,2.5,1.375,10,biased,irt,1.0,0
0.55,2.5,1.375,10,mcar,avg,0.9394,1
0.55,2.5,1.375,11,biased,avg,0.9394,0
0.55,2.5,1.375,11,biased,irt,1.0,0
0.55,2.5,1.375,11,mcar,avg,0.9636,0
0.55,2.5,1.375,12,biased,avg,0.9758,0
0.55,2.5,1.375,12,biased,irt,1.0,0
0.55,2.5,1.375,12,mcar,avg,0.9152,0
0.55,2.5,1.375,13,biased,avg,0.9636,0
0.55,2.5,1.375,13,biased,irt,1.0,0
0.55,2.5,1.375,13,mcar,avg,0.8788,0
0.55,2.5,1.375,14,biased,avg,0.9758,0
0.55,2.5,1.375,14,biased,irt,1.0,0
0.55,2.5,1.375,14,mcar,avg,0.9515,0
0.55,3.0,1.65,0,biased,avg,0.903,0
0.55,3.0,1.65,0,biased,irt,1.0,0
0.55,3.0,1.65,0,mcar,avg,0.9636,0
0.55,3.0,1.65,1,biased,avg,0.9273,0
0.55,3.0,1.65,1,biased,irt,1.0,0
0.55,3.0,1.65,1,mcar,avg,0.9879,0
0.55,3.0,1.65,2,biased,avg,0.9879,0
0.55,3.0,1.65,2,biased,irt,0.9879,0
0.55,3.0,1.65,2,mcar,avg,0.9394,1
0.55,3.0,1.65,3,biased,avg,0.9636,0
0.55,3.0,1.65,3,biased,irt,1.0,0
0.55,3.0,1.65,3,mcar,avg,0.9394,0
0.55,3.0,1.65,4,biased,avg,0.9879,0
0.55,3.0,1.65,4,biased,irt,1.0,0
0.55,3.0,1.65,4,mcar,avg,0.9879,0
0.55,3.0,1.65,5,biased,avg,0.903,0
0.55,3.0,1.65,5,biased,irt,1.0,0
0.55,3.0,1.65,5,mcar,avg,0.9879,0
0.55,3.0,1.65,6,biased,avg,0.9152,0
0.55,3.0,1.65,6,biased,irt,1.0,0
0.55,3.0,1.65,6,mcar,avg,0.9758,0
0.55,3.0,1.65,7,biased,avg,0.9152,0
0.55,3.0,1.65,7,biased,irt,1.0,0
0.55,3.0,1.65,7,mcar,avg,0.9636,0
0.55,3.0,1.65,8,biased,avg,0.9636,0
0.55,3.0,1.65,8,biased,irt,1.0,0
0.55,3.0,1.65,8,mcar,avg,0.9636,0
0.55,3.0,1.65,9,biased,avg,0.8424,0
0.55,3.0,1.65,9,biased,irt,1.0,0
0.55,3.0,1.65,9,mcar,avg,0.9394,0
0.55,3.0,1.65,10,biased,avg,0.9879,0
0.55,3.0,1.65,10,biased,irt,1.0,0
0.55,3.0,1.65,10,mcar,avg,0.8909,0
0.55,3.0,1.65,11,biased,avg,0.9394,0
0.55,3.0,1.65,11,biased,irt,1.0,0
0.55,3.0,1.65,11,mcar,avg,0.9152,1
0.55,3.0,1.65,12,biased,avg,0.9758,1
0.55,3.0,1.65,12,biased,irt,1.0,0
0.55,3.0,1.65,12,mcar,avg,0.8788,0
0.55,3.0,1.65,13,biased,avg,0.9394,0
0.55,3.0,1.65,13,biased,irt,1.0,0
0.55,3.0,1.65,13,mcar,avg,0.9758,0
0.55,3.0,1.65,14,biased,avg,0.9152,0
0.55,3.0,1.65,14,biased,irt,1.0,0
0.55,3.0,1.65,14,mcar,avg,0.9758,0
0.55,3.5,1.925,0,biased,avg,0.8909,0
0.55,3.5,1.925,0,biased,irt,1.0,0
0.55,3.5,1.925,0,mcar,avg,0.9273,0
0.55,3.5,1.925,1,biased,avg,0.8875,0
0.55,3.5,1.925,1,biased,irt,1.0,0
0.55,3.5,1.925,1,mcar,avg,0.9515,0
0.55,3.5,1.925,2,biased,avg,0.8667,0
0.55,3.5,1.925,2,biased,irt,1.0,0
0.55,3.5,1.925,2,mcar,avg,0.9758,0
0.55,3.5,1.925,3,biased,avg,0.8909,0
0.55,3.5,1.925,3,biased,irt,1.0,0
0.55,3.5,1.925,3,mcar,avg,0.9515,0
0.55,3.5,1.925,4,biased,avg,0.9152,0
0.55,3.5,1.925,4,biased,irt,1.0,0
0.55,3.5,1.925,4,mcar,avg,0.9636,1
0.55,3.5,1.925,5,biased,avg,0.8424,1
0.55,3.5,1.925,5,biased,irt,1.0,0
0.55,3.5,1.925,5,mcar,avg,0.8545,0
0.55,3.5,1.925,6,biased,avg,0.9394,1
0.55,3.5,1.925,6,biased,irt,1.0,0
0.55,3.5,1.925,6,mcar,avg,0.9152,0
0.55,3.5,1.925,7,biased,avg,0.7333,0
0.55,3.5,1.925,7,biased,irt,1.0,0
0.55,3.5,1.925,7,mcar,avg,0.9515,0
0.55,3.5,1.925,8,biased,avg,0.9152,0
0.55,3.5,1.925,8,biased,irt,1.0,0
0.55,3.5,1.925,8,mcar,avg,0.9273,0
0.55,3.5,1.925,9,biased,avg,0.9758,0
0.55,3.5,1.925,9,biased,irt,1.0,0
0.55,3.5,1.925,9,mcar,avg,0.9636,0
0.55,3.5,1.925,10,biased,avg,0.8303,0
0.55,3.5,1.925,10,biased,irt,1.0,0
0.55,3.5,1.925,10,mcar,avg,0.9273,0
0.55,3.5,1.925,11,biased,avg,0.903,0
0.55,3.5,1.925,11,biased,irt,1.0,0
0.55,3.5,1.925,11,mcar,avg,0.8667,1
0.55,3.5,1.925,12,biased,avg,0.9515,0
0.55,3.5,1.925,12,biased,irt,1.0,0
0.55,3.5,1.925,12,mcar,avg,0.8909,0
0.55,3.5,1.925,13,biased,avg,0.6364,0
0.55,3.5,1.925,13,biased,irt,1.0,0
0.55,3.5,1.925,13,mcar,avg,0.9758,0
0.55,3.5,1.925,14,biased,avg,0.8424,0
0.55,3.5,1.925,14,biased,irt,1.0,0
0.55,3.5,1.925,14,mcar,avg,0.9273,0
0.55,4.0,2.2,0,biased,avg,0.7939,1
0.55,4.0,2.2,0,biased,irt,1.0,0
0.55,4.0,2.2,0,mcar,avg,0.9152,1
0.55,4.0,2.2,1,biased,avg,0.8667,0
0.55,4.0,2.2,1,biased,irt,1.0,0
0.55,4.0,2.2,1,mcar,avg,0.9758,0
0.55,4.0,2.2,2,biased,avg,0.9636,0
0.55,4.0,2.2,2,biased,irt,1.0,0
0.55,4.0,2.2,2,mcar,avg,0.9515,0
0.55,4.0,2.2,3,biased,avg,0.8303,0
0.55,4.0,2.2,3,biased,irt,1.0,0
0.55,4.0,2.2,3,mcar,avg,0.924,0
0.55,4.0,2.2,4,biased,avg,0.9394,0
0.55,4.0,2.2,4,biased,irt,1.0,0
0.55,4.0,2.2,4,mcar,avg,0.6485,1
0.55,4.0,2.2,5,biased,avg,0.7697,1
0.55,4.0,2.2,5,biased,irt,1.0,0
0.55,4.0,2.2,5,mcar,avg,0.9152,1
0.55,4.0,2.2,6,biased,avg,0.8909,0
0.55,4.0,2.2,6,biased,irt,1.0,0
0.55,4.0,2.2,6,mcar,avg,0.9515,0
0.55,4.0,2.2,7,biased,avg,0.7091,0
0.55,4.0,2.2,7,biased,irt,1.0,0
0.55,4.0,2.2,7,mcar,avg,0.9152,0
0.55,4.0,2.2,8,biased,avg,0.8545,1
0.55,4.0,2.2,8,biased,irt,1.0,0
0.55,4.0,2.2,8,mcar,avg,0.9515,0
0.55,4.0,2.2,9,biased,avg,0.7091,0
0.55,4.0,2.2,9,biased,irt,1.0,0
0.55,4.0,2.2,9,mcar,avg,0.9273,0
0.55,4.0,2.2,10,biased,avg,0.5879,0
0.55,4.0,2.2,10,biased,irt,1.0,0
0.55,4.0,2.2,10,mcar,avg,0.9394,1
0.55,4.0,2.2,11,biased,avg,0.7455,1
0.55,4.0,2.2,11,biased,irt,1.0,0
0.55,4.0,2.2,11,mcar,avg,0.9394,0
0.55,4.0,2.2,12,biased,avg,0.6848,0
0.55,4.0,2.2,12,biased,irt,1.0,0
0.55,4.0,2.2,12,mcar,avg,0.8424,1
0.55,4.0,2.2,13,biased,avg,0.7455,0
0.55,4.0,2.2,13,biased,irt,1.0,0
0.55,4.0,2.2,13,mcar,avg,0.9394,0
0.55,4.0,2.2,14,biased,avg,0.7356,0
0.55,4.0,2.2,14,biased,irt,1.0,0
0.55,4.0,2.2,14,mcar,avg,0.8207,1
0.55,4.5,2.475,0,biased,avg,0.7697,1
0.55,4.5,2.475,0,biased,irt,1.0,0
0.55,4.5,2.475,0,mcar,avg,0.9273,0
0.55,4.5,2.475,1,biased,avg,0.6727,0
0.55,4.5,2.475,1,biased,irt,1.0,0
0.55,4.5,2.475,1,mcar,avg,0.7333,1
0.55,4.5,2.475,2,biased,avg,0.4303,0
0.55,4.5,2.475,2,biased,irt,1.0,0
0.55,4.5,2.475,2,mcar,avg,0.9152,0
0.55,4.5,2.475,3,biased,avg,0.697,0
0.55,4.5,2.475,3,biased,irt,1.0,0
0.55,4.5,2.475,3,mcar,avg,0.9273,0
0.55,4.5,2.475,4,biased,avg,0.9152,0
0.55,4.5,2.475,4,biased,irt,1.0,0
0.55,4.5,2.475,4,mcar,avg,0.7576,0
0.55,4.5,2.475,5,biased,avg,0.8667,0
0.55,4.5,2.475,5,biased,irt,1.0,0
0.55,4.5,2.475,5,mcar,avg,0.8909,1
0.55,4.5,2.475,6,biased,avg,0.7455,1
0.55,4.5,2.475,6,biased,irt,1.0,0
0.55,4.5,2.475,6,mcar,avg,0.9273,0
0.55,4.5,2.475,7,biased,avg,0.8424,0
0.55,4.5,2.475,7,biased,irt,1.0,0
0.55,4.5,2.475,7,mcar,avg,0.9394,0
0.55,4.5,2.475,8,biased,avg,0.503,1
0.55,4.5,2.475,8,biased,irt,1.0,0
0.55,4.5,2.475,8,mcar,avg,0.903,0
0.55,4.5,2.475,9,biased,avg,0.6606,0
0.55,4.5,2.475,9,biased,irt,1.0,0
0.55,4.5,2.475,9,mcar,avg,0.9273,0
0.55,4.5,2.475,10,biased,avg,0.6121,0
0.55,4.5,2.475,10,biased,irt,1.0,0
0.55,4.5,2.475,10,mcar,avg,0.9758,1
0.55,4.5,2.475,11,biased,avg,0.3091,0
0.55,4.5,2.475,11,biased,irt,1.0,0
0.55,4.5,2.475,11,mcar,avg,0.903,1
0.55,4.5,2.475,12,biased,avg,0.6364,0
0.55,4.5,2.475,12,biased,irt,1.0,0
0.55,4.5,2.475,12,mcar,avg,0.7939,0
0.55,4.5,2.475,13,biased,avg,0.3576,1
0.55,4.5,2.475,13,biased,irt,1.0,0
0.55,4.5,2.475,13,mcar,avg,0.8545,0
0.55,4.5,2.475,14,biased,avg,0.5152,1
0.55,4.5,2.475,14,biased,irt,1.0,0
0.55,4.5,2.475,14,mcar,avg,0.9636,0
0.55,5.0,2.75,0,biased,avg,0.7212,1
0.55,5.0,2.75,0,biased,irt,1.0,0
0.55,5.0,2.75,0,mcar,avg,0.9152,0
0.55,5.0,2.75,1,biased,avg,0.7455,1
0.55,5.0,2.75,1,biased,irt,1.0,0
0.55,5.0,2.75,1,mcar,avg,0.8667,0
0.55,5.0,2.75,2,biased,avg,0.2121,0
0.55,5.0,2.75,2,biased,irt,1.0,0
0.55,5.0,2.75,2,mcar,avg,0.9273,1
0.55,5.0,2.75,3,biased,avg,0.8667,0
0.55,5.0,2.75,3,biased,irt,1.0,0
0.55,5.0,2.75,3,mcar,avg,0.9152,0
0.55,5.0,2.75,4,biased,avg,0.5394,0
0.55,5.0,2.75,4,biased,irt,1.0,0
0.55,5.0,2.75,4,mcar,avg,0.9636,0
0.55,5.0,2.75,5,biased,avg,0.7818,0
0.55,5.0,2.75,5,biased,irt,1.0,0
0.55,5.0,2.75,5,mcar,avg,0.8632,1
0.55,5.0,2.75,6,biased,avg,0.6121,0
0.55,5.0,2.75,6,biased,irt,1.0,0
0.55,5.0,2.75,6,mcar,avg,0.8545,0
0.55,5.0,2.75,7,biased,avg,0.3697,0
0.55,5.0,2.75,7,biased,irt,1.0,0
0.55,5.0,2.75,7,mcar,avg,0.7455,0
0.55,5.0,2.75,8,biased,avg,0.6485,1
0.55,5.0,2.75,8,biased,irt,1.0,0
0.55,5.0,2.75,8,mcar,avg,0.8909,1
0.55,5.0,2.75,9,biased,avg,0.5152,1
0.55,5.0,2.75,9,biased,irt,1.0,0
0.55,5.0,2.75,9,mcar,avg,0.903,0
0.55,5.0,2.75,10,biased,avg,0.7333,0
0.55,5.0,2.75,10,biased,irt,1.0,0
0.55,5.0,2.75,10,mcar,avg,0.8788,0
0.55,5.0,2.75,11,biased,avg,0.5532,1
0.55,5.0,2.75,11,biased,irt,1.0,0
0.55,5.0,2.75,11,mcar,avg,0.7212,0
0.55,5.0,2.75,12,biased,avg,0.3697,0
0.55,5.0,2.75,12,biased,irt,1.0,0
0.55,5.0,2.75,12,mcar,avg,0.8182,0
0.55,5.0,2.75,13,biased,avg,0.5273,1
0.55,5.0,2.75,13,biased,irt,1.0,0
0.55,5.0,2.75,13,mcar,avg,0.8061,0
0.55,5.0,2.75,14,biased,avg,0.4061,0
0.55,5.0,2.75,14,biased,irt,1.0,0
0.55,5.0,2.75,14,mcar,avg,0.8303,0
0.6,0.5,0.3,0,biased,avg,0.9879,0
0.6,0.5,0.3,0,biased,irt,1.0,0
0.6,0.5,0.3,0,mcar,avg,1.0,0
0.6,0.5,0.3,1,biased,avg,0.9879,0
0.6,0.5,0.3,1,biased,irt,1.0,0
0.6,0.5,0.3,1,mcar,avg,0.9879,0
0.6,0.5,0.3,2,biased,avg,1.0,0
0.6,0.5,0.3,2,biased,irt,1.0,0
0.6,0.5,0.3,2,mcar,avg,0.9879,0
0.6,0.5,0.3,3,biased,avg,0.9879,1
0.6,0.5,0.3,3,biased,irt,0.9879,1
0.6,0.5,0.3,3,mcar,avg,0.9758,0
0.6,0.5,0.3,4,biased,avg,1.0,0
0.6,0.5,0.3,4,biased,irt,1.0,0
0.6,0.5,0.3,4,mcar,avg,1.0,0
0.6,0.5,0.3,5,biased,avg,1.0,0
0.6,0.5,0.3,5,biased,irt,0.9879,0
0.6,0.5,0.3,5,mcar,avg,0.9879,0
0.6,0.5,0.3,6,biased,avg,0.9879,0
0.6,0.5,0.3,6,biased,irt,1.0,0
0.6,0.5,0.3,6,mcar,avg,1.0,0
0.6,0.5,0.3,7,biased,avg,0.9879,0
0.6,0.5,0.3,7,biased,irt,1.0,0
0.6,0.5,0.3,7,mcar,avg,1.0,0
0.6,0.5,0.3,8,biased,avg,0.9879,0
0.6,0.5,0.3,8,biased,irt,1.0,0
0.6,0.5,0.3,8,mcar,avg,0.9394,1
0.6,0.5,0.3,9,biased,avg,0.9879,0
0.6,0.5,0.3,9,biased,irt,1.0,0
0.6,0.5,0.3,9,mcar,avg,1.0,0
0.6,0.5,0.3,10,biased,avg,0.9879,0
0.6,0.5,0.3,10,biased,irt,1.0,0
0.6,0.5,0.3,10,mcar,avg,0.9879,0
0.6,0.5,0.3,11,biased,avg,0.9879,0
0.6,0.5,0.3,11,biased,irt,1.0,0
0.6,0.5,0.3,11,mcar,avg,0.9758,1
0.6,0.5,0.3,12,biased,avg,0.9879,0
0.6,0.5,0.3,12,biased,irt,1.0,0
0.6,0.5,0.3,12,mcar,avg,0.997,1
0.6,0.5,0.3,13,biased,avg,1.0,0
0.6,0.5,0.3,13,biased,irt,1.0,0
0.6,0.5,0.3,13,mcar,avg,1.0,0
0.6,0.5,0.3,14,biased,avg,0.9879,0
0.6,0.5,0.3,14,biased,irt,1.0,0
0.6,0.5,0.3,14,mcar,avg,1.0,0
0.6,1.0,0.6,0,biased,avg,1.0,0
0.6,1.0,0.6,0,biased,irt,1.0,0
0.6,1.0,0.6,0,mcar,avg,1.0,0
0.6,1.0,0.6,1,biased,avg,1.0,0
0.6,1.0,0.6,1,biased,irt,1.0,0
0.6,1.0,0.6,1,mcar,avg,0.9879,0
0.6,1.0,0.6,2,biased,avg,1.0,0
0.6,1.0,0.6,2,biased,irt,1.0,0
0.6,1.0,0.6,2,mcar,avg,1.0,0
0.6,1.0,0.6,3,biased,avg,1.0,0
0.6,1.0,0.6,3,biased,irt,1.0,0
0.6,1.0,0.6,3,mcar,avg,1.0,0
0.6,1.0,0.6,4,biased,avg,1.0,0
0.6,1.0,0.6,4,biased,irt,1.0,0
0.6,1.0,0.6,4,mcar,avg,0.9758,1
0.6,1.0,0.6,5,biased,avg,0.9879,0
0.6,1.0,0.6,5,biased,irt,1.0,0
0.6,1.0,0.6,5,mcar,avg,0.9879,0
0.6,1.0,0.6,6,biased,avg,1.0,0
0.6,1.0,0.6,6,biased,irt,1.0,0
0.6,1.0,0.6,6,mcar,avg,1.0,0
0.6,1.0,0.6,7,biased,avg,0.9879,0
0.6,1.0,0.6,7,biased,irt,1.0,0
0.6,1.0,0.6,7,mcar,avg,1.0,0
0.6,1.0,0.6,8,biased,avg,0.9879,0
0.6,1.0,0.6,8,biased,irt,1.0,0
0.6,1.0,0.6,8,mcar,avg,0.9879,0
0.6,1.0,0.6,9,biased,avg,0.9879,0
0.6,1.0,0.6,9,biased,irt,1.0,0
0.6,1.0,0.6,9,mcar,avg,0.9515,1
0.6,1.0,0.6,10,biased,avg,0.9879,0
0.6,1.0,0.6,10,biased,irt,1.0,0
0.6,1.0,0.6,10,mcar,avg,0.9879,0
0.6,1.0,0.6,11,biased,avg,0.9879,0
0.6,1.0,0.6,11,biased,irt,1.0,0
0.6,1.0,0.6,11,mcar,avg,0.9879,0
0.6,1.0,0.6,12,biased,avg,1.0,0
0.6,1.0,0.6,12,biased,irt,1.0,0
0.6,1.0,0.6,12,mcar,avg,0.9879,0
0.6,1.0,0.6,13,biased,avg,1.0,0
0.6,1.0,0.6,13,biased,irt,1.0,0
0.6,1.0,0.6,13,mcar,avg,0.9879,0
0.6,1.0,0.6,14,biased,avg,1.0,0
0.6,1.0,0.6,14,biased,irt,1.0,0
0.6,1.0,0.6,14,mcar,avg,0.9879,0
0.6,1.5,0.9,0,biased,avg,1.0,0
0.6,1.5,0.9,0,biased,irt,1.0,0
0.6,1.5,0.9,0,mcar,avg,1.0,0
0.6,1.5,0.9,1,biased,avg,0.9879,0
0.6,1.5,0.9,1,biased,irt,1.0,0
0.6,1.5,0.9,1,mcar,avg,1.0,0
0.6,1.5,0.9,2,biased,avg,0.9636,0
0.6,1.5,0.9,2,biased,irt,0.9879,0
0.6,1.5,0.9,2,mcar,avg,0.9879,0
0.6,1.5,0.9,3,biased,avg,0.9636,0
0.6,1.5,0.9,3,biased,irt,1.0,0
0.6,1.5,0.9,3,mcar,avg,0.9515,0
0.6,1.5,0.9,4,biased,avg,1.0,0
0.6,1.5,0.9,4,biased,irt,1.0,0
0.6,1.5,0.9,4,mcar,avg,0.9879,0
0.6,1.5,0.9,5,biased,avg,0.9879,0
0.6,1.5,0.9,5,biased,irt,1.0,0
0.6,1.5,0.9,5,mcar,avg,0.9758,0
0.6,1.5,0.9,6,biased,avg,1.0,0
0.6,1.5,0.9,6,biased,irt,1.0,0
0.6,1.5,0.9,6,mcar,avg,0.9515,0
0.6,1.5,0.9,7,biased,avg,0.9152,0
0.6,1.5,0.9,7,biased,irt,1.0,0
0.6,1.5,0.9,7,mcar,avg,0.9879,1
0.6,1.5,0.9,8,biased,avg,0.9758,0
0.6,1.5,0.9,8,biased,irt,1.0,0
0.6,1.5,0.9,8,mcar,avg,0.9394,0
0.6,1.5,0.9,9,biased,avg,0.9758,0
0.6,1.5,0.9,9,biased,irt,1.0,0
0.6,1.5,0.9,9,mcar,avg,0.9636,0
0.6,1.5,0.9,10,biased,avg,0.9636,0
0.6,1.5,0.9,10,biased,irt,1.0,0
0.6,1.5,0.9,10,mcar,avg,1.0,0
0.6,1.5,0.9,11,biased,avg,0.9152,0
0.6,1.5,0.9,11,biased,irt,1.0,0
0.6,1.5,0.9,11,mcar,avg,1.0,0
0.6,1.5,0.9,12,biased,avg,1.0,0
0.6,1.5,0.9,12,biased,irt,1.0,0
0.6,1.5,0.9,12,mcar,avg,0.9879,0
0.6,1.5,0.9,13,biased,avg,0.9515,0
0.6,1.5,0.9,13,biased,irt,1.0,0
0.6,1.5,0.9,13,mcar,avg,1.0,0
0.6,1.5,0.9,14,biased,avg,0.9758,0
0.6,1.5,0.9,14,biased,irt,1.0,0
0.6,1.5,0.9,14,mcar,avg,1.0,0
0.6,2.0,1.2,0,biased,avg,1.0,0
0.6,2.0,1.2,0,biased,irt,1.0,0
0.6,2.0,1.2,0,mcar,avg,0.9152,0
0.6,2.0,1.2,1,biased,avg,1.0,0
0.6,2.0,1.2,1,biased,irt,1.0,0
0.6,2.0,1.2,1,mcar,avg,0.9758,0
0.6,2.0,1.2,2,biased,avg,0.9879,0
0.6,2.0,1.2,2,biased,irt,1.0,0
0.6,2.0,1.2,2,mcar,avg,0.9758,0
0.6,2.0,1.2,3,biased,avg,0.9879,0
0.6,2.0,1.2,3,biased,irt,1.0,0
0.6,2.0,1.2,3,mcar,avg,0.9879,0
0.6,2.0,1.2,4,biased,avg,0.9758,0
0.6,2.0,1.2,4,biased,irt,1.0,0
0.6,2.0,1.2,4,mcar,avg,0.9515,0
0.6,2.0,1.2,5,biased,avg,0.9394,1
0.6,2.0,1.2,5,biased,irt,1.0,0
0.6,2.0,1.2,5,mcar,avg,0.9879,0
0.6,2.0,1.2,6,biased,avg,0.9758,0
0.6,2.0,1.2,6,biased,irt,1.0,0
0.6,2.0,1.2,6,mcar,avg,0.9758,0
0.6,2.0,1.2,7,biased,avg,0.9758,0
0.6,2.0,1.2,7,biased,irt,1.0,0
0.6,2.0,1.2,7,mcar,avg,0.9636,0
0.6,2.0,1.2,8,biased,avg,0.9758,0
0.6,2.0,1.2,8,biased,irt,1.0,0
0.6,2.0,1.2,8,mcar,avg,0.9758,0
0.6,2.0,1.2,9,biased,avg,0.9879,0
0.6,2.0,1.2,9,biased,irt,1.0,0
0.6,2.0,1.2,9,mcar,avg,0.9636,0
0.6,2.0,1.2,10,biased,avg,1.0,0
0.6,2.0,1.2,10,biased,irt,1.0,0
0.6,2.0,1.2,10,mcar,avg,1.0,0
0.6,2.0,1.2,11,biased,avg,0.9636,0
0.6,2.0,1.2,11,biased,irt,1.0,0
0.6,2.0,1.2,11,mcar,avg,0.9636,1
0.6,2.0,1.2,12,biased,avg,0.9758,0
0.6,2.0,1.2,12,biased,irt,1.0,0
0.6,2.0,1.2,12,mcar,avg,0.9758,0
0.6,2.0,1.2,13,biased,avg,0.9758,0
0.6,2.0,1.2,13,biased,irt,1.0,0
0.6,2.0,1.2,13,mcar,avg,0.9515,0
0.6,2.0,1.2,14,biased,avg,0.9758,0
0.6,2.0,1.2,14,biased,irt,1.0,0
0.6,2.0,1.2,14,mcar,avg,0.9515,0
0.6,2.5,1.5,0,biased,avg,0.9879,0
0.6,2.5,1.5,0,biased,irt,1.0,0
0.6,2.5,1.5,0,mcar,avg,0.903,0
0.6,2.5,1.5,1,biased,avg,0.9515,0
0.6,2.5,1.5,1,biased,irt,1.0,0
0.6,2.5,1.5,1,mcar,avg,0.9879,0
0.6,2.5,1.5,2,biased,avg,0.9273,0
0.6,2.5,1.5,2,biased,irt,1.0,0
0.6,2.5,1.5,2,mcar,avg,0.9394,0
0.6,2.5,1.5,3,biased,avg,0.9515,0
0.6,2.5,1.5,3,biased,irt,1.0,0
0.6,2.5,1.5,3,mcar,avg,0.903,0
0.6,2.5,1.5,4,biased,avg,0.9273,0
0.6,2.5,1.5,4,biased,irt,1.0,0
0.6,2.5,1.5,4,mcar,avg,0.9636,0
0.6,2.5,1.5,5,biased,avg,0.9394,0
0.6,2.5,1.5,5,biased,irt,1.0,0
0.6,2.5,1.5,5,mcar,avg,0.9879,0
0.6,2.5,1.5,6,biased,avg,0.8545,0
0.6,2.5,1.5,6,biased,irt,1.0,0
0.6,2.5,1.5,6,mcar,avg,0.9515,0
0.6,2.5,1.5,7,biased,avg,0.9758,0
0.6,2.5,1.5,7,biased,irt,1.0,0
0.6,2.5,1.5,7,mcar,avg,0.9879,0
0.6,2.5,1.5,8,biased,avg,0.903,1
0.6,2.5,1.5,8,biased,irt,1.0,0
0.6,2.5,1.5,8,mcar,avg,0.9394,1
0.6,2.5,1.5,9,biased,avg,0.9515,0
0.6,2.5,1.5,9,biased,irt,1.0,0
0.6,2.5,1.5,9,mcar,avg,0.9758,0
0.6,2.5,1.5,10,biased,avg,0.9515,0
0.6,2.5,1.5,10,biased,irt,1.0,0
0.6,2.5,1.5,10,mcar,avg,0.9758,0
0.6,2.5,1.5,11,biased,avg,1.0,0
0.6,2.5,1.5,11,biased,irt,1.0,0
0.6,2.5,1.5,11,mcar,avg,0.9758,0
0.6,2.5,1.5,12,biased,avg,0.9636,0
0.6,2.5,1.5,12,biased,irt,1.0,0
0.6,2.5,1.5,12,mcar,avg,0.9758,0
0.6,2.5,1.5,13,biased,avg,0.9394,0
0.6,2.5,1.5,13,biased,irt,1.0,0
0.6,2.5,1.5,13,mcar,avg,0.903,0
0.6,2.5,1.5,14,biased,avg,0.8909,0
0.6,2.5,1.5,14,biased,irt,0.9879,0
0.6,2.5,1.5,14,mcar,avg,0.9636,0
0.6,3.0,1.8,0,biased,avg,0.9879,0
0.6,3.0,1.8,0,biased,irt,1.0,0
0.6,3.0,1.8,0,mcar,avg,0.9394,0
0.6,3.0,1.8,1,biased,avg,1.0,0
0.6,3.0,1.8,1,biased,irt,1.0,0
0.6,3.0,1.8,1,mcar,avg,0.9515,0
0.6,3.0,1.8,2,biased,avg,0.9515,0
0.6,3.0,1.8,2,biased,irt,1.0,0
0.6,3.0,1.8,2,mcar,avg,0.9273,0
0.6,3.0,1.8,3,biased,avg,0.9636,0
0.6,3.0,1.8,3,biased,irt,1.0,0
0.6,3.0,1.8,3,mcar,avg,0.9515,0
0.6,3.0,1.8,4,biased,avg,0.8182,1
0.6,3.0,1.8,4,biased,irt,1.0,0
0.6,3.0,1.8,4,mcar,avg,0.9394,0
0.6,3.0,1.8,5,biased,avg,0.9394,0
0.6,3.0,1.8,5,biased,irt,1.0,0
0.6,3.0,1.8,5,mcar,avg,0.903,0
0.6,3.0,1.8,6,biased,avg,0.7212,0
0.6,3.0,1.8,6,biased,irt,1.0,0
0.6,3.0,1.8,6,mcar,avg,0.9636,0
0.6,3.0,1.8,7,biased,avg,0.903,0
0.6,3.0,1.8,7,biased,irt,1.0,0
0.6,3.0,1.8,7,mcar,avg,0.9636,1
0.6,3.0,1.8,8,biased,avg,0.8303,0
0.6,3.0,1.8,8,biased,irt,1.0,0
0.6,3.0,1.8,8,mcar,avg,0.9726,1
0.6,3.0,1.8,9,biased,avg,0.9758,0
0.6,3.0,1.8,9,biased,irt,1.0,0
0.6,3.0,1.8,9,mcar,avg,0.9636,0
0.6,3.0,1.8,10,biased,avg,0.9515,0
0.6,3.0,1.8,10,biased,irt,1.0,0
0.6,3.0,1.8,10,mcar,avg,1.0,0
0.6,3.0,1.8,11,biased,avg,0.9636,0
0.6,3.0,1.8,11,biased,irt,1.0,0
0.6,3.0,1.8,11,mcar,avg,0.9879,1
0.6,3.0,1.8,12,biased,avg,0.9758,0
0.6,3.0,1.8,12,biased,irt,1.0,0
0.6,3.0,1.8,12,mcar,avg,0.9152,0
0.6,3.0,1.8,13,biased,avg,0.8424,0
0.6,3.0,1.8,13,biased,irt,1.0,0
0.6,3.0,1.8,13,mcar,avg,0.9152,0
0.6,3.0,1.8,14,biased,avg,0.8788,0
0.6,3.0,1.8,14,biased,irt,1.0,0
0.6,3.0,1.8,14,mcar,avg,0.9666,0
0.6,3.5,2.1,0,biased,avg,0.9152,0
0.6,3.5,2.1,0,biased,irt,1.0,0
0.6,3.5,2.1,0,mcar,avg,0.903,1
0.6,3.5,2.1,1,biased,avg,0.7818,0
0.6,3.5,2.1,1,biased,irt,1.0,0
0.6,3.5,2.1,1,mcar,avg,0.9879,0
0.6,3.5,2.1,2,biased,avg,0.9152,0
0.6,3.5,2.1,2,biased,irt,1.0,0
0.6,3.5,2.1,2,mcar,avg,0.8667,0
0.6,3.5,2.1,3,biased,avg,0.9636,0
0.6,3.5,2.1,3,biased,irt,1.0,0
0.6,3.5,2.1,3,mcar,avg,0.9152,0
0.6,3.5,2.1,4,biased,avg,0.9758,0
0.6,3.5,2.1,4,biased,irt,1.0,0
0.6,3.5,2.1,4,mcar,avg,0.9152,1
0.6,3.5,2.1,5,biased,avg,0.8303,0
0.6,3.5,2.1,5,biased,irt,1.0,0
0.6,3.5,2.1,5,mcar,avg,0.9394,0
0.6,3.5,2.1,6,biased,avg,0.7333,0
0.6,3.5,2.1,6,biased,irt,1.0,0
0.6,3.5,2.1,6,mcar,avg,0.9273,0
0.6,3.5,2.1,7,biased,avg,0.8303,0
0.6,3.5,2.1,7,biased,irt,1.0,0
0.6,3.5,2.1,7,mcar,avg,0.9152,0
0.6,3.5,2.1,8,biased,avg,0.7333,0
0.6,3.5,2.1,8,biased,irt,1.0,0
0.6,3.5,2.1,8,mcar,avg,0.9152,0
0.6,3.5,2.1,9,biased,avg,0.8424,0
0.6,3.5,2.1,9,biased,irt,1.0,0
0.6,3.5,2.1,9,mcar,avg,0.8061,0
0.6,3.5,2.1,10,biased,avg,0.7939,0
0.6,3.5,2.1,10,biased,irt,1.0,0
0.6,3.5,2.1,10,mcar,avg,0.9152,1
0.6,3.5,2.1,11,biased,avg,0.8788,0
0.6,3.5,2.1,11,biased,irt,1.0,0
0.6,3.5,2.1,11,mcar,avg,0.903,0
0.6,3.5,2.1,12,biased,avg,0.7576,0
0.6,3.5,2.1,12,biased,irt,0.9879,0
0.6,3.5,2.1,12,mcar,avg,0.903,0
0.6,3.5,2.1,13,biased,avg,0.7818,0
0.6,3.5,2.1,13,biased,irt,1.0,0
0.6,3.5,2.1,13,mcar,avg,0.9515,1
0.6,3.5,2.1,14,biased,avg,0.8667,0
0.6,3.5,2.1,14,biased,irt,1.0,0
0.6,3.5,2.1,14,mcar,avg,0.9273,1
0.6,4.0,2.4,0,biased,avg,0.8788,1
0.6,4.0,2.4,0,biased,irt,1.0,0
0.6,4.0,2.4,0,mcar,avg,0.9394,1
0.6,4.0,2.4,1,biased,avg,0.8909,0
0.6,4.0,2.4,1,biased,irt,1.0,0
0.6,4.0,2.4,1,mcar,avg,0.9483,0
0.6,4.0,2.4,2,biased,avg,0.8909,0
0.6,4.0,2.4,2,biased,irt,1.0,0
0.6,4.0,2.4,2,mcar,avg,0.8788,0
0.6,4.0,2.4,3,biased,avg,0.7903,1
0.6,4.0,2.4,3,biased,irt,1.0,0
0.6,4.0,2.4,3,mcar,avg,0.9273,1
0.6,4.0,2.4,4,biased,avg,0.7576,0
0.6,4.0,2.4,4,biased,irt,1.0,0
0.6,4.0,2.4,4,mcar,avg,0.8182,1
0.6,4.0,2.4,5,biased,avg,0.7939,0
0.6,4.0,2.4,5,biased,irt,1.0,0
0.6,4.0,2.4,5,mcar,avg,0.9879,0
0.6,4.0,2.4,6,biased,avg,0.7212,0
0.6,4.0,2.4,6,biased,irt,1.0,0
0.6,4.0,2.4,6,mcar,avg,0.7576,1
0.6,4.0,2.4,7,biased,avg,0.8788,0
0.6,4.0,2.4,7,biased,irt,1.0,0
0.6,4.0,2.4,7,mcar,avg,0.8667,0
0.6,4.0,2.4,8,biased,avg,0.8303,0
0.6,4.0,2.4,8,biased,irt,1.0,0
0.6,4.0,2.4,8,mcar,avg,0.8909,1
0.6,4.0,2.4,9,biased,avg,0.9152,0
0.6,4.0,2.4,9,biased,irt,1.0,0
0.6,4.0,2.4,9,mcar,avg,0.9394,1
0.6,4.0,2.4,10,biased,avg,0.7939,1
0.6,4.0,2.4,10,biased,irt,1.0,0
0.6,4.0,2.4,10,mcar,avg,0.9515,0
0.6,4.0,2.4,11,biased,avg,0.5879,1
0.6,4.0,2.4,11,biased,irt,1.0,0
0.6,4.0,2.4,11,mcar,avg,0.903,0
0.6,4.0,2.4,12,biased,avg,0.7212,0
0.6,4.0,2.4,12,biased,irt,1.0,0
0.6,4.0,2.4,12,mcar,avg,0.9515,0
0.6,4.0,2.4,13,biased,avg,0.9152,0
0.6,4.0,2.4,13,biased,irt,1.0,0
0.6,4.0,2.4,13,mcar,avg,0.9515,1
0.6,4.0,2.4,14,biased,avg,0.8545,0
0.6,4.0,2.4,14,biased,irt,1.0,0
0.6,4.0,2.4,14,mcar,avg,0.8936,1
0.6,4.5,2.7,0,biased,avg,0.4061,0
0.6,4.5,2.7,0,biased,irt,1.0,0
0.6,4.5,2.7,0,mcar,avg,0.8909,1
0.6,4.5,2.7,1,biased,avg,0.7818,0
0.6,4.5,2.7,1,biased,irt,0.9879,0
0.6,4.5,2.7,1,mcar,avg,0.9515,0
0.6,4.5,2.7,2,biased,avg,0.8545,0
0.6,4.5,2.7,2,biased,irt,1.0,0
0.6,4.5,2.7,2,mcar,avg,0.903,1
0.6,4.5,2.7,3,biased,avg,0.7576,1
0.6,4.5,2.7,3,biased,irt,1.0,0
0.6,4.5,2.7,3,mcar,avg,0.9515,0
0.6,4.5,2.7,4,biased,avg,0.6121,1
0.6,4.5,2.7,4,biased,irt,0.9879,0
0.6,4.5,2.7,4,mcar,avg,0.7697,0
0.6,4.5,2.7,5,biased,avg,0.5394,0
0.6,4.5,2.7,5,biased,irt,1.0,0
0.6,4.5,2.7,5,mcar,avg,0.7939,1
0.6,4.5,2.7,6,biased,avg,0.6848,0
0.6,4.5,2.7,6,biased,irt,1.0,0
0.6,4.5,2.7,6,mcar,avg,0.8303,0
0.6,4.5,2.7,7,biased,avg,0.6606,0
0.6,4.5,2.7,7,biased,irt,1.0,0
0.6,4.5,2.7,7,mcar,avg,0.8667,0
0.6,4.5,2.7,8,biased,avg,0.4667,0
0.6,4.5,2.7,8,biased,irt,1.0,0
0.6,4.5,2.7,8,mcar,avg,0.9273,0
0.6,4.5,2.7,9,biased,avg,0.5515,1
0.6,4.5,2.7,9,biased,irt,1.0,0
0.6,4.5,2.7,9,mcar,avg,0.7455,0
0.6,4.5,2.7,10,biased,avg,0.3939,0
0.6,4.5,2.7,10,biased,irt,0.9879,0
0.6,4.5,2.7,10,mcar,avg,0.8424,0
0.6,4.5,2.7,11,biased,avg,0.6727,0
0.6,4.5,2.7,11,biased,irt,1.0,0
0.6,4.5,2.7,11,mcar,avg,0.9394,1
0.6,4.5,2.7,12,biased,avg,0.5654,0
0.6,4.5,2.7,12,biased,irt,1.0,0
0.6,4.5,2.7,12,mcar,avg,0.8061,0
0.6,4.5,2.7,13,biased,avg,0.9515,0
0.6,4.5,2.7,13,biased,irt,1.0,0
0.6,4.5,2.7,13,mcar,avg,0.7781,1
0.6,4.5,2.7,14,biased,avg,0.7091,0
0.6,4.5,2.7,14,biased,irt,1.0,0
0.6,4.5,2.7,14,mcar,avg,0.924,0
0.6,5.0,3.0,0,biased,avg,0.4061,1
0.6,5.0,3.0,0,biased,irt,1.0,0
0.6,5.0,3.0,0,mcar,avg,0.8909,0
0.6,5.0,3.0,1,biased,avg,0.4303,1
0.6,5.0,3.0,1,biased,irt,1.0,0
0.6,5.0,3.0,1,mcar,avg,0.9273,1
0.6,5.0,3.0,2,biased,avg,0.6606,1
0.6,5.0,3.0,2,biased,irt,1.0,0
0.6,5.0,3.0,2,mcar,avg,0.9394,0
0.6,5.0,3.0,3,biased,avg,0.7091,1
0.6,5.0,3.0,3,biased,irt,1.0,0
0.6,5.0,3.0,3,mcar,avg,0.8632,1
0.6,5.0,3.0,4,biased,avg,0.7455,0
0.6,5.0,3.0,4,biased,irt,1.0,0
0.6,5.0,3.0,4,mcar,avg,0.9879,1
0.6,5.0,3.0,5,biased,avg,0.3333,1
0.6,5.0,3.0,5,biased,irt,1.0,0
0.6,5.0,3.0,5,mcar,avg,0.9273,0
0.6,5.0,3.0,6,biased,avg,0.5273,1
0.6,5.0,3.0,6,biased,irt,1.0,0
0.6,5.0,3.0,6,mcar,avg,0.7455,1
0.6,5.0,3.0,7,biased,avg,0.4667,1
0.6,5.0,3.0,7,biased,irt,1.0,0
0.6,5.0,3.0,7,mcar,avg,0.903,0
0.6,5.0,3.0,8,biased,avg,0.5152,1
0.6,5.0,3.0,8,biased,irt,1.0,0
0.6,5.0,3.0,8,mcar,avg,0.8909,1
0.6,5.0,3.0,9,biased,avg,0.4667,0
0.6,5.0,3.0,9,biased,irt,1.0,0
0.6,5.0,3.0,9,mcar,avg,0.9394,0
0.6,5.0,3.0,10,biased,avg,0.5273,0
0.6,5.0,3.0,10,biased,irt,1.0,0
0.6,5.0,3.0,10,mcar,avg,0.7212,1
0.6,5.0,3.0,11,biased,avg,0.2364,1
0.6,5.0,3.0,11,biased,irt,1.0,0
0.6,5.0,3.0,11,mcar,avg,0.8545,1
0.6,5.0,3.0,12,biased,avg,0.0303,0
0.6,5.0,3.0,12,biased,irt,1.0,0
0.6,5.0,3.0,12,mcar,avg,0.8909,1
0.6,5.0,3.0,13,biased,avg,0.6485,1
0.6,5.0,3.0,13,biased,irt,1.0,0
0.6,5.0,3.0,13,mcar,avg,0.7697,1
0.6,5.0,3.0,14,biased,avg,0.6121,0
0.6,5.0,3.0,14,biased,irt,1.0,0
0.6,5.0,3.0,14,mcar,avg,0.6848,1
0.65,0.5,0.325,0,biased,avg,0.9879,0
0.65,0.5,0.325,0,biased,irt,1.0,0
0.65,0.5,0.325,0,mcar,avg,0.9879,0
0.65,0.5,0.325,1,biased,avg,0.9879,1
0.65,0.5,0.325,1,biased,irt,1.0,0
0.65,0.5,0.325,1,mcar,avg,0.9879,1
0.65,0.5,0.325,2,biased,avg,1.0,0
0.65,0.5,0.325,2,biased,irt,1.0,0
0.65,0.5,0.325,2,mcar,avg,0.9636,0
0.65,0.5,0.325,3,biased,avg,1.0,0
0.65,0.5,0.325,3,biased,irt,0.9879,0
0.65,0.5,0.325,3,mcar,avg,0.9515,0
0.65,0.5,0.325,4,biased,avg,1.0,0
0.65,0.5,0.325,4,biased,irt,1.0,0
0.65,0.5,0.325,4,mcar,avg,0.9758,1
0.65,0.5,0.325,5,biased,avg,1.0,0
0.65,0.5,0.325,5,biased,irt,1.0,0
0.65,0.5,0.325,5,mcar,avg,0.9879,0
0.65,0.5,0.325,6,biased,avg,0.9879,1
0.65,0.5,0.325,6,biased,irt,0.9879,1
0.65,0.5,0.325,6,mcar,avg,0.9879,0
0.65,0.5,0.325,7,biased,avg,0.9879,0
0.65,0.5,0.325,7,biased,irt,1.0,0
0.65,0.5,0.325,7,mcar,avg,0.9879,0
0.65,0.5,0.325,8,biased,avg,1.0,0
0.65,0.5,0.325,8,biased,irt,1.0,0
0.65,0.5,0.325,8,mcar,avg,0.9879,0
0.65,0.5,0.325,9,biased,avg,1.0,0
0.65,0.5,0.325,9,biased,irt,1.0,0
0.65,0.5,0.325,9,mcar,avg,0.9879,0
0.65,0.5,0.325,10,biased,avg,1.0,0
0.65,0.5,0.325,10,biased,irt,1.0,0
0.65,0.5,0.325,10,mcar,avg,0.9848,1
0.65,0.5,0.325,11,biased,avg,0.9879,0
0.65,0.5,0.325,11,biased,irt,0.9879,0
0.65,0.5,0.325,11,mcar,avg,0.9758,1
0.65,0.5,0.325,12,biased,avg,1.0,0
0.65,0.5,0.325,12,biased,irt,1.0,0
0.65,0.5,0.325,12,mcar,avg,0.997,0
0.65,0.5,0.325,13,biased,avg,0.9636,0
0.65,0.5,0.325,13,biased,irt,1.0,0
0.65,0.5,0.325,13,mcar,avg,0.9879,0
0.65,0.5,0.325,14,biased,avg,1.0,0
0.65,0.5,0.325,14,biased,irt,1.0,0
0.65,0.5,0.325,14,mcar,avg,1.0,0
0.65,1.0,0.65,0,biased,avg,1.0,0
0.65,1.0,0.65,0,biased,irt,1.0,0
0.65,1.0,0.65,0,mcar,avg,0.9758,0
0.65,1.0,0.65,1,biased,avg,0.9758,0
0.65,1.0,0.65,1,biased,irt,0.9879,1
0.65,1.0,0.65,1,mcar,avg,0.9515,0
0.65,1.0,0.65,2,biased,avg,0.9879,0
0.65,1.0,0.65,2,biased,irt,1.0,0
0.65,1.0,0.65,2,mcar,avg,0.9879,0
0.65,1.0,0.65,3,biased,avg,0.9879,0
0.65,1.0,0.65,3,biased,irt,1.0,0
0.65,1.0,0.65,3,mcar,avg,0.9879,0
0.65,1.0,0.65,4,biased,avg,0.9879,0
0.65,1.0,0.65,4,biased,irt,1.0,0
0.65,1.0,0.65,4,mcar,avg,0.9758,0
0.65,1.0,0.65,5,biased,avg,0.9879,0
0.65,1.0,0.65,5,biased,irt,1.0,0
0.65,1.0,0.65,5,mcar,avg,0.9879,0
0.65,1.0,0.65,6,biased,avg,0.9636,0
0.65,1.0,0.65,6,biased,irt,1.0,0
0.65,1.0,0.65,6,mcar,avg,0.9879,0
0.65,1.0,0.65,7,biased,avg,1.0,0
0.65,1.0,0.65,7,biased,irt,1.0,0
0.65,1.0,0.65,7,mcar,avg,0.9758,0
0.65,1.0,0.65,8,biased,avg,1.0,0
0.65,1.0,0.65,8,biased,irt,1.0,0
0.65,1.0,0.65,8,mcar,avg,0.9758,0
0.65,1.0,0.65,9,biased,avg,0.9758,0
0.65,1.0,0.65,9,biased,irt,0.9879,0
0.65,1.0,0.65,9,mcar,avg,0.9879,0
0.65,1.0,0.65,10,biased,avg,1.0,0
0.65,1.0,0.65,10,biased,irt,1.0,0
0.65,1.0,0.65,10,mcar,avg,0.9879,0
0.65,1.0,0.65,11,biased,avg,1.0,0
0.65,1.0,0.65,11,biased,irt,1.0,0
0.65,1.0,0.65,11,mcar,avg,0.9879,0
0.65,1.0,0.65,12,biased,avg,1.0,0
0.65,1.0,0.65,12,biased,irt,1.0,0
0.65,1.0,0.65,12,mcar,avg,0.9879,0
0.65,1.0,0.65,13,biased,avg,0.9879,0
0.65,1.0,0.65,13,biased,irt,0.9879,0
0.65,1.0,0.65,13,mcar,avg,1.0,0
0.65,1.0,0.65,14,biased,avg,1.0,0
0.65,1.0,0.65,14,biased,irt,1.0,0
0.65,1.0,0.65,14,mcar,avg,0.9787,0
0.65,1.5,0.975,0,biased,avg,0.9879,0
0.65,1.5,0.975,0,biased,irt,1.0,0
0.65,1.5,0.975,0,mcar,avg,0.9515,1
0.65,1.5,0.975,1,biased,avg,0.9879,0
0.65,1.5,0.975,1,biased,irt,1.0,0
0.65,1.5,0.975,1,mcar,avg,0.9152,0
0.65,1.5,0.975,2,biased,avg,0.9879,0
0.65,1.5,0.975,2,biased,irt,1.0,0
0.65,1.5,0.975,2,mcar,avg,0.9515,0
0.65,1.5,0.975,3,biased,avg,0.9515,0
0.65,1.5,0.975,3,biased,irt,1.0,0
0.65,1.5,0.975,3,mcar,avg,0.9515,0
0.65,1.5,0.975,4,biased,avg,0.9879,0
0.65,1.5,0.975,4,biased,irt,1.0,0
0.65,1.5,0.975,4,mcar,avg,0.9273,0
0.65,1.5,0.975,5,biased,avg,0.9758,0
0.65,1.5,0.975,5,biased,irt,1.0,0
0.65,1.5,0.975,5,mcar,avg,0.9879,0
0.65,1.5,0.975,6,biased,avg,1.0,0
0.65,1.5,0.975,6,biased,irt,1.0,0
0.65,1.5,0.975,6,mcar,avg,0.9544,0
0.65,1.5,0.975,7,biased,avg,0.9879,0
0.65,1.5,0.975,7,biased,irt,1.0,0
0.65,1.5,0.975,7,mcar,avg,0.9758,0
0.65,1.5,0.975,8,biased,avg,0.9879,0
0.65,1.5,0.975,8,biased,irt,0.9879,0
0.65,1.5,0.975,8,mcar,avg,0.9636,0
0.65,1.5,0.975,9,biased,avg,0.9758,0
0.65,1.5,0.975,9,biased,irt,1.0,0
0.65,1.5,0.975,9,mcar,avg,1.0,0
0.65,1.5,0.975,10,biased,avg,0.9758,0
0.65,1.5,0.975,10,biased,irt,1.0,0
0.65,1.5,0.975,10,mcar,avg,0.9758,0
0.65,1.5,0.975,11,biased,avg,0.9515,0
0.65,1.5,0.975,11,biased,irt,1.0,0
0.65,1.5,0.975,11,mcar,avg,0.9758,0
0.65,1.5,0.975,12,biased,avg,0.9879,0
0.65,1.5,0.975,12,biased,irt,1.0,0
0.65,1.5,0.975,12,mcar,avg,0.9879,0
0.65,1.5,0.975,13,biased,avg,0.9879,0
0.65,1.5,0.975,13,biased,irt,1.0,0
0.65,1.5,0.975,13,mcar,avg,0.9636,0
0.65,1.5,0.975,14,biased,avg,0.9515,0
0.65,1.5,0.975,14,biased,irt,1.0,0
0.65,1.5,0.975,14,mcar,avg,0.9058,0
0.65,2.0,1.3,0,biased,avg,0.9483,0
0.65,2.0,1.3,0,biased,irt,1.0,0
0.65,2.0,1.3,0,mcar,avg,0.9515,0
0.65,2.0,1.3,1,biased,avg,0.9515,0
0.65,2.0,1.3,1,biased,irt,1.0,0
0.65,2.0,1.3,1,mcar,avg,0.9879,0
0.65,2.0,1.3,2,biased,avg,1.0,0
0.65,2.0,1.3,2,biased,irt,1.0,0
0.65,2.0,1.3,2,mcar,avg,0.9879,0
0.65,2.0,1.3,3,biased,avg,0.9394,0
0.65,2.0,1.3,3,biased,irt,1.0,0
0.65,2.0,1.3,3,mcar,avg,0.9636,0
0.65,2.0,1.3,4,biased,avg,0.9636,0
0.65,2.0,1.3,4,biased,irt,1.0,0
0.65,2.0,1.3,4,mcar,avg,0.9515,0
0.65,2.0,1.3,5,biased,avg,0.9636,0
0.65,2.0,1.3,5,biased,irt,1.0,0
0.65,2.0,1.3,5,mcar,avg,0.9636,0
0.65,2.0,1.3,6,biased,avg,0.9394,0
0.65,2.0,1.3,6,biased,irt,1.0,0
0.65,2.0,1.3,6,mcar,avg,0.9636,0
0.65,2.0,1.3,7,biased,avg,0.9636,0
0.65,2.0,1.3,7,biased,irt,1.0,0
0.65,2.0,1.3,7,mcar,avg,0.9394,0
0.65,2.0,1.3,8,biased,avg,0.9515,0
0.65,2.0,1.3,8,biased,irt,1.0,0
0.65,2.0,1.3,8,mcar,avg,0.9879,0
0.65,2.0,1.3,9,biased,avg,0.9879,0
0.65,2.0,1.3,9,biased,irt,1.0,0
0.65,2.0,1.3,9,mcar,avg,0.9758,0
0.65,2.0,1.3,10,biased,avg,0.8667,0
0.65,2.0,1.3,10,biased,irt,1.0,0
0.65,2.0,1.3,10,mcar,avg,0.9636,0
0.65,2.0,1.3,11,biased,avg,0.9758,0
0.65,2.0,1.3,11,biased,irt,1.0,0
0.65,2.0,1.3,11,mcar,avg,0.9758,0
0.65,2.0,1.3,12,biased,avg,0.9758,0
0.65,2.0,1.3,12,biased,irt,1.0,0
0.65,2.0,1.3,12,mcar,avg,0.9394,0
0.65,2.0,1.3,13,biased,avg,0.9636,0
0.65,2.0,1.3,13,biased,irt,1.0,0
0.65,2.0,1.3,13,mcar,avg,0.9879,0
0.65,2.0,1.3,14,biased,avg,0.9152,0
0.65,2.0,1.3,14,biased,irt,1.0,0
0.65,2.0,1.3,14,mcar,avg,0.9273,0
0.65,2.5,1.625,0,biased,avg,0.9758,0
0.65,2.5,1.625,0,biased,irt,1.0,0
0.65,2.5,1.625,0,mcar,avg,0.9879,0
0.65,2.5,1.625,1,biased,avg,0.7697,0
0.65,2.5,1.625,1,biased,irt,1.0,0
0.65,2.5,1.625,1,mcar,avg,0.8667,0
0.65,2.5,1.625,2,biased,avg,0.8424,0
0.65,2.5,1.625,2,biased,irt,1.0,0
0.65,2.5,1.625,2,mcar,avg,0.9879,0
0.65,2.5,1.625,3,biased,avg,0.9515,0
0.65,2.5,1.625,3,biased,irt,1.0,0
0.65,2.5,1.625,3,mcar,avg,0.9273,0
0.65,2.5,1.625,4,biased,avg,0.9152,0
0.65,2.5,1.625,4,biased,irt,0.9879,0
0.65,2.5,1.625,4,mcar,avg,0.9515,0
0.65,2.5,1.625,5,biased,avg,0.9152,0
0.65,2.5,1.625,5,biased,irt,1.0,0
0.65,2.5,1.625,5,mcar,avg,1.0,0
0.65,2.5,1.625,6,biased,avg,0.9273,0
0.65,2.5,1.625,6,biased,irt,1.0,0
0.65,2.5,1.625,6,mcar,avg,0.9273,0
0.65,2.5,1.625,7,biased,avg,0.9636,0
0.65,2.5,1.625,7,biased,irt,1.0,0
0.65,2.5,1.625,7,mcar,avg,0.9636,0
0.65,2.5,1.625,8,biased,avg,0.9636,0
0.65,2.5,1.625,8,biased,irt,1.0,0
0.65,2.5,1.625,8,mcar,avg,0.9848,0
0.65,2.5,1.625,9,biased,avg,0.9394,0
0.65,2.5,1.625,9,biased,irt,1.0,0
0.65,2.5,1.625,9,mcar,avg,0.9758,0
0.65,2.5,1.625,10,biased,avg,0.9273,0
0.65,2.5,1.625,10,biased,irt,1.0,0
0.65,2.5,1.625,10,mcar,avg,0.9515,0
0.65,2.5,1.625,11,biased,avg,0.9758,0
0.65,2.5,1.625,11,biased,irt,1.0,0
0.65,2.5,1.625,11,mcar,avg,0.9394,0
0.65,2.5,1.625,12,biased,avg,0.9152,0
0.65,2.5,1.625,12,biased,irt,1.0,0
0.65,2.5,1.625,12,mcar,avg,0.9879,0
0.65,2.5,1.625,13,biased,avg,0.9394,0
0.65,2.5,1.625,13,biased,irt,1.0,0
0.65,2.5,1.625,13,mcar,avg,0.9879,0
0.65,2.5,1.625,14,biased,avg,0.9879,0
0.65,2.5,1.625,14,biased,irt,1.0,0
0.65,2.5,1.625,14,mcar,avg,0.9515,0
0.65,3.0,1.95,0,biased,avg,0.7697,0
0.65,3.0,1.95,0,biased,irt,1.0,0
0.65,3.0,1.95,0,mcar,avg,0.9879,0
0.65,3.0,1.95,1,biased,avg,0.8788,0
0.65,3.0,1.95,1,biased,irt,1.0,0
0.65,3.0,1.95,1,mcar,avg,0.9273,0
0.65,3.0,1.95,2,biased,avg,0.7697,0
0.65,3.0,1.95,2,biased,irt,1.0,0
0.65,3.0,1.95,2,mcar,avg,0.7939,0
0.65,3.0,1.95,3,biased,avg,0.7818,1
0.65,3.0,1.95,3,biased,irt,1.0,0
0.65,3.0,1.95,3,mcar,avg,0.9515,1
0.65,3.0,1.95,4,biased,avg,0.8788,0
0.65,3.0,1.95,4,biased,irt,0.9879,0
0.65,3.0,1.95,4,mcar,avg,0.9394,1
0.65,3.0,1.95,5,biased,avg,0.8788,0
0.65,3.0,1.95,5,biased,irt,1.0,0
0.65,3.0,1.95,5,mcar,avg,0.903,0
0.65,3.0,1.95,6,biased,avg,0.8788,0
0.65,3.0,1.95,6,biased,irt,1.0,0
0.65,3.0,1.95,6,mcar,avg,0.9636,0
0.65,3.0,1.95,7,biased,avg,0.903,0
0.65,3.0,1.95,7,biased,irt,1.0,0
0.65,3.0,1.95,7,mcar,avg,0.9636,0
0.65,3.0,1.95,8,biased,avg,0.8909,0
0.65,3.0,1.95,8,biased,irt,1.0,0
0.65,3.0,1.95,8,mcar,avg,0.903,0
0.65,3.0,1.95,9,biased,avg,0.9273,0
0.65,3.0,1.95,9,biased,irt,1.0,0
0.65,3.0,1.95,9,mcar,avg,0.8667,0
0.65,3.0,1.95,10,biased,avg,0.8667,0
0.65,3.0,1.95,10,biased,irt,1.0,0
0.65,3.0,1.95,10,mcar,avg,0.9636,1
0.65,3.0,1.95,11,biased,avg,0.903,0
0.65,3.0,1.95,11,biased,irt,1.0,0
0.65,3.0,1.95,11,mcar,avg,0.7939,1
0.65,3.0,1.95,12,biased,avg,0.8788,0
0.65,3.0,1.95,12,biased,irt,1.0,0
0.65,3.0,1.95,12,mcar,avg,0.9152,1
0.65,3.0,1.95,13,biased,avg,0.8909,1
0.65,3.0,1.95,13,biased,irt,1.0,0
0.65,3.0,1.95,13,mcar,avg,0.9544,0
0.65,3.0,1.95,14,biased,avg,0.8788,0
0.65,3.0,1.95,14,biased,irt,1.0,0
0.65,3.0,1.95,14,mcar,avg,0.8909,0
0.65,3.5,2.275,0,biased,avg,0.8545,0
0.65,3.5,2.275,0,biased,irt,0.9879,0
0.65,3.5,2.275,0,mcar,avg,0.7455,0
0.65,3.5,2.275,1,biased,avg,0.7697,0
0.65,3.5,2.275,1,biased,irt,1.0,0
0.65,3.5,2.275,1,mcar,avg,0.9515,0
0.65,3.5,2.275,2,biased,avg,0.7576,1
0.65,3.5,2.275,2,biased,irt,1.0,0
0.65,3.5,2.275,2,mcar,avg,0.8667,1
0.65,3.5,2.275,3,biased,avg,0.8788,0
0.65,3.5,2.275,3,biased,irt,0.9879,0
0.65,3.5,2.275,3,mcar,avg,0.9394,1
0.65,3.5,2.275,4,biased,avg,0.6606,0
0.65,3.5,2.275,4,biased,irt,1.0,0
0.65,3.5,2.275,4,mcar,avg,0.8754,1
0.65,3.5,2.275,5,biased,avg,0.7576,0
0.65,3.5,2.275,5,biased,irt,1.0,0
0.65,3.5,2.275,5,mcar,avg,0.903,1
0.65,3.5,2.275,6,biased,avg,0.8424,0
0.65,3.5,2.275,6,biased,irt,1.0,0
0.65,3.5,2.275,6,mcar,avg,0.9515,0
0.65,3.5,2.275,7,biased,avg,0.8667,1
0.65,3.5,2.275,7,biased,irt,1.0,0
0.65,3.5,2.275,7,mcar,avg,0.8061,0
0.65,3.5,2.275,8,biased,avg,0.7576,0
0.65,3.5,2.275,8,biased,irt,0.9879,0
0.65,3.5,2.275,8,mcar,avg,0.8424,0
0.65,3.5,2.275,9,biased,avg,0.8667,0
0.65,3.5,2.275,9,biased,irt,1.0,0
0.65,3.5,2.275,9,mcar,avg,0.9758,0
0.65,3.5,2.275,10,biased,avg,0.7818,0
0.65,3.5,2.275,10,biased,irt,1.0,0
0.65,3.5,2.275,10,mcar,avg,0.8788,0
0.65,3.5,2.275,11,biased,avg,0.8061,0
0.65,3.5,2.275,11,biased,irt,1.0,0
0.65,3.5,2.275,11,mcar,avg,0.8182,0
0.65,3.5,2.275,12,biased,avg,0.8545,1
0.65,3.5,2.275,12,biased,irt,1.0,0
0.65,3.5,2.275,12,mcar,avg,0.8909,0
0.65,3.5,2.275,13,biased,avg,0.8182,1
0.65,3.5,2.275,13,biased,irt,1.0,0
0.65,3.5,2.275,13,mcar,avg,0.9758,0
0.65,3.5,2.275,14,biased,avg,0.9605,1
0.65,3.5,2.275,14,biased,irt,1.0,0
0.65,3.5,2.275,14,mcar,avg,0.9273,1
0.65,4.0,2.6,0,biased,avg,0.8788,0
0.65,4.0,2.6,0,biased,irt,1.0,0
0.65,4.0,2.6,0,mcar,avg,0.9394,0
0.65,4.0,2.6,1,biased,avg,0.9394,0
0.65,4.0,2.6,1,biased,irt,1.0,0
0.65,4.0,2.6,1,mcar,avg,0.924,1
0.65,4.0,2.6,2,biased,avg,0.8571,1
0.65,4.0,2.6,2,biased,irt,1.0,0
0.65,4.0,2.6,2,mcar,avg,0.8545,1
0.65,4.0,2.6,3,biased,avg,0.6364,0
0.65,4.0,2.6,3,biased,irt,1.0,0
0.65,4.0,2.6,3,mcar,avg,0.9515,0
0.65,4.0,2.6,4,biased,avg,0.697,0
0.65,4.0,2.6,4,biased,irt,1.0,0
0.65,4.0,2.6,4,mcar,avg,0.9152,0
0.65,4.0,2.6,5,biased,avg,0.7818,1
0.65,4.0,2.6,5,biased,irt,1.0,0
0.65,4.0,2.6,5,mcar,avg,0.9152,0
0.65,4.0,2.6,6,biased,avg,0.697,0
0.65,4.0,2.6,6,biased,irt,1.0,0
0.65,4.0,2.6,6,mcar,avg,0.9273,0
0.65,4.0,2.6,7,biased,avg,0.7818,1
0.65,4.0,2.6,7,biased,irt,1.0,0
0.65,4.0,2.6,7,mcar,avg,0.7576,0
0.65,4.0,2.6,8,biased,avg,0.7697,1
0.65,4.0,2.6,8,biased,irt,1.0,0
0.65,4.0,2.6,8,mcar,avg,0.9273,0
0.65,4.0,2.6,9,biased,avg,0.8545,0
0.65,4.0,2.6,9,biased,irt,1.0,0
0.65,4.0,2.6,9,mcar,avg,0.8909,0
0.65,4.0,2.6,10,biased,avg,0.697,0
0.65,4.0,2.6,10,biased,irt,1.0,0
0.65,4.0,2.6,10,mcar,avg,0.9273,0
0.65,4.0,2.6,11,biased,avg,0.5636,0
0.65,4.0,2.6,11,biased,irt,1.0,0
0.65,4.0,2.6,11,mcar,avg,0.8909,0
0.65,4.0,2.6,12,biased,avg,0.7212,1
0.65,4.0,2.6,12,biased,irt,1.0,0
0.65,4.0,2.6,12,mcar,avg,0.8909,0
0.65,4.0,2.6,13,biased,avg,0.7939,0
0.65,4.0,2.6,13,biased,irt,0.9879,0
0.65,4.0,2.6,13,mcar,avg,0.8545,0
0.65,4.0,2.6,14,biased,avg,0.4667,1
0.65,4.0,2.6,14,biased,irt,1.0,0
0.65,4.0,2.6,14,mcar,avg,0.9515,0
0.65,4.5,2.925,0,biased,avg,0.845,1
0.65,4.5,2.925,0,biased,irt,1.0,0
0.65,4.5,2.925,0,mcar,avg,0.8788,0
0.65,4.5,2.925,1,biased,avg,0.3587,1
0.65,4.5,2.925,1,biased,irt,1.0,0
0.65,4.5,2.925,1,mcar,avg,0.9273,1
0.65,4.5,2.925,2,biased,avg,0.7212,1
0.65,4.5,2.925,2,biased,irt,1.0,0
0.65,4.5,2.925,2,mcar,avg,0.7212,1
0.65,4.5,2.925,3,biased,avg,0.7212,0
0.65,4.5,2.925,3,biased,irt,1.0,0
0.65,4.5,2.925,3,mcar,avg,0.6727,1
0.65,4.5,2.925,4,biased,avg,0.697,1
0.65,4.5,2.925,4,biased,irt,1.0,0
0.65,4.5,2.925,4,mcar,avg,0.7939,1
0.65,4.5,2.925,5,biased,avg,0.6201,1
0.65,4.5,2.925,5,biased,irt,1.0,0
0.65,4.5,2.925,5,mcar,avg,0.7455,0
0.65,4.5,2.925,6,biased,avg,0.6606,0
0.65,4.5,2.925,6,biased,irt,1.0,0
0.65,4.5,2.925,6,mcar,avg,0.9152,1
0.65,4.5,2.925,7,biased,avg,0.7333,1
0.65,4.5,2.925,7,biased,irt,1.0,0
0.65,4.5,2.925,7,mcar,avg,0.8061,0
0.65,4.5,2.925,8,biased,avg,0.3587,0
0.65,4.5,2.925,8,biased,irt,1.0,0
0.65,4.5,2.925,8,mcar,avg,0.8061,0
0.65,4.5,2.925,9,biased,avg,0.5758,1
0.65,4.5,2.925,9,biased,irt,1.0,0
0.65,4.5,2.925,9,mcar,avg,0.8909,1
0.65,4.5,2.925,10,biased,avg,0.4303,1
0.65,4.5,2.925,10,biased,irt,1.0,0
0.65,4.5,2.925,10,mcar,avg,0.7964,0
0.65,4.5,2.925,11,biased,avg,0.7091,0
0.65,4.5,2.925,11,biased,irt,1.0,0
0.65,4.5,2.925,11,mcar,avg,0.7212,1
0.65,4.5,2.925,12,biased,avg,0.697,0
0.65,4.5,2.925,12,biased,irt,1.0,0
0.65,4.5,2.925,12,mcar,avg,0.7212,1
0.65,4.5,2.925,13,biased,avg,0.4424,0
0.65,4.5,2.925,13,biased,irt,1.0,0
0.65,4.5,2.925,13,mcar,avg,0.9273,1
0.65,4.5,2.925,14,biased,avg,0.5758,1
0.65,4.5,2.925,14,biased,irt,0.9879,0
0.65,4.5,2.925,14,mcar,avg,0.9273,1
0.65,5.0,3.25,0,biased,avg,0.4545,1
0.65,5.0,3.25,0,biased,irt,1.0,0
0.65,5.0,3.25,0,mcar,avg,0.4667,1
0.65,5.0,3.25,1,biased,avg,0.1879,0
0.65,5.0,3.25,1,biased,irt,0.9636,0
0.65,5.0,3.25,1,mcar,avg,0.697,0
0.65,5.0,3.25,2,biased,avg,0.4303,1
0.65,5.0,3.25,2,biased,irt,1.0,0
0.65,5.0,3.25,2,mcar,avg,0.8303,1
0.65,5.0,3.25,3,biased,avg,0.7091,1
0.65,5.0,3.25,3,biased,irt,0.9636,0
0.65,5.0,3.25,3,mcar,avg,0.8061,1
0.65,5.0,3.25,4,biased,avg,-0.0667,1
0.65,5.0,3.25,4,biased,irt,1.0,0
0.65,5.0,3.25,4,mcar,avg,0.8667,0
0.65,5.0,3.25,5,biased,avg,0.5152,0
0.65,5.0,3.25,5,biased,irt,1.0,0
0.65,5.0,3.25,5,mcar,avg,0.7697,1
0.65,5.0,3.25,6,biased,avg,0.4681,0
0.65,5.0,3.25,6,biased,irt,1.0,0
0.65,5.0,3.25,6,mcar,avg,0.9273,0
0.65,5.0,3.25,7,biased,avg,0.5515,1
0.65,5.0,3.25,7,biased,irt,0.9879,0
0.65,5.0,3.25,7,mcar,avg,0.8545,1
0.65,5.0,3.25,8,biased,avg,0.5471,1
0.65,5.0,3.25,8,biased,irt,1.0,0
0.65,5.0,3.25,8,mcar,avg,0.9515,0
0.65,5.0,3.25,9,biased,avg,0.2614,1
0.65,5.0,3.25,9,biased,irt,1.0,0
0.65,5.0,3.25,9,mcar,avg,0.8061,1
0.65,5.0,3.25,10,biased,avg,0.1758,1
0.65,5.0,3.25,10,biased,irt,1.0,0
0.65,5.0,3.25,10,mcar,avg,0.6848,1
0.65,5.0,3.25,11,biased,avg,0.4061,1
0.65,5.0,3.25,11,biased,irt,1.0,0
0.65,5.0,3.25,11,mcar,avg,0.7576,0
0.65,5.0,3.25,12,biased,avg,0.2606,1
0.65,5.0,3.25,12,biased,irt,1.0,0
0.65,5.0,3.25,12,mcar,avg,0.7091,0
0.65,5.0,3.25,13,biased,avg,0.3333,0
0.65,5.0,3.25,13,biased,irt,1.0,0
0.65,5.0,3.25,13,mcar,avg,0.7818,1
0.65,5.0,3.25,14,biased,avg,0.4909,0
0.65,5.0,3.25,14,biased,irt,1.0,0
0.65,5.0,3.25,14,mcar,avg,0.9394,0
0.7,0.5,0.35,0,biased,avg,0.9879,0
0.7,0.5,0.35,0,biased,irt,1.0,0
0.7,0.5,0.35,0,mcar,avg,0.9879,1
0.7,0.5,0.35,1,biased,avg,0.9879,0
0.7,0.5,0.35,1,biased,irt,1.0,0
0.7,0.5,0.35,1,mcar,avg,0.9879,0
0.7,0.5,0.35,2,biased,avg,0.9636,0
0.7,0.5,0.35,2,biased,irt,1.0,0
0.7,0.5,0.35,2,mcar,avg,0.9758,1
0.7,0.5,0.35,3,biased,avg,1.0,0
0.7,0.5,0.35,3,biased,irt,1.0,0
0.7,0.5,0.35,3,mcar,avg,0.9879,0
0.7,0.5,0.35,4,biased,avg,1.0,0
0.7,0.5,0.35,4,biased,irt,1.0,0
0.7,0.5,0.35,4,mcar,avg,0.9879,0
0.7,0.5,0.35,5,biased,avg,1.0,0
0.7,0.5,0.35,5,biased,irt,1.0,0
0.7,0.5,0.35,5,mcar,avg,0.9879,1
0.7,0.5,0.35,6,biased,avg,0.9879,0
0.7,0.5,0.35,6,biased,irt,1.0,0
0.7,0.5,0.35,6,mcar,avg,0.9605,0
0.7,0.5,0.35,7,biased,avg,1.0,0
0.7,0.5,0.35,7,biased,irt,1.0,0
0.7,0.5,0.35,7,mcar,avg,1.0,0
0.7,0.5,0.35,8,biased,avg,0.9879,0
0.7,0.5,0.35,8,biased,irt,1.0,0
0.7,0.5,0.35,8,mcar,avg,0.9758,1
0.7,0.5,0.35,9,biased,avg,1.0,0
0.7,0.5,0.35,9,biased,irt,0.9879,0
0.7,0.5,0.35,9,mcar,avg,1.0,0
0.7,0.5,0.35,10,biased,avg,1.0,0
0.7,0.5,0.35,10,biased,irt,1.0,0
0.7,0.5,0.35,10,mcar,avg,1.0,0
0.7,0.5,0.35,11,biased,avg,1.0,0
0.7,0.5,0.35,11,biased,irt,0.9879,0
0.7,0.5,0.35,11,mcar,avg,1.0,0
0.7,0.5,0.35,12,biased,avg,1.0,0
0.7,0.5,0.35,12,biased,irt,1.0,0
0.7,0.5,0.35,12,mcar,avg,0.9848,0
0.7,0.5,0.35,13,biased,avg,1.0,0
0.7,0.5,0.35,13,biased,irt,0.9879,0
0.7,0.5,0.35,13,mcar,avg,1.0,0
0.7,0.5,0.35,14,biased,avg,0.9879,0
0.7,0.5,0.35,14,biased,irt,1.0,0
0.7,0.5,0.35,14,mcar,avg,0.9879,0
0.7,1.0,0.7,0,biased,avg,0.9879,0
0.7,1.0,0.7,0,biased,irt,1.0,0
0.7,1.0,0.7,0,mcar,avg,0.9758,0
0.7,1.0,0.7,1,biased,avg,0.9879,0
0.7,1.0,0.7,1,biased,irt,1.0,0
0.7,1.0,0.7,1,mcar,avg,0.9758,0
0.7,1.0,0.7,2,biased,avg,0.9879,0
0.7,1.0,0.7,2,biased,irt,1.0,0
0.7,1.0,0.7,2,mcar,avg,0.9758,1
0.7,1.0,0.7,3,biased,avg,1.0,0
0.7,1.0,0.7,3,biased,irt,1.0,0
0.7,1.0,0.7,3,mcar,avg,0.9879,0
0.7,1.0,0.7,4,biased,avg,0.9636,0
0.7,1.0,0.7,4,biased,irt,1.0,0
0.7,1.0,0.7,4,mcar,avg,0.9879,0
0.7,1.0,0.7,5,biased,avg,1.0,0
0.7,1.0,0.7,5,biased,irt,1.0,0
0.7,1.0,0.7,5,mcar,avg,1.0,0
0.7,1.0,0.7,6,biased,avg,0.9879,0
0.7,1.0,0.7,6,biased,irt,1.0,0
0.7,1.0,0.7,6,mcar,avg,0.9879,0
0.7,1.0,0.7,7,biased,avg,0.9879,0
0.7,1.0,0.7,7,biased,irt,1.0,0
0.7,1.0,0.7,7,mcar,avg,1.0,0
0.7,1.0,0.7,8,biased,avg,1.0,0
0.7,1.0,0.7,8,biased,irt,1.0,0
0.7,1.0,0.7,8,mcar,avg,0.9879,0
0.7,1.0,0.7,9,biased,avg,0.9879,0
0.7,1.0,0.7,9,biased,irt,1.0,0
0.7,1.0,0.7,9,mcar,avg,0.9758,0
0.7,1.0,0.7,10,biased,avg,1.0,0
0.7,1.0,0.7,10,biased,irt,0.9879,1
0.7,1.0,0.7,10,mcar,avg,0.9879,0
0.7,1.0,0.7,11,biased,avg,0.9879,0
0.7,1.0,0.7,11,biased,irt,1.0,0
0.7,1.0,0.7,11,mcar,avg,0.9879,0
0.7,1.0,0.7,12,biased,avg,0.9666,0
0.7,1.0,0.7,12,biased,irt,1.0,0
0.7,1.0,0.7,12,mcar,avg,0.9879,0
0.7,1.0,0.7,13,biased,avg,0.9879,0
0.7,1.0,0.7,13,biased,irt,1.0,0
0.7,1.0,0.7,13,mcar,avg,0.9879,0
0.7,1.0,0.7,14,biased,avg,1.0,0
0.7,1.0,0.7,14,biased,irt,1.0,0
0.7,1.0,0.7,14,mcar,avg,1.0,0
0.7,1.5,1.05,0,biased,avg,1.0,0
0.7,1.5,1.05,0,biased,irt,1.0,0
0.7,1.5,1.05,0,mcar,avg,0.9515,0
0.7,1.5,1.05,1,biased,avg,0.9152,0
0.7,1.5,1.05,1,biased,irt,1.0,0
0.7,1.5,1.05,1,mcar,avg,0.9758,0
0.7,1.5,1.05,2,biased,avg,0.9758,0
0.7,1.5,1.05,2,biased,irt,1.0,0
0.7,1.5,1.05,2,mcar,avg,0.9666,0
0.7,1.5,1.05,3,biased,avg,0.9515,0
0.7,1.5,1.05,3,biased,irt,0.9636,0
0.7,1.5,1.05,3,mcar,avg,0.9879,1
0.7,1.5,1.05,4,biased,avg,0.9758,0
0.7,1.5,1.05,4,biased,irt,1.0,0
0.7,1.5,1.05,4,mcar,avg,0.9758,0
0.7,1.5,1.05,5,biased,avg,0.9879,0
0.7,1.5,1.05,5,biased,irt,1.0,0
0.7,1.5,1.05,5,mcar,avg,0.9758,0
0.7,1.5,1.05,6,biased,avg,0.9879,0
0.7,1.5,1.05,6,biased,irt,0.9879,0
0.7,1.5,1.05,6,mcar,avg,0.9879,0
0.7,1.5,1.05,7,biased,avg,0.9879,0
0.7,1.5,1.05,7,biased,irt,1.0,0
0.7,1.5,1.05,7,mcar,avg,0.9636,0
0.7,1.5,1.05,8,biased,avg,0.9879,0
0.7,1.5,1.05,8,biased,irt,1.0,0
0.7,1.5,1.05,8,mcar,avg,1.0,0
0.7,1.5,1.05,9,biased,avg,0.9879,0
0.7,1.5,1.05,9,biased,irt,1.0,0
0.7,1.5,1.05,9,mcar,avg,0.9879,0
0.7,1.5,1.05,10,biased,avg,0.9515,0
0.7,1.5,1.05,10,biased,irt,1.0,0
0.7,1.5,1.05,10,mcar,avg,0.9879,0
0.7,1.5,1.05,11,biased,avg,0.9879,0
0.7,1.5,1.05,11,biased,irt,1.0,0
0.7,1.5,1.05,11,mcar,avg,0.9879,0
0.7,1.5,1.05,12,biased,avg,0.9636,0
0.7,1.5,1.05,12,biased,irt,1.0,0
0.7,1.5,1.05,12,mcar,avg,0.9515,0
0.7,1.5,1.05,13,biased,avg,0.9273,0
0.7,1.5,1.05,13,biased,irt,1.0,0
0.7,1.5,1.05,13,mcar,avg,0.9758,0
0.7,1.5,1.05,14,biased,avg,0.9879,0
0.7,1.5,1.05,14,biased,irt,1.0,0
0.7,1.5,1.05,14,mcar,avg,0.9636,0
0.7,2.0,1.4,0,biased,avg,0.9152,0
0.7,2.0,1.4,0,biased,irt,0.9879,0
0.7,2.0,1.4,0,mcar,avg,0.9515,0
0.7,2.0,1.4,1,biased,avg,0.9515,0
0.7,2.0,1.4,1,biased,irt,1.0,0
0.7,2.0,1.4,1,mcar,avg,0.9636,0
0.7,2.0,1.4,2,biased,avg,0.9879,0
0.7,2.0,1.4,2,biased,irt,1.0,0
0.7,2.0,1.4,2,mcar,avg,0.9879,0
0.7,2.0,1.4,3,biased,avg,0.9636,0
0.7,2.0,1.4,3,biased,irt,1.0,0
0.7,2.0,1.4,3,mcar,avg,0.9515,0
0.7,2.0,1.4,4,biased,avg,0.9758,0
0.7,2.0,1.4,4,biased,irt,0.9879,0
0.7,2.0,1.4,4,mcar,avg,0.9758,0
0.7,2.0,1.4,5,biased,avg,0.903,0
0.7,2.0,1.4,5,biased,irt,1.0,0
0.7,2.0,1.4,5,mcar,avg,0.9152,0
0.7,2.0,1.4,6,biased,avg,0.9636,0
0.7,2.0,1.4,6,biased,irt,1.0,0
0.7,2.0,1.4,6,mcar,avg,0.9758,0
0.7,2.0,1.4,7,biased,avg,0.9394,0
0.7,2.0,1.4,7,biased,irt,0.9515,0
0.7,2.0,1.4,7,mcar,avg,0.9879,0
0.7,2.0,1.4,8,biased,avg,0.9515,0
0.7,2.0,1.4,8,biased,irt,1.0,0
0.7,2.0,1.4,8,mcar,avg,0.8997,0
0.7,2.0,1.4,9,biased,avg,0.9726,0
0.7,2.0,1.4,9,biased,irt,1.0,0
0.7,2.0,1.4,9,mcar,avg,0.9848,0
0.7,2.0,1.4,10,biased,avg,0.9879,0
0.7,2.0,1.4,10,biased,irt,1.0,0
0.7,2.0,1.4,10,mcar,avg,0.903,0
0.7,2.0,1.4,11,biased,avg,0.9515,0
0.7,2.0,1.4,11,biased,irt,0.9879,0
0.7,2.0,1.4,11,mcar,avg,0.8875,1
0.7,2.0,1.4,12,biased,avg,0.9879,0
0.7,2.0,1.4,12,biased,irt,1.0,0
0.7,2.0,1.4,12,mcar,avg,0.9636,0
0.7,2.0,1.4,13,biased,avg,0.9515,0
0.7,2.0,1.4,13,biased,irt,1.0,0
0.7,2.0,1.4,13,mcar,avg,0.9879,0
0.7,2.0,1.4,14,biased,avg,0.9152,0
0.7,2.0,1.4,14,biased,irt,0.9879,0
0.7,2.0,1.4,14,mcar,avg,0.9758,0
0.7,2.5,1.75,0,biased,avg,0.9515,0
0.7,2.5,1.75,0,biased,irt,0.9758,0
0.7,2.5,1.75,0,mcar,avg,0.9636,1
0.7,2.5,1.75,1,biased,avg,0.9879,0
0.7,2.5,1.75,1,biased,irt,1.0,0
0.7,2.5,1.75,1,mcar,avg,0.9636,0
0.7,2.5,1.75,2,biased,avg,0.8545,0
0.7,2.5,1.75,2,biased,irt,0.9879,0
0.7,2.5,1.75,2,mcar,avg,0.9515,0
0.7,2.5,1.75,3,biased,avg,0.9636,0
0.7,2.5,1.75,3,biased,irt,1.0,0
0.7,2.5,1.75,3,mcar,avg,0.8667,0
0.7,2.5,1.75,4,biased,avg,0.903,0
0.7,2.5,1.75,4,biased,irt,0.9879,0
0.7,2.5,1.75,4,mcar,avg,0.9758,0
0.7,2.5,1.75,5,biased,avg,0.903,0
0.7,2.5,1.75,5,biased,irt,1.0,0
0.7,2.5,1.75,5,mcar,avg,0.9879,0
0.7,2.5,1.75,6,biased,avg,0.8182,0
0.7,2.5,1.75,6,biased,irt,1.0,0
0.7,2.5,1.75,6,mcar,avg,0.8788,0
0.7,2.5,1.75,7,biased,avg,0.9394,0
0.7,2.5,1.75,7,biased,irt,0.9879,0
0.7,2.5,1.75,7,mcar,avg,0.9879,0
0.7,2.5,1.75,8,biased,avg,0.9362,0
0.7,2.5,1.75,8,biased,irt,1.0,0
0.7,2.5,1.75,8,mcar,avg,0.9758,0
0.7,2.5,1.75,9,biased,avg,0.903,1
0.7,2.5,1.75,9,biased,irt,1.0,0
0.7,2.5,1.75,9,mcar,avg,0.9636,1
0.7,2.5,1.75,10,biased,avg,0.9152,0
0.7,2.5,1.75,10,biased,irt,0.9879,0
0.7,2.5,1.75,10,mcar,avg,0.7818,0
0.7,2.5,1.75,11,biased,avg,0.9273,0
0.7,2.5,1.75,11,biased,irt,1.0,0
0.7,2.5,1.75,11,mcar,avg,0.9636,0
0.7,2.5,1.75,12,biased,avg,0.9879,0
0.7,2.5,1.75,12,biased,irt,1.0,0
0.7,2.5,1.75,12,mcar,avg,0.8788,0
0.7,2.5,1.75,13,biased,avg,0.903,0
0.7,2.5,1.75,13,biased,irt,0.9636,0
0.7,2.5,1.75,13,mcar,avg,0.9636,0
0.7,2.5,1.75,14,biased,avg,0.9879,0
0.7,2.5,1.75,14,biased,irt,1.0,0
0.7,2.5,1.75,14,mcar,avg,0.9848,0
0.7,3.0,2.1,0,biased,avg,0.8424,0
0.7,3.0,2.1,0,biased,irt,1.0,0
0.7,3.0,2.1,0,mcar,avg,0.9758,0
0.7,3.0,2.1,1,biased,avg,0.9152,0
0.7,3.0,2.1,1,biased,irt,1.0,0
0.7,3.0,2.1,1,mcar,avg,0.9273,1
0.7,3.0,2.1,2,biased,avg,0.8545,0
0.7,3.0,2.1,2,biased,irt,1.0,0
0.7,3.0,2.1,2,mcar,avg,0.8545,0
0.7,3.0,2.1,3,biased,avg,0.903,0
0.7,3.0,2.1,3,biased,irt,1.0,0
0.7,3.0,2.1,3,mcar,avg,0.8424,0
0.7,3.0,2.1,4,biased,avg,0.8667,1
0.7,3.0,2.1,4,biased,irt,1.0,0
0.7,3.0,2.1,4,mcar,avg,0.9152,0
0.7,3.0,2.1,5,biased,avg,0.9273,0
0.7,3.0,2.1,5,biased,irt,1.0,0
0.7,3.0,2.1,5,mcar,avg,0.8667,1
0.7,3.0,2.1,6,biased,avg,0.9152,0
0.7,3.0,2.1,6,biased,irt,1.0,0
0.7,3.0,2.1,6,mcar,avg,0.9636,1
0.7,3.0,2.1,7,biased,avg,0.903,1
0.7,3.0,2.1,7,biased,irt,0.9879,0
0.7,3.0,2.1,7,mcar,avg,0.9515,0
0.7,3.0,2.1,8,biased,avg,0.7818,0
0.7,3.0,2.1,8,biased,irt,1.0,0
0.7,3.0,2.1,8,mcar,avg,0.8909,0
0.7,3.0,2.1,9,biased,avg,0.8303,0
0.7,3.0,2.1,9,biased,irt,1.0,0
0.7,3.0,2.1,9,mcar,avg,0.8061,0
0.7,3.0,2.1,10,biased,avg,0.9726,0
0.7,3.0,2.1,10,biased,irt,1.0,0
0.7,3.0,2.1,10,mcar,avg,0.8909,0
0.7,3.0,2.1,11,biased,avg,0.9394,0
0.7,3.0,2.1,11,biased,irt,1.0,0
0.7,3.0,2.1,11,mcar,avg,0.9515,0
0.7,3.0,2.1,12,biased,avg,0.7818,0
0.7,3.0,2.1,12,biased,irt,0.9879,0
0.7,3.0,2.1,12,mcar,avg,0.9636,0
0.7,3.0,2.1,13,biased,avg,0.8788,0
0.7,3.0,2.1,13,biased,irt,1.0,0
0.7,3.0,2.1,13,mcar,avg,0.9758,0
0.7,3.0,2.1,14,biased,avg,0.9152,1
0.7,3.0,2.1,14,biased,irt,1.0,0
0.7,3.0,2.1,14,mcar,avg,0.8909,0
0.7,3.5,2.45,0,biased,avg,0.903,1
0.7,3.5,2.45,0,biased,irt,0.9879,0
0.7,3.5,2.45,0,mcar,avg,0.8788,0
0.7,3.5,2.45,1,biased,avg,0.9152,0
0.7,3.5,2.45,1,biased,irt,1.0,0
0.7,3.5,2.45,1,mcar,avg,0.7455,0
0.7,3.5,2.45,2,biased,avg,0.8511,1
0.7,3.5,2.45,2,biased,irt,0.9879,0
0.7,3.5,2.45,2,mcar,avg,0.8303,1
0.7,3.5,2.45,3,biased,avg,0.8667,0
0.7,3.5,2.45,3,biased,irt,1.0,0
0.7,3.5,2.45,3,mcar,avg,0.8424,1
0.7,3.5,2.45,4,biased,avg,0.7455,0
0.7,3.5,2.45,4,biased,irt,1.0,0
0.7,3.5,2.45,4,mcar,avg,0.8909,1
0.7,3.5,2.45,5,biased,avg,0.8303,1
0.7,3.5,2.45,5,biased,irt,1.0,0
0.7,3.5,2.45,5,mcar,avg,0.8788,1
0.7,3.5,2.45,6,biased,avg,0.6485,0
0.7,3.5,2.45,6,biased,irt,1.0,0
0.7,3.5,2.45,6,mcar,avg,0.9273,0
0.7,3.5,2.45,7,biased,avg,0.6727,1
0.7,3.5,2.45,7,biased,irt,0.9758,1
0.7,3.5,2.45,7,mcar,avg,0.9515,1
0.7,3.5,2.45,8,biased,avg,0.8545,0
0.7,3.5,2.45,8,biased,irt,1.0,0
0.7,3.5,2.45,8,mcar,avg,0.9394,1
0.7,3.5,2.45,9,biased,avg,0.9515,0
0.7,3.5,2.45,9,biased,irt,1.0,0
0.7,3.5,2.45,9,mcar,avg,0.9394,1
0.7,3.5,2.45,10,biased,avg,0.8909,0
0.7,3.5,2.45,10,biased,irt,1.0,0
0.7,3.5,2.45,10,mcar,avg,0.7333,1
0.7,3.5,2.45,11,biased,avg,0.7455,1
0.7,3.5,2.45,11,biased,irt,1.0,0
0.7,3.5,2.45,11,mcar,avg,0.8788,0
0.7,3.5,2.45,12,biased,avg,0.8303,0
0.7,3.5,2.45,12,biased,irt,1.0,0
0.7,3.5,2.45,12,mcar,avg,0.8024,0
0.7,3.5,2.45,13,biased,avg,0.5879,0
0.7,3.5,2.45,13,biased,irt,1.0,0
0.7,3.5,2.45,13,mcar,avg,0.9394,0
0.7,3.5,2.45,14,biased,avg,0.9273,0
0.7,3.5,2.45,14,biased,irt,1.0,0
0.7,3.5,2.45,14,mcar,avg,0.8788,0
0.7,4.0,2.8,0,biased,avg,0.7455,0
0.7,4.0,2.8,0,biased,irt,1.0,0
0.7,4.0,2.8,0,mcar,avg,0.8424,1
0.7,4.0,2.8,1,biased,avg,0.6364,0
0.7,4.0,2.8,1,biased,irt,1.0,0
0.7,4.0,2.8,1,mcar,avg,0.6727,0
0.7,4.0,2.8,2,biased,avg,0.5394,0
0.7,4.0,2.8,2,biased,irt,0.9879,0
0.7,4.0,2.8,2,mcar,avg,0.8061,0
0.7,4.0,2.8,3,biased,avg,0.6848,1
0.7,4.0,2.8,3,biased,irt,0.9879,0
0.7,4.0,2.8,3,mcar,avg,0.8667,1
0.7,4.0,2.8,4,biased,avg,0.6242,1
0.7,4.0,2.8,4,biased,irt,0.9879,0
0.7,4.0,2.8,4,mcar,avg,0.8909,0
0.7,4.0,2.8,5,biased,avg,0.6869,1
0.7,4.0,2.8,5,biased,irt,1.0,0
0.7,4.0,2.8,5,mcar,avg,0.8182,0
0.7,4.0,2.8,6,biased,avg,0.6364,0
0.7,4.0,2.8,6,biased,irt,1.0,0
0.7,4.0,2.8,6,mcar,avg,0.9515,0
0.7,4.0,2.8,7,biased,avg,0.7212,1
0.7,4.0,2.8,7,biased,irt,0.9515,0
0.7,4.0,2.8,7,mcar,avg,0.8424,1
0.7,4.0,2.8,8,biased,avg,0.924,0
0.7,4.0,2.8,8,biased,irt,1.0,0
0.7,4.0,2.8,8,mcar,avg,0.9879,0
0.7,4.0,2.8,9,biased,avg,0.5636,0
0.7,4.0,2.8,9,biased,irt,1.0,0
0.7,4.0,2.8,9,mcar,avg,0.9119,0
0.7,4.0,2.8,10,biased,avg,0.7212,1
0.7,4.0,2.8,10,biased,irt,1.0,0
0.7,4.0,2.8,10,mcar,avg,0.8788,0
0.7,4.0,2.8,11,biased,avg,0.7697,1
0.7,4.0,2.8,11,biased,irt,1.0,0
0.7,4.0,2.8,11,mcar,avg,0.7212,0
0.7,4.0,2.8,12,biased,avg,0.4545,1
0.7,4.0,2.8,12,biased,irt,0.9879,0
0.7,4.0,2.8,12,mcar,avg,0.8788,0
0.7,4.0,2.8,13,biased,avg,0.7939,0
0.7,4.0,2.8,13,biased,irt,1.0,0
0.7,4.0,2.8,13,mcar,avg,0.8909,0
0.7,4.0,2.8,14,biased,avg,0.8061,1
0.7,4.0,2.8,14,biased,irt,0.9879,0
0.7,4.0,2.8,14,mcar,avg,0.8788,0
0.7,4.5,3.15,0,biased,avg,0.503,0
0.7,4.5,3.15,0,biased,irt,0.9879,0
0.7,4.5,3.15,0,mcar,avg,0.9301,1
0.7,4.5,3.15,1,biased,avg,0.6,0
0.7,4.5,3.15,1,biased,irt,1.0,0
0.7,4.5,3.15,1,mcar,avg,0.7212,0
0.7,4.5,3.15,2,biased,avg,0.6848,0
0.7,4.5,3.15,2,biased,irt,0.9879,0
0.7,4.5,3.15,2,mcar,avg,0.7455,1
0.7,4.5,3.15,3,biased,avg,0.4788,1
0.7,4.5,3.15,3,biased,irt,0.9879,0
0.7,4.5,3.15,3,mcar,avg,0.8424,1
0.7,4.5,3.15,4,biased,avg,0.4788,1
0.7,4.5,3.15,4,biased,irt,0.9879,0
0.7,4.5,3.15,4,mcar,avg,0.8788,0
0.7,4.5,3.15,5,biased,avg,0.7112,1
0.7,4.5,3.15,5,biased,irt,1.0,0
0.7,4.5,3.15,5,mcar,avg,0.5636,1
0.7,4.5,3.15,6,biased,avg,0.6242,1
0.7,4.5,3.15,6,biased,irt,1.0,0
0.7,4.5,3.15,6,mcar,avg,0.5289,1
0.7,4.5,3.15,7,biased,avg,0.7455,0
0.7,4.5,3.15,7,biased,irt,0.9879,0
0.7,4.5,3.15,7,mcar,avg,0.7697,0
0.7,4.5,3.15,8,biased,avg,0.3455,1
0.7,4.5,3.15,8,biased,irt,0.9879,0
0.7,4.5,3.15,8,mcar,avg,0.8303,1
0.7,4.5,3.15,9,biased,avg,0.6848,1
0.7,4.5,3.15,9,biased,irt,0.9879,0
0.7,4.5,3.15,9,mcar,avg,0.8667,0
0.7,4.5,3.15,10,biased,avg,0.7212,0
0.7,4.5,3.15,10,biased,irt,1.0,0
0.7,4.5,3.15,10,mcar,avg,0.7333,0
0.7,4.5,3.15,11,biased,avg,0.5654,1
0.7,4.5,3.15,11,biased,irt,1.0,0
0.7,4.5,3.15,11,mcar,avg,0.8182,0
0.7,4.5,3.15,12,biased,avg,0.5515,1
0.7,4.5,3.15,12,biased,irt,1.0,0
0.7,4.5,3.15,12,mcar,avg,0.903,0
0.7,4.5,3.15,13,biased,avg,0.4424,0
0.7,4.5,3.15,13,biased,irt,1.0,0
0.7,4.5,3.15,13,mcar,avg,0.8303,0
0.7,4.5,3.15,14,biased,avg,0.5515,0
0.7,4.5,3.15,14,biased,irt,1.0,0
0.7,4.5,3.15,14,mcar,avg,0.5879,1
0.7,5.0,3.5,0,biased,avg,0.0973,1
0.7,5.0,3.5,0,biased,irt,1.0,0
0.7,5.0,3.5,0,mcar,avg,0.8182,0
0.7,5.0,3.5,1,biased,avg,0.2727,1
0.7,5.0,3.5,1,biased,irt,1.0,0
0.7,5.0,3.5,1,mcar,avg,0.8303,0
0.7,5.0,3.5,2,biased,avg,0.2242,0
0.7,5.0,3.5,2,biased,irt,1.0,0
0.7,5.0,3.5,2,mcar,avg,0.7576,0
0.7,5.0,3.5,3,biased,avg,0.1394,1
0.7,5.0,3.5,3,biased,irt,1.0,0
0.7,5.0,3.5,3,mcar,avg,0.8182,0
0.7,5.0,3.5,4,biased,avg,0.1152,1
0.7,5.0,3.5,4,biased,irt,1.0,0
0.7,5.0,3.5,4,mcar,avg,0.6727,0
0.7,5.0,3.5,5,biased,avg,0.297,1
0.7,5.0,3.5,5,biased,irt,1.0,0
0.7,5.0,3.5,5,mcar,avg,0.7212,1
0.7,5.0,3.5,6,biased,avg,0.1152,1
0.7,5.0,3.5,6,biased,irt,1.0,0
0.7,5.0,3.5,6,mcar,avg,0.9515,0
0.7,5.0,3.5,7,biased,avg,0.103,1
0.7,5.0,3.5,7,biased,irt,0.9879,0
0.7,5.0,3.5,7,mcar,avg,0.9273,1
0.7,5.0,3.5,8,biased,avg,0.5394,1
0.7,5.0,3.5,8,biased,irt,1.0,0
0.7,5.0,3.5,8,mcar,avg,0.8788,1
0.7,5.0,3.5,9,biased,avg,0.2242,0
0.7,5.0,3.5,9,biased,irt,1.0,0
0.7,5.0,3.5,9,mcar,avg,0.9515,1
0.7,5.0,3.5,10,biased,avg,0.1515,0
0.7,5.0,3.5,10,biased,irt,0.9758,0
0.7,5.0,3.5,10,mcar,avg,0.7455,0
0.7,5.0,3.5,11,biased,avg,0.6,1
0.7,5.0,3.5,11,biased,irt,0.9879,0
0.7,5.0,3.5,11,mcar,avg,0.9394,0
0.7,5.0,3.5,12,biased,avg,0.297,1
0.7,5.0,3.5,12,biased,irt,1.0,0
0.7,5.0,3.5,12,mcar,avg,0.8788,0
0.7,5.0,3.5,13,biased,avg,0.2606,1
0.7,5.0,3.5,13,biased,irt,1.0,0
0.7,5.0,3.5,13,mcar,avg,0.9152,0
0.7,5.0,3.5,14,biased,avg,0.2,0
0.7,5.0,3.5,14,biased,irt,1.0,0
0.7,5.0,3.5,14,mcar,avg,0.9394,0
